episode,reward,steps,epsilon,alpha,is_slippery,seed,backend
1,0.0,7,1.0,0.1,True,0,native
2,0.0,24,0.995,0.1,True,0,native
3,0.0,35,0.990025,0.1,True,0,native
4,0.0,30,0.985074875,0.1,True,0,native
5,0.0,7,0.9801495006250001,0.1,True,0,native
6,0.0,12,0.9752487531218751,0.1,True,0,native
7,1.0,28,0.9703725093562657,0.1,True,0,native
8,0.0,35,0.9655206468094844,0.1,True,0,native
9,0.0,17,0.960693043575437,0.1,True,0,native
10,0.0,15,0.9558895783575597,0.1,True,0,native
11,0.0,18,0.9511101304657719,0.1,True,0,native
12,0.0,13,0.946354579813443,0.1,True,0,native
13,0.0,55,0.9416228069143757,0.1,True,0,native
14,0.0,16,0.9369146928798039,0.1,True,0,native
15,0.0,14,0.9322301194154049,0.1,True,0,native
16,0.0,5,0.9275689688183278,0.1,True,0,native
17,0.0,23,0.9229311239742362,0.1,True,0,native
18,0.0,12,0.918316468354365,0.1,True,0,native
19,0.0,6,0.9137248860125932,0.1,True,0,native
20,0.0,31,0.9091562615825302,0.1,True,0,native
21,0.0,8,0.9046104802746175,0.1,True,0,native
22,0.0,100,0.9000874278732445,0.1,True,0,native
23,0.0,22,0.8955869907338783,0.1,True,0,native
24,0.0,15,0.8911090557802088,0.1,True,0,native
25,0.0,35,0.8866535105013078,0.1,True,0,native
26,0.0,28,0.8822202429488013,0.1,True,0,native
27,0.0,10,0.8778091417340573,0.1,True,0,native
28,0.0,21,0.8734200960253871,0.1,True,0,native
29,0.0,39,0.8690529955452602,0.1,True,0,native
30,0.0,35,0.8647077305675338,0.1,True,0,native
31,0.0,59,0.8603841919146962,0.1,True,0,native
32,0.0,33,0.8560822709551227,0.1,True,0,native
33,0.0,19,0.851801859600347,0.1,True,0,native
34,0.0,7,0.8475428503023453,0.1,True,0,native
35,0.0,9,0.8433051360508336,0.1,True,0,native
36,0.0,17,0.8390886103705794,0.1,True,0,native
37,0.0,28,0.8348931673187264,0.1,True,0,native
38,0.0,30,0.8307187014821328,0.1,True,0,native
39,0.0,98,0.8265651079747222,0.1,True,0,native
40,0.0,22,0.8224322824348486,0.1,True,0,native
41,0.0,20,0.8183201210226743,0.1,True,0,native
42,0.0,35,0.8142285204175609,0.1,True,0,native
43,0.0,5,0.810157377815473,0.1,True,0,native
44,0.0,15,0.8061065909263957,0.1,True,0,native
45,0.0,9,0.8020760579717637,0.1,True,0,native
46,0.0,8,0.798065677681905,0.1,True,0,native
47,0.0,37,0.7940753492934954,0.1,True,0,native
48,1.0,17,0.7901049725470279,0.1,True,0,native
49,0.0,6,0.7861544476842928,0.1,True,0,native
50,0.0,12,0.7822236754458713,0.1,True,0,native
51,0.0,20,0.778312557068642,0.1,True,0,native
52,0.0,23,0.7744209942832988,0.1,True,0,native
53,0.0,55,0.7705488893118823,0.1,True,0,native
54,0.0,33,0.7666961448653229,0.1,True,0,native
55,0.0,10,0.7628626641409962,0.1,True,0,native
56,0.0,39,0.7590483508202912,0.1,True,0,native
57,0.0,66,0.7552531090661897,0.1,True,0,native
58,0.0,31,0.7514768435208588,0.1,True,0,native
59,0.0,25,0.7477194593032545,0.1,True,0,native
60,0.0,40,0.7439808620067382,0.1,True,0,native
61,0.0,39,0.7402609576967045,0.1,True,0,native
62,0.0,28,0.736559652908221,0.1,True,0,native
63,0.0,16,0.7328768546436799,0.1,True,0,native
64,0.0,21,0.7292124703704616,0.1,True,0,native
65,1.0,17,0.7255664080186093,0.1,True,0,native
66,0.0,31,0.7219385759785162,0.1,True,0,native
67,0.0,23,0.7183288830986236,0.1,True,0,native
68,0.0,14,0.7147372386831305,0.1,True,0,native
69,0.0,26,0.7111635524897149,0.1,True,0,native
70,0.0,14,0.7076077347272662,0.1,True,0,native
71,0.0,7,0.7040696960536299,0.1,True,0,native
72,1.0,21,0.7005493475733617,0.1,True,0,native
73,0.0,25,0.697046600835495,0.1,True,0,native
74,0.0,4,0.6935613678313175,0.1,True,0,native
75,0.0,25,0.6900935609921609,0.1,True,0,native
76,0.0,47,0.6866430931872001,0.1,True,0,native
77,0.0,35,0.6832098777212641,0.1,True,0,native
78,0.0,31,0.6797938283326578,0.1,True,0,native
79,1.0,23,0.6763948591909945,0.1,True,0,native
80,0.0,24,0.6730128848950395,0.1,True,0,native
81,0.0,28,0.6696478204705644,0.1,True,0,native
82,0.0,4,0.6662995813682115,0.1,True,0,native
83,0.0,5,0.6629680834613705,0.1,True,0,native
84,0.0,12,0.6596532430440636,0.1,True,0,native
85,0.0,11,0.6563549768288433,0.1,True,0,native
86,0.0,5,0.653073201944699,0.1,True,0,native
87,0.0,10,0.6498078359349755,0.1,True,0,native
88,0.0,57,0.6465587967553006,0.1,True,0,native
89,0.0,5,0.6433260027715241,0.1,True,0,native
90,1.0,16,0.6401093727576664,0.1,True,0,native
91,0.0,9,0.6369088258938781,0.1,True,0,native
92,0.0,38,0.6337242817644086,0.1,True,0,native
93,0.0,15,0.6305556603555866,0.1,True,0,native
94,0.0,77,0.6274028820538087,0.1,True,0,native
95,0.0,18,0.6242658676435396,0.1,True,0,native
96,1.0,20,0.6211445383053219,0.1,True,0,native
97,0.0,18,0.6180388156137953,0.1,True,0,native
98,0.0,10,0.6149486215357263,0.1,True,0,native
99,0.0,20,0.6118738784280476,0.1,True,0,native
100,0.0,20,0.6088145090359074,0.1,True,0,native
101,0.0,10,0.6057704364907278,0.1,True,0,native
102,0.0,44,0.6027415843082742,0.1,True,0,native
103,0.0,9,0.5997278763867329,0.1,True,0,native
104,0.0,58,0.5967292370047992,0.1,True,0,native
105,1.0,23,0.5937455908197752,0.1,True,0,native
106,0.0,28,0.5907768628656763,0.1,True,0,native
107,0.0,13,0.5878229785513479,0.1,True,0,native
108,0.0,12,0.5848838636585911,0.1,True,0,native
109,0.0,7,0.5819594443402982,0.1,True,0,native
110,1.0,34,0.5790496471185967,0.1,True,0,native
111,0.0,14,0.5761543988830038,0.1,True,0,native
112,0.0,8,0.5732736268885887,0.1,True,0,native
113,0.0,26,0.5704072587541458,0.1,True,0,native
114,0.0,25,0.567555222460375,0.1,True,0,native
115,0.0,10,0.5647174463480732,0.1,True,0,native
116,0.0,5,0.5618938591163328,0.1,True,0,native
117,0.0,18,0.5590843898207511,0.1,True,0,native
118,0.0,15,0.5562889678716474,0.1,True,0,native
119,0.0,20,0.5535075230322891,0.1,True,0,native
120,0.0,16,0.5507399854171277,0.1,True,0,native
121,0.0,4,0.547986285490042,0.1,True,0,native
122,1.0,23,0.5452463540625918,0.1,True,0,native
123,0.0,25,0.5425201222922789,0.1,True,0,native
124,0.0,24,0.5398075216808175,0.1,True,0,native
125,0.0,9,0.5371084840724134,0.1,True,0,native
126,0.0,14,0.5344229416520513,0.1,True,0,native
127,0.0,24,0.531750826943791,0.1,True,0,native
128,0.0,7,0.5290920728090721,0.1,True,0,native
129,0.0,24,0.5264466124450268,0.1,True,0,native
130,1.0,13,0.5238143793828016,0.1,True,0,native
131,0.0,17,0.5211953074858876,0.1,True,0,native
132,0.0,5,0.5185893309484582,0.1,True,0,native
133,0.0,4,0.5159963842937159,0.1,True,0,native
134,0.0,34,0.5134164023722473,0.1,True,0,native
135,0.0,26,0.510849320360386,0.1,True,0,native
136,0.0,84,0.5082950737585841,0.1,True,0,native
137,0.0,59,0.5057535983897912,0.1,True,0,native
138,0.0,39,0.5032248303978422,0.1,True,0,native
139,1.0,35,0.500708706245853,0.1,True,0,native
140,0.0,18,0.4982051627146237,0.1,True,0,native
141,0.0,38,0.49571413690105054,0.1,True,0,native
142,0.0,39,0.4932355662165453,0.1,True,0,native
143,0.0,37,0.4907693883854626,0.1,True,0,native
144,0.0,5,0.4883155414435353,0.1,True,0,native
145,0.0,9,0.4858739637363176,0.1,True,0,native
146,0.0,59,0.483444593917636,0.1,True,0,native
147,1.0,31,0.4810273709480478,0.1,True,0,native
148,0.0,11,0.47862223409330756,0.1,True,0,native
149,0.0,13,0.47622912292284103,0.1,True,0,native
150,0.0,20,0.4738479773082268,0.1,True,0,native
151,0.0,15,0.47147873742168567,0.1,True,0,native
152,0.0,53,0.46912134373457726,0.1,True,0,native
153,0.0,21,0.46677573701590436,0.1,True,0,native
154,0.0,20,0.46444185833082485,0.1,True,0,native
155,1.0,23,0.46211964903917074,0.1,True,0,native
156,0.0,7,0.4598090507939749,0.1,True,0,native
157,0.0,23,0.457510005540005,0.1,True,0,native
158,1.0,44,0.45522245551230495,0.1,True,0,native
159,0.0,19,0.4529463432347434,0.1,True,0,native
160,0.0,20,0.4506816115185697,0.1,True,0,native
161,0.0,21,0.4484282034609769,0.1,True,0,native
162,1.0,17,0.446186062443672,0.1,True,0,native
163,0.0,6,0.4439551321314536,0.1,True,0,native
164,1.0,64,0.4417353564707963,0.1,True,0,native
165,0.0,17,0.43952667968844233,0.1,True,0,native
166,0.0,51,0.43732904629000013,0.1,True,0,native
167,0.0,30,0.4351424010585501,0.1,True,0,native
168,0.0,4,0.43296668905325736,0.1,True,0,native
169,0.0,32,0.43080185560799106,0.1,True,0,native
170,0.0,17,0.4286478463299511,0.1,True,0,native
171,0.0,11,0.42650460709830135,0.1,True,0,native
172,0.0,28,0.42437208406280985,0.1,True,0,native
173,0.0,31,0.4222502236424958,0.1,True,0,native
174,0.0,25,0.42013897252428334,0.1,True,0,native
175,0.0,38,0.4180382776616619,0.1,True,0,native
176,0.0,20,0.4159480862733536,0.1,True,0,native
177,0.0,5,0.41386834584198684,0.1,True,0,native
178,0.0,10,0.4117990041127769,0.1,True,0,native
179,0.0,12,0.40974000909221303,0.1,True,0,native
180,0.0,17,0.40769130904675194,0.1,True,0,native
181,1.0,17,0.40565285250151817,0.1,True,0,native
182,0.0,9,0.4036245882390106,0.1,True,0,native
183,0.0,93,0.4016064652978155,0.1,True,0,native
184,0.0,23,0.3995984329713264,0.1,True,0,native
185,1.0,29,0.3976004408064698,0.1,True,0,native
186,0.0,52,0.39561243860243744,0.1,True,0,native
187,0.0,12,0.3936343764094253,0.1,True,0,native
188,0.0,42,0.39166620452737816,0.1,True,0,native
189,0.0,9,0.3897078735047413,0.1,True,0,native
190,0.0,5,0.3877593341372176,0.1,True,0,native
191,0.0,20,0.3858205374665315,0.1,True,0,native
192,0.0,43,0.38389143477919885,0.1,True,0,native
193,0.0,30,0.3819719776053028,0.1,True,0,native
194,0.0,44,0.3800621177172763,0.1,True,0,native
195,0.0,4,0.37816180712868996,0.1,True,0,native
196,1.0,54,0.37627099809304654,0.1,True,0,native
197,0.0,37,0.3743896431025813,0.1,True,0,native
198,1.0,46,0.37251769488706843,0.1,True,0,native
199,1.0,17,0.3706551064126331,0.1,True,0,native
200,0.0,27,0.36880183088056995,0.1,True,0,native
201,0.0,33,0.3669578217261671,0.1,True,0,native
202,0.0,10,0.36512303261753626,0.1,True,0,native
203,0.0,25,0.3632974174544486,0.1,True,0,native
204,0.0,18,0.3614809303671764,0.1,True,0,native
205,0.0,12,0.3596735257153405,0.1,True,0,native
206,0.0,41,0.3578751580867638,0.1,True,0,native
207,0.0,4,0.35608578229633,0.1,True,0,native
208,1.0,62,0.3543053533848483,0.1,True,0,native
209,0.0,19,0.35253382661792404,0.1,True,0,native
210,0.0,73,0.3507711574848344,0.1,True,0,native
211,0.0,19,0.34901730169741024,0.1,True,0,native
212,0.0,79,0.3472722151889232,0.1,True,0,native
213,0.0,6,0.3455358541129786,0.1,True,0,native
214,0.0,59,0.3438081748424137,0.1,True,0,native
215,1.0,26,0.3420891339682016,0.1,True,0,native
216,1.0,23,0.3403786882983606,0.1,True,0,native
217,1.0,42,0.3386767948568688,0.1,True,0,native
218,1.0,33,0.33698341088258443,0.1,True,0,native
219,0.0,25,0.3352984938281715,0.1,True,0,native
220,0.0,29,0.33362200135903064,0.1,True,0,native
221,1.0,27,0.33195389135223546,0.1,True,0,native
222,0.0,29,0.3302941218954743,0.1,True,0,native
223,1.0,33,0.32864265128599696,0.1,True,0,native
224,0.0,22,0.326999438029567,0.1,True,0,native
225,1.0,43,0.3253644408394192,0.1,True,0,native
226,0.0,17,0.3237376186352221,0.1,True,0,native
227,0.0,42,0.322118930542046,0.1,True,0,native
228,1.0,27,0.32050833588933575,0.1,True,0,native
229,0.0,9,0.31890579420988907,0.1,True,0,native
230,1.0,31,0.3173112652388396,0.1,True,0,native
231,0.0,27,0.3157247089126454,0.1,True,0,native
232,1.0,17,0.3141460853680822,0.1,True,0,native
233,0.0,14,0.3125753549412418,0.1,True,0,native
234,0.0,18,0.31101247816653554,0.1,True,0,native
235,0.0,8,0.30945741577570285,0.1,True,0,native
236,1.0,47,0.3079101286968243,0.1,True,0,native
237,1.0,18,0.3063705780533402,0.1,True,0,native
238,0.0,29,0.30483872516307353,0.1,True,0,native
239,0.0,5,0.3033145315372582,0.1,True,0,native
240,1.0,31,0.3017979588795719,0.1,True,0,native
241,0.0,4,0.30028896908517405,0.1,True,0,native
242,0.0,14,0.2987875242397482,0.1,True,0,native
243,1.0,43,0.29729358661854943,0.1,True,0,native
244,1.0,14,0.29580711868545667,0.1,True,0,native
245,0.0,14,0.2943280830920294,0.1,True,0,native
246,0.0,13,0.29285644267656924,0.1,True,0,native
247,1.0,38,0.2913921604631864,0.1,True,0,native
248,0.0,6,0.28993519966087045,0.1,True,0,native
249,0.0,14,0.2884855236625661,0.1,True,0,native
250,1.0,17,0.28704309604425327,0.1,True,0,native
251,1.0,16,0.285607880564032,0.1,True,0,native
252,1.0,19,0.28417984116121187,0.1,True,0,native
253,0.0,12,0.2827589419554058,0.1,True,0,native
254,1.0,21,0.28134514724562876,0.1,True,0,native
255,1.0,38,0.2799384215094006,0.1,True,0,native
256,0.0,13,0.27853872940185365,0.1,True,0,native
257,0.0,21,0.27714603575484437,0.1,True,0,native
258,1.0,60,0.2757603055760701,0.1,True,0,native
259,0.0,55,0.2743815040481898,0.1,True,0,native
260,0.0,6,0.2730095965279488,0.1,True,0,native
261,0.0,8,0.27164454854530906,0.1,True,0,native
262,0.0,13,0.2702863258025825,0.1,True,0,native
263,1.0,33,0.2689348941735696,0.1,True,0,native
264,0.0,35,0.26759021970270175,0.1,True,0,native
265,0.0,20,0.2662522686041882,0.1,True,0,native
266,1.0,30,0.2649210072611673,0.1,True,0,native
267,0.0,21,0.26359640222486147,0.1,True,0,native
268,1.0,31,0.26227842021373715,0.1,True,0,native
269,0.0,15,0.2609670281126685,0.1,True,0,native
270,0.0,19,0.25966219297210513,0.1,True,0,native
271,0.0,10,0.2583638820072446,0.1,True,0,native
272,0.0,6,0.2570720625972084,0.1,True,0,native
273,0.0,22,0.25578670228422234,0.1,True,0,native
274,0.0,5,0.25450776877280124,0.1,True,0,native
275,0.0,7,0.2532352299289372,0.1,True,0,native
276,0.0,5,0.2519690537792925,0.1,True,0,native
277,0.0,34,0.2507092085103961,0.1,True,0,native
278,1.0,53,0.2494556624678441,0.1,True,0,native
279,0.0,12,0.24820838415550486,0.1,True,0,native
280,1.0,46,0.24696734223472733,0.1,True,0,native
281,0.0,23,0.2457325055235537,0.1,True,0,native
282,1.0,37,0.24450384299593592,0.1,True,0,native
283,1.0,28,0.24328132378095624,0.1,True,0,native
284,0.0,14,0.24206491716205145,0.1,True,0,native
285,0.0,8,0.2408545925762412,0.1,True,0,native
286,1.0,20,0.23965031961336,0.1,True,0,native
287,1.0,17,0.2384520680152932,0.1,True,0,native
288,0.0,17,0.23725980767521673,0.1,True,0,native
289,0.0,7,0.23607350863684065,0.1,True,0,native
290,0.0,16,0.23489314109365644,0.1,True,0,native
291,1.0,19,0.23371867538818816,0.1,True,0,native
292,1.0,34,0.23255008201124722,0.1,True,0,native
293,1.0,19,0.231387331601191,0.1,True,0,native
294,0.0,18,0.23023039494318503,0.1,True,0,native
295,0.0,12,0.2290792429684691,0.1,True,0,native
296,1.0,45,0.22793384675362674,0.1,True,0,native
297,0.0,10,0.22679417751985861,0.1,True,0,native
298,1.0,13,0.22566020663225933,0.1,True,0,native
299,0.0,16,0.22453190559909803,0.1,True,0,native
300,1.0,35,0.22340924607110255,0.1,True,0,native
301,1.0,40,0.22229219984074702,0.1,True,0,native
302,1.0,22,0.2211807388415433,0.1,True,0,native
303,1.0,44,0.22007483514733558,0.1,True,0,native
304,1.0,22,0.2189744609715989,0.1,True,0,native
305,1.0,34,0.2178795886667409,0.1,True,0,native
306,1.0,15,0.2167901907234072,0.1,True,0,native
307,0.0,9,0.21570623976979014,0.1,True,0,native
308,0.0,65,0.21462770857094118,0.1,True,0,native
309,0.0,10,0.21355457002808648,0.1,True,0,native
310,1.0,28,0.21248679717794605,0.1,True,0,native
311,0.0,18,0.21142436319205632,0.1,True,0,native
312,0.0,9,0.21036724137609603,0.1,True,0,native
313,0.0,13,0.20931540516921554,0.1,True,0,native
314,0.0,11,0.20826882814336947,0.1,True,0,native
315,0.0,81,0.20722748400265262,0.1,True,0,native
316,1.0,18,0.20619134658263935,0.1,True,0,native
317,0.0,26,0.20516038984972615,0.1,True,0,native
318,1.0,46,0.2041345879004775,0.1,True,0,native
319,1.0,30,0.2031139149609751,0.1,True,0,native
320,0.0,12,0.20209834538617025,0.1,True,0,native
321,1.0,41,0.2010878536592394,0.1,True,0,native
322,0.0,14,0.2000824143909432,0.1,True,0,native
323,1.0,33,0.19908200231898848,0.1,True,0,native
324,1.0,31,0.19808659230739353,0.1,True,0,native
325,1.0,12,0.19709615934585656,0.1,True,0,native
326,1.0,23,0.19611067854912728,0.1,True,0,native
327,1.0,8,0.19513012515638165,0.1,True,0,native
328,1.0,19,0.19415447453059972,0.1,True,0,native
329,1.0,36,0.19318370215794672,0.1,True,0,native
330,1.0,20,0.192217783647157,0.1,True,0,native
331,1.0,13,0.1912566947289212,0.1,True,0,native
332,0.0,16,0.1903004112552766,0.1,True,0,native
333,1.0,38,0.18934890919900021,0.1,True,0,native
334,1.0,51,0.18840216465300522,0.1,True,0,native
335,0.0,14,0.18746015382974018,0.1,True,0,native
336,0.0,8,0.1865228530605915,0.1,True,0,native
337,0.0,4,0.18559023879528855,0.1,True,0,native
338,1.0,63,0.1846622876013121,0.1,True,0,native
339,0.0,20,0.18373897616330553,0.1,True,0,native
340,1.0,50,0.182820281282489,0.1,True,0,native
341,0.0,19,0.18190617987607657,0.1,True,0,native
342,0.0,6,0.18099664897669618,0.1,True,0,native
343,0.0,4,0.1800916657318127,0.1,True,0,native
344,1.0,25,0.17919120740315364,0.1,True,0,native
345,0.0,8,0.17829525136613786,0.1,True,0,native
346,1.0,21,0.17740377510930716,0.1,True,0,native
347,0.0,43,0.17651675623376062,0.1,True,0,native
348,1.0,25,0.1756341724525918,0.1,True,0,native
349,1.0,55,0.17475600159032884,0.1,True,0,native
350,1.0,44,0.17388222158237718,0.1,True,0,native
351,1.0,30,0.1730128104744653,0.1,True,0,native
352,1.0,18,0.17214774642209296,0.1,True,0,native
353,0.0,18,0.1712870076899825,0.1,True,0,native
354,0.0,51,0.17043057265153258,0.1,True,0,native
355,0.0,4,0.16957841978827493,0.1,True,0,native
356,1.0,21,0.16873052768933355,0.1,True,0,native
357,0.0,4,0.1678868750508869,0.1,True,0,native
358,1.0,20,0.16704744067563246,0.1,True,0,native
359,0.0,33,0.1662122034722543,0.1,True,0,native
360,1.0,15,0.16538114245489302,0.1,True,0,native
361,0.0,6,0.16455423674261854,0.1,True,0,native
362,1.0,21,0.16373146555890544,0.1,True,0,native
363,1.0,58,0.16291280823111093,0.1,True,0,native
364,1.0,22,0.16209824418995536,0.1,True,0,native
365,0.0,17,0.16128775296900558,0.1,True,0,native
366,0.0,22,0.16048131420416054,0.1,True,0,native
367,1.0,23,0.15967890763313974,0.1,True,0,native
368,1.0,34,0.15888051309497406,0.1,True,0,native
369,1.0,13,0.1580861105294992,0.1,True,0,native
370,0.0,24,0.1572956799768517,0.1,True,0,native
371,0.0,16,0.15650920157696743,0.1,True,0,native
372,1.0,27,0.1557266555690826,0.1,True,0,native
373,1.0,27,0.1549480222912372,0.1,True,0,native
374,1.0,26,0.15417328217978102,0.1,True,0,native
375,0.0,22,0.1534024157688821,0.1,True,0,native
376,1.0,24,0.1526354036900377,0.1,True,0,native
377,0.0,8,0.1518722266715875,0.1,True,0,native
378,1.0,38,0.15111286553822956,0.1,True,0,native
379,1.0,32,0.15035730121053842,0.1,True,0,native
380,0.0,40,0.14960551470448571,0.1,True,0,native
381,0.0,23,0.14885748713096328,0.1,True,0,native
382,1.0,49,0.14811319969530845,0.1,True,0,native
383,1.0,17,0.1473726336968319,0.1,True,0,native
384,1.0,31,0.14663577052834775,0.1,True,0,native
385,1.0,44,0.14590259167570602,0.1,True,0,native
386,1.0,33,0.1451730787173275,0.1,True,0,native
387,0.0,6,0.14444721332374086,0.1,True,0,native
388,1.0,28,0.14372497725712216,0.1,True,0,native
389,1.0,24,0.14300635237083656,0.1,True,0,native
390,0.0,16,0.14229132060898236,0.1,True,0,native
391,1.0,30,0.14157986400593744,0.1,True,0,native
392,0.0,19,0.14087196468590776,0.1,True,0,native
393,0.0,9,0.14016760486247823,0.1,True,0,native
394,1.0,32,0.13946676683816583,0.1,True,0,native
395,0.0,43,0.138769433003975,0.1,True,0,native
396,0.0,35,0.13807558583895513,0.1,True,0,native
397,1.0,45,0.13738520790976036,0.1,True,0,native
398,1.0,15,0.13669828187021155,0.1,True,0,native
399,0.0,39,0.13601479046086049,0.1,True,0,native
400,0.0,7,0.1353347165085562,0.1,True,0,native
401,1.0,37,0.1346580429260134,0.1,True,0,native
402,1.0,26,0.13398475271138335,0.1,True,0,native
403,1.0,35,0.13331482894782642,0.1,True,0,native
404,1.0,70,0.13264825480308728,0.1,True,0,native
405,1.0,79,0.13198501352907185,0.1,True,0,native
406,1.0,24,0.1313250884614265,0.1,True,0,native
407,0.0,11,0.13066846301911936,0.1,True,0,native
408,0.0,4,0.13001512070402377,0.1,True,0,native
409,0.0,11,0.12936504510050365,0.1,True,0,native
410,0.0,100,0.12871821987500112,0.1,True,0,native
411,1.0,34,0.12807462877562611,0.1,True,0,native
412,0.0,7,0.12743425563174798,0.1,True,0,native
413,1.0,30,0.12679708435358925,0.1,True,0,native
414,1.0,29,0.1261630989318213,0.1,True,0,native
415,0.0,40,0.1255322834371622,0.1,True,0,native
416,1.0,23,0.12490462201997637,0.1,True,0,native
417,1.0,57,0.1242800989098765,0.1,True,0,native
418,1.0,50,0.12365869841532712,0.1,True,0,native
419,1.0,18,0.12304040492325048,0.1,True,0,native
420,1.0,17,0.12242520289863423,0.1,True,0,native
421,0.0,4,0.12181307688414106,0.1,True,0,native
422,1.0,34,0.12120401149972035,0.1,True,0,native
423,1.0,25,0.12059799144222175,0.1,True,0,native
424,1.0,42,0.11999500148501063,0.1,True,0,native
425,1.0,26,0.11939502647758558,0.1,True,0,native
426,1.0,20,0.11879805134519765,0.1,True,0,native
427,0.0,21,0.11820406108847166,0.1,True,0,native
428,1.0,22,0.1176130407830293,0.1,True,0,native
429,0.0,34,0.11702497557911415,0.1,True,0,native
430,0.0,33,0.11643985070121858,0.1,True,0,native
431,0.0,54,0.11585765144771248,0.1,True,0,native
432,0.0,32,0.11527836319047392,0.1,True,0,native
433,1.0,55,0.11470197137452155,0.1,True,0,native
434,0.0,22,0.11412846151764894,0.1,True,0,native
435,1.0,19,0.1135578192100607,0.1,True,0,native
436,1.0,47,0.11299003011401039,0.1,True,0,native
437,1.0,36,0.11242507996344034,0.1,True,0,native
438,1.0,53,0.11186295456362313,0.1,True,0,native
439,1.0,23,0.11130363979080501,0.1,True,0,native
440,1.0,64,0.11074712159185099,0.1,True,0,native
441,0.0,16,0.11019338598389174,0.1,True,0,native
442,0.0,8,0.10964241905397228,0.1,True,0,native
443,0.0,11,0.10909420695870241,0.1,True,0,native
444,0.0,15,0.1085487359239089,0.1,True,0,native
445,1.0,18,0.10800599224428936,0.1,True,0,native
446,0.0,5,0.10746596228306791,0.1,True,0,native
447,1.0,45,0.10692863247165257,0.1,True,0,native
448,0.0,43,0.1063939893092943,0.1,True,0,native
449,0.0,5,0.10586201936274783,0.1,True,0,native
450,0.0,14,0.10533270926593409,0.1,True,0,native
451,1.0,32,0.10480604571960442,0.1,True,0,native
452,0.0,5,0.1042820154910064,0.1,True,0,native
453,1.0,18,0.10376060541355137,0.1,True,0,native
454,0.0,8,0.1032418023864836,0.1,True,0,native
455,0.0,45,0.10272559337455119,0.1,True,0,native
456,1.0,30,0.10221196540767843,0.1,True,0,native
457,0.0,11,0.10170090558064004,0.1,True,0,native
458,1.0,40,0.10119240105273684,0.1,True,0,native
459,1.0,13,0.10068643904747315,0.1,True,0,native
460,1.0,44,0.10018300685223579,0.1,True,0,native
461,1.0,32,0.0996820918179746,0.1,True,0,native
462,1.0,13,0.09918368135888474,0.1,True,0,native
463,0.0,49,0.09868776295209031,0.1,True,0,native
464,0.0,23,0.09819432413732986,0.1,True,0,native
465,0.0,5,0.09770335251664321,0.1,True,0,native
466,1.0,26,0.09721483575406,0.1,True,0,native
467,1.0,51,0.09672876157528969,0.1,True,0,native
468,1.0,42,0.09624511776741324,0.1,True,0,native
469,1.0,17,0.09576389217857617,0.1,True,0,native
470,1.0,15,0.09528507271768329,0.1,True,0,native
471,1.0,31,0.09480864735409487,0.1,True,0,native
472,0.0,28,0.0943346041173244,0.1,True,0,native
473,1.0,25,0.09386293109673778,0.1,True,0,native
474,1.0,35,0.09339361644125409,0.1,True,0,native
475,0.0,6,0.09292664835904782,0.1,True,0,native
476,1.0,62,0.09246201511725258,0.1,True,0,native
477,1.0,16,0.09199970504166631,0.1,True,0,native
478,0.0,9,0.09153970651645797,0.1,True,0,native
479,1.0,52,0.09108200798387568,0.1,True,0,native
480,1.0,29,0.0906265979439563,0.1,True,0,native
481,0.0,12,0.09017346495423652,0.1,True,0,native
482,0.0,4,0.08972259762946533,0.1,True,0,native
483,0.0,4,0.089273984641318,0.1,True,0,native
484,0.0,24,0.0888276147181114,0.1,True,0,native
485,1.0,37,0.08838347664452084,0.1,True,0,native
486,0.0,6,0.08794155926129824,0.1,True,0,native
487,0.0,4,0.08750185146499175,0.1,True,0,native
488,1.0,33,0.08706434220766679,0.1,True,0,native
489,1.0,21,0.08662902049662846,0.1,True,0,native
490,1.0,34,0.08619587539414532,0.1,True,0,native
491,1.0,18,0.08576489601717459,0.1,True,0,native
492,1.0,42,0.08533607153708872,0.1,True,0,native
493,0.0,16,0.08490939117940327,0.1,True,0,native
494,1.0,23,0.08448484422350626,0.1,True,0,native
495,1.0,18,0.08406242000238873,0.1,True,0,native
496,0.0,66,0.08364210790237678,0.1,True,0,native
497,1.0,54,0.0832238973628649,0.1,True,0,native
498,1.0,22,0.08280777787605056,0.1,True,0,native
499,0.0,12,0.08239373898667031,0.1,True,0,native
500,1.0,23,0.08198177029173696,0.1,True,0,native
501,1.0,33,0.08157186144027828,0.1,True,0,native
502,1.0,34,0.0811640021330769,0.1,True,0,native
503,1.0,23,0.08075818212241151,0.1,True,0,native
504,1.0,29,0.08035439121179945,0.1,True,0,native
505,1.0,44,0.07995261925574046,0.1,True,0,native
506,1.0,31,0.07955285615946175,0.1,True,0,native
507,1.0,33,0.07915509187866444,0.1,True,0,native
508,0.0,10,0.07875931641927113,0.1,True,0,native
509,1.0,23,0.07836551983717477,0.1,True,0,native
510,0.0,7,0.07797369223798889,0.1,True,0,native
511,0.0,6,0.07758382377679894,0.1,True,0,native
512,0.0,10,0.07719590465791494,0.1,True,0,native
513,0.0,36,0.07680992513462537,0.1,True,0,native
514,1.0,35,0.07642587550895225,0.1,True,0,native
515,1.0,52,0.07604374613140748,0.1,True,0,native
516,0.0,6,0.07566352740075044,0.1,True,0,native
517,1.0,22,0.07528520976374668,0.1,True,0,native
518,0.0,11,0.07490878371492794,0.1,True,0,native
519,0.0,19,0.0745342397963533,0.1,True,0,native
520,1.0,18,0.07416156859737154,0.1,True,0,native
521,1.0,46,0.07379076075438468,0.1,True,0,native
522,1.0,55,0.07342180695061275,0.1,True,0,native
523,1.0,26,0.07305469791585968,0.1,True,0,native
524,1.0,63,0.07268942442628039,0.1,True,0,native
525,1.0,44,0.07232597730414898,0.1,True,0,native
526,1.0,11,0.07196434741762824,0.1,True,0,native
527,1.0,20,0.0716045256805401,0.1,True,0,native
528,1.0,15,0.0712465030521374,0.1,True,0,native
529,1.0,19,0.0708902705368767,0.1,True,0,native
530,1.0,25,0.07053581918419231,0.1,True,0,native
531,1.0,60,0.07018314008827135,0.1,True,0,native
532,1.0,76,0.06983222438783,0.1,True,0,native
533,1.0,14,0.06948306326589085,0.1,True,0,native
534,1.0,96,0.0691356479495614,0.1,True,0,native
535,1.0,11,0.06878996970981359,0.1,True,0,native
536,1.0,37,0.06844601986126451,0.1,True,0,native
537,1.0,23,0.06810378976195819,0.1,True,0,native
538,1.0,30,0.0677632708131484,0.1,True,0,native
539,1.0,33,0.06742445445908266,0.1,True,0,native
540,0.0,4,0.06708733218678724,0.1,True,0,native
541,1.0,23,0.0667518955258533,0.1,True,0,native
542,1.0,18,0.06641813604822402,0.1,True,0,native
543,1.0,25,0.0660860453679829,0.1,True,0,native
544,1.0,34,0.06575561514114299,0.1,True,0,native
545,0.0,43,0.06542683706543727,0.1,True,0,native
546,1.0,42,0.06509970288011008,0.1,True,0,native
547,1.0,26,0.06477420436570952,0.1,True,0,native
548,1.0,21,0.06445033334388098,0.1,True,0,native
549,1.0,12,0.06412808167716157,0.1,True,0,native
550,1.0,60,0.06380744126877576,0.1,True,0,native
551,1.0,24,0.06348840406243188,0.1,True,0,native
552,1.0,21,0.06317096204211972,0.1,True,0,native
553,1.0,17,0.06285510723190912,0.1,True,0,native
554,1.0,27,0.06254083169574957,0.1,True,0,native
555,1.0,51,0.062228127537270826,0.1,True,0,native
556,1.0,22,0.06191698689958447,0.1,True,0,native
557,1.0,13,0.061607401965086545,0.1,True,0,native
558,1.0,13,0.06129936495526111,0.1,True,0,native
559,1.0,35,0.0609928681304848,0.1,True,0,native
560,1.0,17,0.060687903789832374,0.1,True,0,native
561,1.0,38,0.06038446427088321,0.1,True,0,native
562,1.0,19,0.06008254194952879,0.1,True,0,native
563,1.0,30,0.05978212923978115,0.1,True,0,native
564,1.0,26,0.05948321859358224,0.1,True,0,native
565,1.0,28,0.05918580250061433,0.1,True,0,native
566,1.0,18,0.058889873488111255,0.1,True,0,native
567,1.0,23,0.058595424120670696,0.1,True,0,native
568,1.0,23,0.05830244700006734,0.1,True,0,native
569,1.0,33,0.058010934765067,0.1,True,0,native
570,1.0,19,0.05772088009124167,0.1,True,0,native
571,1.0,20,0.05743227569078546,0.1,True,0,native
572,1.0,43,0.05714511431233153,0.1,True,0,native
573,1.0,26,0.05685938874076987,0.1,True,0,native
574,1.0,33,0.056575091797066025,0.1,True,0,native
575,1.0,48,0.056292216338080694,0.1,True,0,native
576,1.0,53,0.05601075525639029,0.1,True,0,native
577,1.0,23,0.05573070148010834,0.1,True,0,native
578,1.0,40,0.0554520479727078,0.1,True,0,native
579,0.0,33,0.05517478773284426,0.1,True,0,native
580,0.0,31,0.05489891379418004,0.1,True,0,native
581,1.0,23,0.05462441922520914,0.1,True,0,native
582,1.0,71,0.0543512971290831,0.1,True,0,native
583,1.0,27,0.05407954064343768,0.1,True,0,native
584,1.0,18,0.05380914294022049,0.1,True,0,native
585,1.0,68,0.05354009722551939,0.1,True,0,native
586,1.0,40,0.05327239673939179,0.1,True,0,native
587,1.0,31,0.053006034755694834,0.1,True,0,native
588,0.0,77,0.052741004581916356,0.1,True,0,native
589,1.0,41,0.052477299559006776,0.1,True,0,native
590,1.0,57,0.052214913061211746,0.1,True,0,native
591,0.0,100,0.05195383849590569,0.1,True,0,native
592,1.0,21,0.05169406930342616,0.1,True,0,native
593,1.0,46,0.05143559895690903,0.1,True,0,native
594,1.0,13,0.051178420962124486,0.1,True,0,native
595,1.0,43,0.05092252885731386,0.1,True,0,native
596,1.0,34,0.05066791621302729,0.1,True,0,native
597,1.0,19,0.05041457663196215,0.1,True,0,native
598,1.0,13,0.050162503748802344,0.1,True,0,native
599,1.0,28,0.049911691230058335,0.1,True,0,native
600,1.0,46,0.04966213277390804,0.1,True,0,native
601,0.0,31,0.0494138221100385,0.1,True,0,native
602,1.0,23,0.04916675299948831,0.1,True,0,native
603,1.0,23,0.04892091923449087,0.1,True,0,native
604,1.0,50,0.04867631463831842,0.1,True,0,native
605,1.0,55,0.048432933065126825,0.1,True,0,native
606,1.0,29,0.048190768399801194,0.1,True,0,native
607,1.0,22,0.04794981455780219,0.1,True,0,native
608,1.0,69,0.04771006548501318,0.1,True,0,native
609,1.0,17,0.047471515157588115,0.1,True,0,native
610,1.0,39,0.047234157581800176,0.1,True,0,native
611,1.0,65,0.046997986793891174,0.1,True,0,native
612,1.0,43,0.04676299685992172,0.1,True,0,native
613,1.0,56,0.04652918187562211,0.1,True,0,native
614,1.0,38,0.046296535966244,0.1,True,0,native
615,1.0,20,0.046065053286412784,0.1,True,0,native
616,1.0,12,0.04583472801998072,0.1,True,0,native
617,1.0,12,0.045605554379880814,0.1,True,0,native
618,1.0,47,0.04537752660798141,0.1,True,0,native
619,1.0,62,0.0451506389749415,0.1,True,0,native
620,1.0,16,0.044924885780066794,0.1,True,0,native
621,1.0,32,0.04470026135116646,0.1,True,0,native
622,1.0,12,0.04447676004441063,0.1,True,0,native
623,1.0,33,0.04425437624418858,0.1,True,0,native
624,1.0,39,0.04403310436296763,0.1,True,0,native
625,1.0,27,0.043812938841152796,0.1,True,0,native
626,1.0,35,0.04359387414694703,0.1,True,0,native
627,1.0,15,0.043375904776212296,0.1,True,0,native
628,1.0,20,0.043159025252331236,0.1,True,0,native
629,1.0,41,0.04294323012606958,0.1,True,0,native
630,1.0,52,0.04272851397543923,0.1,True,0,native
631,1.0,40,0.04251487140556204,0.1,True,0,native
632,1.0,16,0.04230229704853423,0.1,True,0,native
633,1.0,51,0.04209078556329156,0.1,True,0,native
634,1.0,62,0.0418803316354751,0.1,True,0,native
635,1.0,41,0.041670929977297724,0.1,True,0,native
636,1.0,11,0.04146257532741124,0.1,True,0,native
637,1.0,29,0.04125526245077418,0.1,True,0,native
638,1.0,20,0.04104898613852031,0.1,True,0,native
639,1.0,58,0.04084374120782771,0.1,True,0,native
640,0.0,100,0.04063952250178857,0.1,True,0,native
641,1.0,41,0.04043632488927963,0.1,True,0,native
642,0.0,28,0.04023414326483323,0.1,True,0,native
643,1.0,50,0.040032972548509065,0.1,True,0,native
644,1.0,49,0.03983280768576652,0.1,True,0,native
645,1.0,11,0.03963364364733769,0.1,True,0,native
646,1.0,11,0.039435475429100995,0.1,True,0,native
647,1.0,30,0.03923829805195549,0.1,True,0,native
648,1.0,21,0.03904210656169572,0.1,True,0,native
649,0.0,10,0.03884689602888724,0.1,True,0,native
650,1.0,34,0.0386526615487428,0.1,True,0,native
651,1.0,45,0.03845939824099909,0.1,True,0,native
652,1.0,14,0.03826710124979409,0.1,True,0,native
653,1.0,16,0.038075765743545126,0.1,True,0,native
654,1.0,39,0.0378853869148274,0.1,True,0,native
655,1.0,18,0.03769595998025326,0.1,True,0,native
656,1.0,26,0.03750748018035199,0.1,True,0,native
657,1.0,45,0.037319942779450235,0.1,True,0,native
658,1.0,66,0.037133343065552986,0.1,True,0,native
659,1.0,70,0.03694767635022522,0.1,True,0,native
660,1.0,42,0.036762937968474095,0.1,True,0,native
661,1.0,54,0.03657912327863173,0.1,True,0,native
662,1.0,22,0.036396227662238566,0.1,True,0,native
663,1.0,48,0.03621424652392737,0.1,True,0,native
664,1.0,28,0.036033175291307735,0.1,True,0,native
665,1.0,12,0.03585300941485119,0.1,True,0,native
666,1.0,24,0.035673744367776934,0.1,True,0,native
667,1.0,28,0.03549537564593805,0.1,True,0,native
668,1.0,21,0.035317898767708356,0.1,True,0,native
669,1.0,14,0.03514130927386981,0.1,True,0,native
670,1.0,43,0.03496560272750046,0.1,True,0,native
671,1.0,45,0.03479077471386296,0.1,True,0,native
672,1.0,48,0.03461682084029365,0.1,True,0,native
673,1.0,23,0.034443736736092176,0.1,True,0,native
674,1.0,15,0.034271518052411715,0.1,True,0,native
675,1.0,17,0.034100160462149656,0.1,True,0,native
676,1.0,29,0.03392965965983891,0.1,True,0,native
677,1.0,42,0.033760011361539714,0.1,True,0,native
678,1.0,63,0.03359121130473201,0.1,True,0,native
679,1.0,9,0.033423255248208356,0.1,True,0,native
680,1.0,20,0.03325613897196732,0.1,True,0,native
681,1.0,56,0.03308985827710748,0.1,True,0,native
682,1.0,20,0.032924408985721944,0.1,True,0,native
683,1.0,21,0.03275978694079333,0.1,True,0,native
684,1.0,18,0.032595988006089364,0.1,True,0,native
685,1.0,18,0.032433008066058915,0.1,True,0,native
686,1.0,12,0.03227084302572862,0.1,True,0,native
687,1.0,35,0.032109488810599975,0.1,True,0,native
688,1.0,19,0.031948941366546975,0.1,True,0,native
689,1.0,55,0.03178919665971424,0.1,True,0,native
690,1.0,22,0.03163025067641567,0.1,True,0,native
691,1.0,74,0.03147209942303359,0.1,True,0,native
692,1.0,20,0.03131473892591842,0.1,True,0,native
693,1.0,33,0.031158165231288826,0.1,True,0,native
694,1.0,99,0.03100237440513238,0.1,True,0,native
695,1.0,34,0.030847362533106718,0.1,True,0,native
696,1.0,24,0.030693125720441184,0.1,True,0,native
697,1.0,36,0.030539660091838977,0.1,True,0,native
698,1.0,44,0.03038696179137978,0.1,True,0,native
699,1.0,62,0.030235026982422884,0.1,True,0,native
700,1.0,36,0.030083851847510768,0.1,True,0,native
701,1.0,27,0.029933432588273214,0.1,True,0,native
702,1.0,49,0.029783765425331846,0.1,True,0,native
703,1.0,34,0.029634846598205186,0.1,True,0,native
704,1.0,16,0.02948667236521416,0.1,True,0,native
705,1.0,42,0.029339239003388088,0.1,True,0,native
706,0.0,12,0.029192542808371146,0.1,True,0,native
707,1.0,39,0.02904658009432929,0.1,True,0,native
708,1.0,60,0.028901347193857643,0.1,True,0,native
709,1.0,14,0.028756840457888354,0.1,True,0,native
710,1.0,21,0.02861305625559891,0.1,True,0,native
711,1.0,30,0.028469990974320916,0.1,True,0,native
712,1.0,12,0.02832764101944931,0.1,True,0,native
713,0.0,25,0.028186002814352063,0.1,True,0,native
714,1.0,10,0.0280450728002803,0.1,True,0,native
715,1.0,34,0.0279048474362789,0.1,True,0,native
716,1.0,14,0.027765323199097504,0.1,True,0,native
717,1.0,37,0.027626496583102015,0.1,True,0,native
718,1.0,28,0.027488364100186506,0.1,True,0,native
719,1.0,86,0.027350922279685573,0.1,True,0,native
720,1.0,16,0.027214167668287145,0.1,True,0,native
721,1.0,29,0.02707809682994571,0.1,True,0,native
722,1.0,60,0.02694270634579598,0.1,True,0,native
723,1.0,30,0.026807992814067,0.1,True,0,native
724,1.0,19,0.026673952849996664,0.1,True,0,native
725,1.0,28,0.02654058308574668,0.1,True,0,native
726,1.0,16,0.026407880170317945,0.1,True,0,native
727,1.0,21,0.026275840769466357,0.1,True,0,native
728,1.0,26,0.026144461565619025,0.1,True,0,native
729,1.0,48,0.02601373925779093,0.1,True,0,native
730,1.0,17,0.025883670561501974,0.1,True,0,native
731,1.0,20,0.025754252208694463,0.1,True,0,native
732,1.0,19,0.02562548094765099,0.1,True,0,native
733,0.0,23,0.025497353542912736,0.1,True,0,native
734,1.0,48,0.02536986677519817,0.1,True,0,native
735,1.0,49,0.02524301744132218,0.1,True,0,native
736,1.0,21,0.025116802354115567,0.1,True,0,native
737,1.0,31,0.024991218342344988,0.1,True,0,native
738,1.0,29,0.024866262250633264,0.1,True,0,native
739,1.0,51,0.024741930939380097,0.1,True,0,native
740,1.0,43,0.024618221284683196,0.1,True,0,native
741,1.0,18,0.02449513017825978,0.1,True,0,native
742,1.0,35,0.02437265452736848,0.1,True,0,native
743,1.0,41,0.024250791254731636,0.1,True,0,native
744,0.0,18,0.024129537298457977,0.1,True,0,native
745,1.0,62,0.024008889611965685,0.1,True,0,native
746,1.0,14,0.023888845163905856,0.1,True,0,native
747,1.0,22,0.023769400938086327,0.1,True,0,native
748,1.0,18,0.023650553933395897,0.1,True,0,native
749,1.0,22,0.023532301163728918,0.1,True,0,native
750,1.0,24,0.023414639657910272,0.1,True,0,native
751,0.0,34,0.023297566459620722,0.1,True,0,native
752,1.0,24,0.023181078627322618,0.1,True,0,native
753,1.0,26,0.023065173234186005,0.1,True,0,native
754,1.0,34,0.022949847368015076,0.1,True,0,native
755,1.0,30,0.022835098131175,0.1,True,0,native
756,1.0,36,0.022720922640519125,0.1,True,0,native
757,1.0,33,0.02260731802731653,0.1,True,0,native
758,1.0,68,0.022494281437179946,0.1,True,0,native
759,1.0,53,0.022381810029994047,0.1,True,0,native
760,1.0,13,0.022269900979844076,0.1,True,0,native
761,1.0,11,0.022158551474944856,0.1,True,0,native
762,1.0,23,0.022047758717570132,0.1,True,0,native
763,1.0,12,0.021937519923982282,0.1,True,0,native
764,1.0,52,0.021827832324362372,0.1,True,0,native
765,1.0,36,0.02171869316274056,0.1,True,0,native
766,1.0,25,0.021610099696926857,0.1,True,0,native
767,1.0,89,0.021502049198442223,0.1,True,0,native
768,0.0,63,0.021394538952450012,0.1,True,0,native
769,1.0,16,0.02128756625768776,0.1,True,0,native
770,1.0,59,0.021181128426399323,0.1,True,0,native
771,1.0,43,0.021075222784267326,0.1,True,0,native
772,1.0,36,0.020969846670345987,0.1,True,0,native
773,1.0,54,0.020864997436994256,0.1,True,0,native
774,1.0,20,0.020760672449809284,0.1,True,0,native
775,1.0,18,0.020656869087560238,0.1,True,0,native
776,1.0,36,0.020553584742122436,0.1,True,0,native
777,1.0,12,0.020450816818411825,0.1,True,0,native
778,1.0,53,0.020348562734319765,0.1,True,0,native
779,1.0,35,0.020246819920648168,0.1,True,0,native
780,1.0,42,0.020145585821044927,0.1,True,0,native
781,1.0,27,0.020044857891939702,0.1,True,0,native
782,1.0,30,0.019944633602480003,0.1,True,0,native
783,1.0,40,0.019844910434467605,0.1,True,0,native
784,1.0,42,0.019745685882295267,0.1,True,0,native
785,1.0,18,0.01964695745288379,0.1,True,0,native
786,1.0,58,0.01954872266561937,0.1,True,0,native
787,0.0,34,0.019450979052291272,0.1,True,0,native
788,1.0,38,0.019353724157029815,0.1,True,0,native
789,1.0,10,0.019256955536244666,0.1,True,0,native
790,1.0,34,0.019160670758563442,0.1,True,0,native
791,1.0,69,0.019064867404770626,0.1,True,0,native
792,1.0,49,0.018969543067746772,0.1,True,0,native
793,1.0,15,0.018874695352408037,0.1,True,0,native
794,0.0,19,0.018780321875645996,0.1,True,0,native
795,1.0,28,0.018686420266267767,0.1,True,0,native
796,1.0,20,0.018592988164936427,0.1,True,0,native
797,1.0,16,0.018500023224111744,0.1,True,0,native
798,1.0,18,0.018407523107991184,0.1,True,0,native
799,1.0,17,0.01831548549245123,0.1,True,0,native
800,1.0,60,0.018223908064988973,0.1,True,0,native
801,1.0,13,0.018132788524664028,0.1,True,0,native
802,1.0,21,0.018042124582040707,0.1,True,0,native
803,1.0,30,0.017951913959130504,0.1,True,0,native
804,1.0,26,0.01786215438933485,0.1,True,0,native
805,1.0,30,0.017772843617388175,0.1,True,0,native
806,1.0,11,0.017683979399301233,0.1,True,0,native
807,1.0,24,0.017595559502304726,0.1,True,0,native
808,1.0,13,0.0175075817047932,0.1,True,0,native
809,1.0,35,0.017420043796269234,0.1,True,0,native
810,1.0,23,0.017332943577287888,0.1,True,0,native
811,1.0,35,0.01724627885940145,0.1,True,0,native
812,1.0,40,0.017160047465104442,0.1,True,0,native
813,1.0,34,0.01707424722777892,0.1,True,0,native
814,1.0,29,0.016988875991640028,0.1,True,0,native
815,1.0,66,0.016903931611681827,0.1,True,0,native
816,1.0,34,0.01681941195362342,0.1,True,0,native
817,1.0,34,0.016735314893855303,0.1,True,0,native
818,1.0,10,0.016651638319386028,0.1,True,0,native
819,0.0,12,0.0165683801277891,0.1,True,0,native
820,1.0,18,0.016485538227150154,0.1,True,0,native
821,1.0,24,0.0164031105360144,0.1,True,0,native
822,1.0,24,0.01632109498333433,0.1,True,0,native
823,1.0,52,0.016239489508417658,0.1,True,0,native
824,1.0,51,0.01615829206087557,0.1,True,0,native
825,0.0,100,0.01607750060057119,0.1,True,0,native
826,1.0,36,0.015997113097568336,0.1,True,0,native
827,1.0,21,0.015917127532080494,0.1,True,0,native
828,1.0,43,0.01583754189442009,0.1,True,0,native
829,1.0,30,0.01575835418494799,0.1,True,0,native
830,1.0,30,0.01567956241402325,0.1,True,0,native
831,1.0,43,0.015601164601953134,0.1,True,0,native
832,1.0,38,0.015523158778943369,0.1,True,0,native
833,1.0,30,0.015445542985048652,0.1,True,0,native
834,1.0,12,0.015368315270123408,0.1,True,0,native
835,1.0,29,0.01529147369377279,0.1,True,0,native
836,1.0,33,0.015215016325303928,0.1,True,0,native
837,1.0,96,0.015138941243677408,0.1,True,0,native
838,1.0,34,0.01506324653745902,0.1,True,0,native
839,1.0,70,0.014987930304771725,0.1,True,0,native
840,1.0,45,0.014912990653247866,0.1,True,0,native
841,1.0,29,0.014838425699981627,0.1,True,0,native
842,1.0,28,0.01476423357148172,0.1,True,0,native
843,1.0,32,0.014690412403624311,0.1,True,0,native
844,1.0,8,0.01461696034160619,0.1,True,0,native
845,1.0,53,0.014543875539898159,0.1,True,0,native
846,1.0,18,0.014471156162198668,0.1,True,0,native
847,1.0,18,0.014398800381387675,0.1,True,0,native
848,1.0,11,0.014326806379480736,0.1,True,0,native
849,1.0,58,0.014255172347583332,0.1,True,0,native
850,1.0,24,0.014183896485845416,0.1,True,0,native
851,1.0,38,0.014112977003416188,0.1,True,0,native
852,1.0,20,0.014042412118399107,0.1,True,0,native
853,1.0,30,0.013972200057807112,0.1,True,0,native
854,1.0,28,0.013902339057518077,0.1,True,0,native
855,1.0,17,0.013832827362230486,0.1,True,0,native
856,1.0,36,0.013763663225419333,0.1,True,0,native
857,1.0,19,0.013694844909292236,0.1,True,0,native
858,1.0,27,0.013626370684745774,0.1,True,0,native
859,1.0,28,0.013558238831322046,0.1,True,0,native
860,1.0,25,0.013490447637165436,0.1,True,0,native
861,1.0,27,0.013422995398979608,0.1,True,0,native
862,1.0,25,0.01335588042198471,0.1,True,0,native
863,1.0,23,0.013289101019874787,0.1,True,0,native
864,1.0,65,0.013222655514775413,0.1,True,0,native
865,1.0,83,0.013156542237201536,0.1,True,0,native
866,1.0,14,0.013090759526015528,0.1,True,0,native
867,1.0,24,0.01302530572838545,0.1,True,0,native
868,1.0,55,0.012960179199743523,0.1,True,0,native
869,1.0,20,0.012895378303744804,0.1,True,0,native
870,1.0,30,0.01283090141222608,0.1,True,0,native
871,1.0,18,0.012766746905164949,0.1,True,0,native
872,1.0,52,0.012702913170639124,0.1,True,0,native
873,1.0,29,0.012639398604785928,0.1,True,0,native
874,1.0,17,0.012576201611761997,0.1,True,0,native
875,1.0,32,0.012513320603703188,0.1,True,0,native
876,0.0,17,0.012450754000684672,0.1,True,0,native
877,1.0,62,0.012388500230681249,0.1,True,0,native
878,1.0,29,0.012326557729527843,0.1,True,0,native
879,1.0,15,0.012264924940880204,0.1,True,0,native
880,1.0,12,0.012203600316175803,0.1,True,0,native
881,1.0,45,0.012142582314594924,0.1,True,0,native
882,1.0,15,0.01208186940302195,0.1,True,0,native
883,1.0,27,0.01202146005600684,0.1,True,0,native
884,1.0,36,0.011961352755726806,0.1,True,0,native
885,1.0,11,0.01190154599194817,0.1,True,0,native
886,1.0,32,0.01184203826198843,0.1,True,0,native
887,1.0,47,0.011782828070678488,0.1,True,0,native
888,1.0,21,0.011723913930325095,0.1,True,0,native
889,1.0,51,0.01166529436067347,0.1,True,0,native
890,0.0,56,0.011606967888870102,0.1,True,0,native
891,1.0,38,0.01154893304942575,0.1,True,0,native
892,1.0,28,0.011491188384178622,0.1,True,0,native
893,1.0,36,0.011433732442257729,0.1,True,0,native
894,1.0,39,0.01137656378004644,0.1,True,0,native
895,1.0,26,0.011319680961146208,0.1,True,0,native
896,1.0,20,0.011263082556340478,0.1,True,0,native
897,1.0,24,0.011206767143558775,0.1,True,0,native
898,1.0,61,0.011150733307840981,0.1,True,0,native
899,1.0,12,0.011094979641301777,0.1,True,0,native
900,1.0,77,0.011039504743095268,0.1,True,0,native
901,1.0,42,0.01098430721937979,0.1,True,0,native
902,1.0,46,0.010929385683282892,0.1,True,0,native
903,1.0,24,0.010874738754866477,0.1,True,0,native
904,1.0,17,0.010820365061092144,0.1,True,0,native
905,1.0,37,0.010766263235786683,0.1,True,0,native
906,1.0,15,0.01071243191960775,0.1,True,0,native
907,1.0,37,0.010658869760009713,0.1,True,0,native
908,1.0,36,0.010605575411209664,0.1,True,0,native
909,1.0,47,0.010552547534153616,0.1,True,0,native
910,1.0,67,0.010499784796482848,0.1,True,0,native
911,1.0,14,0.010447285872500434,0.1,True,0,native
912,1.0,19,0.01039504944313793,0.1,True,0,native
913,1.0,24,0.010343074195922241,0.1,True,0,native
914,1.0,26,0.01029135882494263,0.1,True,0,native
915,1.0,15,0.010239902030817916,0.1,True,0,native
916,1.0,50,0.010188702520663827,0.1,True,0,native
917,1.0,28,0.010137759008060509,0.1,True,0,native
918,1.0,93,0.010087070213020206,0.1,True,0,native
919,1.0,59,0.010036634861955105,0.1,True,0,native
920,1.0,25,0.01,0.1,True,0,native
921,1.0,20,0.01,0.1,True,0,native
922,1.0,9,0.01,0.1,True,0,native
923,1.0,36,0.01,0.1,True,0,native
924,1.0,36,0.01,0.1,True,0,native
925,1.0,24,0.01,0.1,True,0,native
926,0.0,11,0.01,0.1,True,0,native
927,1.0,23,0.01,0.1,True,0,native
928,1.0,29,0.01,0.1,True,0,native
929,1.0,11,0.01,0.1,True,0,native
930,1.0,20,0.01,0.1,True,0,native
931,1.0,28,0.01,0.1,True,0,native
932,1.0,28,0.01,0.1,True,0,native
933,1.0,30,0.01,0.1,True,0,native
934,1.0,28,0.01,0.1,True,0,native
935,1.0,72,0.01,0.1,True,0,native
936,1.0,23,0.01,0.1,True,0,native
937,1.0,58,0.01,0.1,True,0,native
938,1.0,28,0.01,0.1,True,0,native
939,1.0,29,0.01,0.1,True,0,native
940,1.0,25,0.01,0.1,True,0,native
941,1.0,15,0.01,0.1,True,0,native
942,1.0,22,0.01,0.1,True,0,native
943,1.0,40,0.01,0.1,True,0,native
944,1.0,30,0.01,0.1,True,0,native
945,1.0,46,0.01,0.1,True,0,native
946,1.0,49,0.01,0.1,True,0,native
947,1.0,24,0.01,0.1,True,0,native
948,1.0,15,0.01,0.1,True,0,native
949,1.0,20,0.01,0.1,True,0,native
950,1.0,27,0.01,0.1,True,0,native
951,1.0,18,0.01,0.1,True,0,native
952,1.0,15,0.01,0.1,True,0,native
953,1.0,36,0.01,0.1,True,0,native
954,1.0,16,0.01,0.1,True,0,native
955,1.0,16,0.01,0.1,True,0,native
956,1.0,26,0.01,0.1,True,0,native
957,1.0,21,0.01,0.1,True,0,native
958,1.0,11,0.01,0.1,True,0,native
959,1.0,20,0.01,0.1,True,0,native
960,1.0,28,0.01,0.1,True,0,native
961,1.0,22,0.01,0.1,True,0,native
962,1.0,26,0.01,0.1,True,0,native
963,1.0,33,0.01,0.1,True,0,native
964,1.0,68,0.01,0.1,True,0,native
965,1.0,15,0.01,0.1,True,0,native
966,1.0,19,0.01,0.1,True,0,native
967,1.0,34,0.01,0.1,True,0,native
968,1.0,40,0.01,0.1,True,0,native
969,1.0,19,0.01,0.1,True,0,native
970,1.0,58,0.01,0.1,True,0,native
971,1.0,39,0.01,0.1,True,0,native
972,1.0,39,0.01,0.1,True,0,native
973,0.0,6,0.01,0.1,True,0,native
974,1.0,41,0.01,0.1,True,0,native
975,1.0,36,0.01,0.1,True,0,native
976,0.0,25,0.01,0.1,True,0,native
977,1.0,33,0.01,0.1,True,0,native
978,0.0,100,0.01,0.1,True,0,native
979,1.0,11,0.01,0.1,True,0,native
980,1.0,50,0.01,0.1,True,0,native
981,1.0,21,0.01,0.1,True,0,native
982,1.0,25,0.01,0.1,True,0,native
983,1.0,17,0.01,0.1,True,0,native
984,1.0,14,0.01,0.1,True,0,native
985,1.0,72,0.01,0.1,True,0,native
986,1.0,39,0.01,0.1,True,0,native
987,1.0,31,0.01,0.1,True,0,native
988,1.0,61,0.01,0.1,True,0,native
989,1.0,13,0.01,0.1,True,0,native
990,1.0,31,0.01,0.1,True,0,native
991,0.0,31,0.01,0.1,True,0,native
992,1.0,72,0.01,0.1,True,0,native
993,1.0,29,0.01,0.1,True,0,native
994,1.0,40,0.01,0.1,True,0,native
995,1.0,37,0.01,0.1,True,0,native
996,1.0,46,0.01,0.1,True,0,native
997,1.0,27,0.01,0.1,True,0,native
998,1.0,68,0.01,0.1,True,0,native
999,1.0,20,0.01,0.1,True,0,native
1000,1.0,14,0.01,0.1,True,0,native
1001,1.0,28,0.01,0.1,True,0,native
1002,1.0,30,0.01,0.1,True,0,native
1003,1.0,40,0.01,0.1,True,0,native
1004,1.0,14,0.01,0.1,True,0,native
1005,1.0,60,0.01,0.1,True,0,native
1006,1.0,55,0.01,0.1,True,0,native
1007,1.0,36,0.01,0.1,True,0,native
1008,1.0,52,0.01,0.1,True,0,native
1009,1.0,42,0.01,0.1,True,0,native
1010,1.0,26,0.01,0.1,True,0,native
1011,1.0,95,0.01,0.1,True,0,native
1012,1.0,24,0.01,0.1,True,0,native
1013,1.0,83,0.01,0.1,True,0,native
1014,1.0,19,0.01,0.1,True,0,native
1015,1.0,44,0.01,0.1,True,0,native
1016,0.0,100,0.01,0.1,True,0,native
1017,1.0,36,0.01,0.1,True,0,native
1018,1.0,41,0.01,0.1,True,0,native
1019,1.0,25,0.01,0.1,True,0,native
1020,1.0,42,0.01,0.1,True,0,native
1021,1.0,31,0.01,0.1,True,0,native
1022,1.0,18,0.01,0.1,True,0,native
1023,1.0,38,0.01,0.1,True,0,native
1024,1.0,20,0.01,0.1,True,0,native
1025,1.0,22,0.01,0.1,True,0,native
1026,1.0,39,0.01,0.1,True,0,native
1027,1.0,49,0.01,0.1,True,0,native
1028,1.0,20,0.01,0.1,True,0,native
1029,1.0,39,0.01,0.1,True,0,native
1030,1.0,35,0.01,0.1,True,0,native
1031,1.0,58,0.01,0.1,True,0,native
1032,1.0,86,0.01,0.1,True,0,native
1033,1.0,26,0.01,0.1,True,0,native
1034,1.0,26,0.01,0.1,True,0,native
1035,1.0,35,0.01,0.1,True,0,native
1036,1.0,30,0.01,0.1,True,0,native
1037,1.0,18,0.01,0.1,True,0,native
1038,1.0,25,0.01,0.1,True,0,native
1039,0.0,100,0.01,0.1,True,0,native
1040,1.0,32,0.01,0.1,True,0,native
1041,1.0,44,0.01,0.1,True,0,native
1042,1.0,38,0.01,0.1,True,0,native
1043,1.0,35,0.01,0.1,True,0,native
1044,1.0,23,0.01,0.1,True,0,native
1045,1.0,23,0.01,0.1,True,0,native
1046,1.0,13,0.01,0.1,True,0,native
1047,1.0,41,0.01,0.1,True,0,native
1048,1.0,39,0.01,0.1,True,0,native
1049,1.0,34,0.01,0.1,True,0,native
1050,1.0,27,0.01,0.1,True,0,native
1051,1.0,27,0.01,0.1,True,0,native
1052,1.0,19,0.01,0.1,True,0,native
1053,1.0,54,0.01,0.1,True,0,native
1054,1.0,47,0.01,0.1,True,0,native
1055,1.0,20,0.01,0.1,True,0,native
1056,1.0,21,0.01,0.1,True,0,native
1057,1.0,20,0.01,0.1,True,0,native
1058,0.0,5,0.01,0.1,True,0,native
1059,1.0,19,0.01,0.1,True,0,native
1060,1.0,53,0.01,0.1,True,0,native
1061,1.0,15,0.01,0.1,True,0,native
1062,1.0,27,0.01,0.1,True,0,native
1063,1.0,37,0.01,0.1,True,0,native
1064,1.0,36,0.01,0.1,True,0,native
1065,1.0,31,0.01,0.1,True,0,native
1066,1.0,35,0.01,0.1,True,0,native
1067,1.0,46,0.01,0.1,True,0,native
1068,1.0,25,0.01,0.1,True,0,native
1069,1.0,23,0.01,0.1,True,0,native
1070,1.0,64,0.01,0.1,True,0,native
1071,1.0,55,0.01,0.1,True,0,native
1072,1.0,44,0.01,0.1,True,0,native
1073,1.0,18,0.01,0.1,True,0,native
1074,1.0,31,0.01,0.1,True,0,native
1075,1.0,29,0.01,0.1,True,0,native
1076,1.0,55,0.01,0.1,True,0,native
1077,1.0,27,0.01,0.1,True,0,native
1078,1.0,34,0.01,0.1,True,0,native
1079,1.0,50,0.01,0.1,True,0,native
1080,1.0,41,0.01,0.1,True,0,native
1081,1.0,35,0.01,0.1,True,0,native
1082,1.0,28,0.01,0.1,True,0,native
1083,1.0,27,0.01,0.1,True,0,native
1084,1.0,21,0.01,0.1,True,0,native
1085,1.0,95,0.01,0.1,True,0,native
1086,1.0,40,0.01,0.1,True,0,native
1087,1.0,71,0.01,0.1,True,0,native
1088,1.0,42,0.01,0.1,True,0,native
1089,1.0,23,0.01,0.1,True,0,native
1090,0.0,100,0.01,0.1,True,0,native
1091,1.0,29,0.01,0.1,True,0,native
1092,1.0,30,0.01,0.1,True,0,native
1093,1.0,40,0.01,0.1,True,0,native
1094,1.0,50,0.01,0.1,True,0,native
1095,1.0,34,0.01,0.1,True,0,native
1096,1.0,16,0.01,0.1,True,0,native
1097,1.0,28,0.01,0.1,True,0,native
1098,1.0,9,0.01,0.1,True,0,native
1099,1.0,33,0.01,0.1,True,0,native
1100,1.0,13,0.01,0.1,True,0,native
1101,1.0,34,0.01,0.1,True,0,native
1102,1.0,12,0.01,0.1,True,0,native
1103,1.0,43,0.01,0.1,True,0,native
1104,1.0,47,0.01,0.1,True,0,native
1105,1.0,27,0.01,0.1,True,0,native
1106,1.0,36,0.01,0.1,True,0,native
1107,1.0,66,0.01,0.1,True,0,native
1108,1.0,24,0.01,0.1,True,0,native
1109,1.0,27,0.01,0.1,True,0,native
1110,1.0,30,0.01,0.1,True,0,native
1111,1.0,28,0.01,0.1,True,0,native
1112,1.0,18,0.01,0.1,True,0,native
1113,1.0,29,0.01,0.1,True,0,native
1114,1.0,39,0.01,0.1,True,0,native
1115,1.0,51,0.01,0.1,True,0,native
1116,1.0,58,0.01,0.1,True,0,native
1117,1.0,55,0.01,0.1,True,0,native
1118,1.0,26,0.01,0.1,True,0,native
1119,1.0,30,0.01,0.1,True,0,native
1120,1.0,26,0.01,0.1,True,0,native
1121,1.0,25,0.01,0.1,True,0,native
1122,1.0,47,0.01,0.1,True,0,native
1123,1.0,51,0.01,0.1,True,0,native
1124,1.0,31,0.01,0.1,True,0,native
1125,1.0,30,0.01,0.1,True,0,native
1126,1.0,31,0.01,0.1,True,0,native
1127,1.0,23,0.01,0.1,True,0,native
1128,1.0,24,0.01,0.1,True,0,native
1129,1.0,40,0.01,0.1,True,0,native
1130,1.0,23,0.01,0.1,True,0,native
1131,1.0,31,0.01,0.1,True,0,native
1132,1.0,21,0.01,0.1,True,0,native
1133,1.0,73,0.01,0.1,True,0,native
1134,1.0,23,0.01,0.1,True,0,native
1135,1.0,21,0.01,0.1,True,0,native
1136,1.0,24,0.01,0.1,True,0,native
1137,1.0,26,0.01,0.1,True,0,native
1138,1.0,52,0.01,0.1,True,0,native
1139,1.0,32,0.01,0.1,True,0,native
1140,1.0,9,0.01,0.1,True,0,native
1141,1.0,27,0.01,0.1,True,0,native
1142,1.0,51,0.01,0.1,True,0,native
1143,1.0,20,0.01,0.1,True,0,native
1144,0.0,62,0.01,0.1,True,0,native
1145,1.0,29,0.01,0.1,True,0,native
1146,1.0,24,0.01,0.1,True,0,native
1147,1.0,47,0.01,0.1,True,0,native
1148,1.0,49,0.01,0.1,True,0,native
1149,1.0,51,0.01,0.1,True,0,native
1150,1.0,32,0.01,0.1,True,0,native
1151,1.0,59,0.01,0.1,True,0,native
1152,1.0,24,0.01,0.1,True,0,native
1153,1.0,48,0.01,0.1,True,0,native
1154,1.0,22,0.01,0.1,True,0,native
1155,1.0,25,0.01,0.1,True,0,native
1156,1.0,24,0.01,0.1,True,0,native
1157,1.0,74,0.01,0.1,True,0,native
1158,1.0,14,0.01,0.1,True,0,native
1159,1.0,27,0.01,0.1,True,0,native
1160,1.0,21,0.01,0.1,True,0,native
1161,1.0,50,0.01,0.1,True,0,native
1162,1.0,22,0.01,0.1,True,0,native
1163,1.0,56,0.01,0.1,True,0,native
1164,1.0,32,0.01,0.1,True,0,native
1165,1.0,26,0.01,0.1,True,0,native
1166,1.0,17,0.01,0.1,True,0,native
1167,1.0,23,0.01,0.1,True,0,native
1168,1.0,35,0.01,0.1,True,0,native
1169,1.0,61,0.01,0.1,True,0,native
1170,1.0,38,0.01,0.1,True,0,native
1171,1.0,14,0.01,0.1,True,0,native
1172,1.0,27,0.01,0.1,True,0,native
1173,1.0,20,0.01,0.1,True,0,native
1174,1.0,31,0.01,0.1,True,0,native
1175,1.0,35,0.01,0.1,True,0,native
1176,1.0,52,0.01,0.1,True,0,native
1177,1.0,16,0.01,0.1,True,0,native
1178,1.0,40,0.01,0.1,True,0,native
1179,1.0,38,0.01,0.1,True,0,native
1180,1.0,25,0.01,0.1,True,0,native
1181,1.0,13,0.01,0.1,True,0,native
1182,1.0,46,0.01,0.1,True,0,native
1183,1.0,15,0.01,0.1,True,0,native
1184,1.0,32,0.01,0.1,True,0,native
1185,1.0,66,0.01,0.1,True,0,native
1186,1.0,31,0.01,0.1,True,0,native
1187,1.0,52,0.01,0.1,True,0,native
1188,1.0,48,0.01,0.1,True,0,native
1189,1.0,27,0.01,0.1,True,0,native
1190,1.0,13,0.01,0.1,True,0,native
1191,1.0,30,0.01,0.1,True,0,native
1192,1.0,95,0.01,0.1,True,0,native
1193,1.0,42,0.01,0.1,True,0,native
1194,1.0,12,0.01,0.1,True,0,native
1195,1.0,25,0.01,0.1,True,0,native
1196,1.0,20,0.01,0.1,True,0,native
1197,1.0,16,0.01,0.1,True,0,native
1198,1.0,34,0.01,0.1,True,0,native
1199,1.0,40,0.01,0.1,True,0,native
1200,1.0,41,0.01,0.1,True,0,native
1201,1.0,20,0.01,0.1,True,0,native
1202,1.0,27,0.01,0.1,True,0,native
1203,1.0,32,0.01,0.1,True,0,native
1204,1.0,59,0.01,0.1,True,0,native
1205,1.0,41,0.01,0.1,True,0,native
1206,1.0,29,0.01,0.1,True,0,native
1207,1.0,48,0.01,0.1,True,0,native
1208,1.0,21,0.01,0.1,True,0,native
1209,1.0,18,0.01,0.1,True,0,native
1210,1.0,10,0.01,0.1,True,0,native
1211,1.0,16,0.01,0.1,True,0,native
1212,1.0,37,0.01,0.1,True,0,native
1213,1.0,29,0.01,0.1,True,0,native
1214,1.0,38,0.01,0.1,True,0,native
1215,1.0,41,0.01,0.1,True,0,native
1216,1.0,22,0.01,0.1,True,0,native
1217,1.0,13,0.01,0.1,True,0,native
1218,1.0,15,0.01,0.1,True,0,native
1219,1.0,12,0.01,0.1,True,0,native
1220,1.0,11,0.01,0.1,True,0,native
1221,1.0,20,0.01,0.1,True,0,native
1222,1.0,17,0.01,0.1,True,0,native
1223,1.0,56,0.01,0.1,True,0,native
1224,1.0,59,0.01,0.1,True,0,native
1225,1.0,14,0.01,0.1,True,0,native
1226,1.0,23,0.01,0.1,True,0,native
1227,1.0,22,0.01,0.1,True,0,native
1228,1.0,50,0.01,0.1,True,0,native
1229,1.0,16,0.01,0.1,True,0,native
1230,1.0,16,0.01,0.1,True,0,native
1231,1.0,10,0.01,0.1,True,0,native
1232,1.0,42,0.01,0.1,True,0,native
1233,1.0,15,0.01,0.1,True,0,native
1234,1.0,33,0.01,0.1,True,0,native
1235,1.0,17,0.01,0.1,True,0,native
1236,1.0,30,0.01,0.1,True,0,native
1237,1.0,11,0.01,0.1,True,0,native
1238,1.0,18,0.01,0.1,True,0,native
1239,1.0,54,0.01,0.1,True,0,native
1240,1.0,13,0.01,0.1,True,0,native
1241,1.0,46,0.01,0.1,True,0,native
1242,1.0,19,0.01,0.1,True,0,native
1243,1.0,21,0.01,0.1,True,0,native
1244,1.0,19,0.01,0.1,True,0,native
1245,1.0,39,0.01,0.1,True,0,native
1246,1.0,29,0.01,0.1,True,0,native
1247,1.0,34,0.01,0.1,True,0,native
1248,1.0,31,0.01,0.1,True,0,native
1249,1.0,22,0.01,0.1,True,0,native
1250,1.0,38,0.01,0.1,True,0,native
1251,1.0,22,0.01,0.1,True,0,native
1252,1.0,24,0.01,0.1,True,0,native
1253,1.0,44,0.01,0.1,True,0,native
1254,1.0,58,0.01,0.1,True,0,native
1255,1.0,25,0.01,0.1,True,0,native
1256,1.0,16,0.01,0.1,True,0,native
1257,1.0,50,0.01,0.1,True,0,native
1258,1.0,16,0.01,0.1,True,0,native
1259,1.0,34,0.01,0.1,True,0,native
1260,1.0,18,0.01,0.1,True,0,native
1261,1.0,33,0.01,0.1,True,0,native
1262,1.0,88,0.01,0.1,True,0,native
1263,1.0,47,0.01,0.1,True,0,native
1264,1.0,29,0.01,0.1,True,0,native
1265,1.0,26,0.01,0.1,True,0,native
1266,1.0,59,0.01,0.1,True,0,native
1267,1.0,36,0.01,0.1,True,0,native
1268,1.0,35,0.01,0.1,True,0,native
1269,1.0,28,0.01,0.1,True,0,native
1270,1.0,81,0.01,0.1,True,0,native
1271,1.0,16,0.01,0.1,True,0,native
1272,1.0,93,0.01,0.1,True,0,native
1273,1.0,24,0.01,0.1,True,0,native
1274,1.0,18,0.01,0.1,True,0,native
1275,1.0,49,0.01,0.1,True,0,native
1276,1.0,54,0.01,0.1,True,0,native
1277,1.0,65,0.01,0.1,True,0,native
1278,1.0,20,0.01,0.1,True,0,native
1279,1.0,36,0.01,0.1,True,0,native
1280,1.0,62,0.01,0.1,True,0,native
1281,1.0,39,0.01,0.1,True,0,native
1282,1.0,51,0.01,0.1,True,0,native
1283,1.0,22,0.01,0.1,True,0,native
1284,1.0,11,0.01,0.1,True,0,native
1285,1.0,18,0.01,0.1,True,0,native
1286,1.0,31,0.01,0.1,True,0,native
1287,1.0,67,0.01,0.1,True,0,native
1288,1.0,74,0.01,0.1,True,0,native
1289,1.0,20,0.01,0.1,True,0,native
1290,1.0,23,0.01,0.1,True,0,native
1291,1.0,25,0.01,0.1,True,0,native
1292,1.0,35,0.01,0.1,True,0,native
1293,1.0,24,0.01,0.1,True,0,native
1294,1.0,39,0.01,0.1,True,0,native
1295,1.0,43,0.01,0.1,True,0,native
1296,1.0,11,0.01,0.1,True,0,native
1297,1.0,20,0.01,0.1,True,0,native
1298,1.0,28,0.01,0.1,True,0,native
1299,1.0,34,0.01,0.1,True,0,native
1300,1.0,22,0.01,0.1,True,0,native
1301,1.0,36,0.01,0.1,True,0,native
1302,1.0,21,0.01,0.1,True,0,native
1303,1.0,25,0.01,0.1,True,0,native
1304,1.0,52,0.01,0.1,True,0,native
1305,1.0,14,0.01,0.1,True,0,native
1306,1.0,24,0.01,0.1,True,0,native
1307,1.0,37,0.01,0.1,True,0,native
1308,1.0,25,0.01,0.1,True,0,native
1309,1.0,28,0.01,0.1,True,0,native
1310,1.0,63,0.01,0.1,True,0,native
1311,0.0,100,0.01,0.1,True,0,native
1312,1.0,43,0.01,0.1,True,0,native
1313,1.0,30,0.01,0.1,True,0,native
1314,1.0,26,0.01,0.1,True,0,native
1315,1.0,26,0.01,0.1,True,0,native
1316,1.0,36,0.01,0.1,True,0,native
1317,1.0,43,0.01,0.1,True,0,native
1318,1.0,41,0.01,0.1,True,0,native
1319,1.0,26,0.01,0.1,True,0,native
1320,1.0,41,0.01,0.1,True,0,native
1321,1.0,12,0.01,0.1,True,0,native
1322,1.0,50,0.01,0.1,True,0,native
1323,1.0,34,0.01,0.1,True,0,native
1324,1.0,51,0.01,0.1,True,0,native
1325,1.0,12,0.01,0.1,True,0,native
1326,1.0,18,0.01,0.1,True,0,native
1327,1.0,48,0.01,0.1,True,0,native
1328,1.0,14,0.01,0.1,True,0,native
1329,1.0,29,0.01,0.1,True,0,native
1330,1.0,40,0.01,0.1,True,0,native
1331,1.0,34,0.01,0.1,True,0,native
1332,1.0,15,0.01,0.1,True,0,native
1333,1.0,9,0.01,0.1,True,0,native
1334,1.0,51,0.01,0.1,True,0,native
1335,1.0,15,0.01,0.1,True,0,native
1336,1.0,43,0.01,0.1,True,0,native
1337,1.0,24,0.01,0.1,True,0,native
1338,1.0,18,0.01,0.1,True,0,native
1339,1.0,34,0.01,0.1,True,0,native
1340,1.0,27,0.01,0.1,True,0,native
1341,1.0,93,0.01,0.1,True,0,native
1342,1.0,21,0.01,0.1,True,0,native
1343,1.0,58,0.01,0.1,True,0,native
1344,1.0,20,0.01,0.1,True,0,native
1345,1.0,16,0.01,0.1,True,0,native
1346,1.0,40,0.01,0.1,True,0,native
1347,1.0,24,0.01,0.1,True,0,native
1348,1.0,20,0.01,0.1,True,0,native
1349,1.0,41,0.01,0.1,True,0,native
1350,1.0,28,0.01,0.1,True,0,native
1351,1.0,24,0.01,0.1,True,0,native
1352,1.0,20,0.01,0.1,True,0,native
1353,0.0,15,0.01,0.1,True,0,native
1354,1.0,34,0.01,0.1,True,0,native
1355,1.0,49,0.01,0.1,True,0,native
1356,1.0,30,0.01,0.1,True,0,native
1357,1.0,18,0.01,0.1,True,0,native
1358,1.0,57,0.01,0.1,True,0,native
1359,1.0,31,0.01,0.1,True,0,native
1360,1.0,23,0.01,0.1,True,0,native
1361,1.0,14,0.01,0.1,True,0,native
1362,1.0,41,0.01,0.1,True,0,native
1363,1.0,50,0.01,0.1,True,0,native
1364,1.0,54,0.01,0.1,True,0,native
1365,1.0,48,0.01,0.1,True,0,native
1366,0.0,21,0.01,0.1,True,0,native
1367,1.0,32,0.01,0.1,True,0,native
1368,1.0,66,0.01,0.1,True,0,native
1369,1.0,36,0.01,0.1,True,0,native
1370,1.0,20,0.01,0.1,True,0,native
1371,1.0,37,0.01,0.1,True,0,native
1372,1.0,50,0.01,0.1,True,0,native
1373,1.0,17,0.01,0.1,True,0,native
1374,1.0,34,0.01,0.1,True,0,native
1375,1.0,14,0.01,0.1,True,0,native
1376,1.0,31,0.01,0.1,True,0,native
1377,1.0,22,0.01,0.1,True,0,native
1378,1.0,25,0.01,0.1,True,0,native
1379,1.0,13,0.01,0.1,True,0,native
1380,1.0,50,0.01,0.1,True,0,native
1381,1.0,45,0.01,0.1,True,0,native
1382,1.0,28,0.01,0.1,True,0,native
1383,1.0,72,0.01,0.1,True,0,native
1384,1.0,37,0.01,0.1,True,0,native
1385,1.0,34,0.01,0.1,True,0,native
1386,1.0,57,0.01,0.1,True,0,native
1387,1.0,23,0.01,0.1,True,0,native
1388,1.0,25,0.01,0.1,True,0,native
1389,1.0,31,0.01,0.1,True,0,native
1390,1.0,39,0.01,0.1,True,0,native
1391,1.0,42,0.01,0.1,True,0,native
1392,1.0,16,0.01,0.1,True,0,native
1393,1.0,42,0.01,0.1,True,0,native
1394,1.0,32,0.01,0.1,True,0,native
1395,1.0,15,0.01,0.1,True,0,native
1396,1.0,41,0.01,0.1,True,0,native
1397,1.0,14,0.01,0.1,True,0,native
1398,1.0,67,0.01,0.1,True,0,native
1399,1.0,44,0.01,0.1,True,0,native
1400,1.0,53,0.01,0.1,True,0,native
1401,1.0,33,0.01,0.1,True,0,native
1402,1.0,49,0.01,0.1,True,0,native
1403,1.0,24,0.01,0.1,True,0,native
1404,1.0,53,0.01,0.1,True,0,native
1405,1.0,23,0.01,0.1,True,0,native
1406,1.0,39,0.01,0.1,True,0,native
1407,1.0,60,0.01,0.1,True,0,native
1408,1.0,25,0.01,0.1,True,0,native
1409,1.0,43,0.01,0.1,True,0,native
1410,1.0,34,0.01,0.1,True,0,native
1411,1.0,23,0.01,0.1,True,0,native
1412,1.0,20,0.01,0.1,True,0,native
1413,1.0,27,0.01,0.1,True,0,native
1414,1.0,40,0.01,0.1,True,0,native
1415,1.0,18,0.01,0.1,True,0,native
1416,1.0,34,0.01,0.1,True,0,native
1417,1.0,27,0.01,0.1,True,0,native
1418,1.0,17,0.01,0.1,True,0,native
1419,1.0,51,0.01,0.1,True,0,native
1420,1.0,19,0.01,0.1,True,0,native
1421,1.0,74,0.01,0.1,True,0,native
1422,1.0,62,0.01,0.1,True,0,native
1423,1.0,19,0.01,0.1,True,0,native
1424,1.0,34,0.01,0.1,True,0,native
1425,1.0,53,0.01,0.1,True,0,native
1426,1.0,50,0.01,0.1,True,0,native
1427,1.0,43,0.01,0.1,True,0,native
1428,1.0,10,0.01,0.1,True,0,native
1429,1.0,46,0.01,0.1,True,0,native
1430,1.0,44,0.01,0.1,True,0,native
1431,1.0,29,0.01,0.1,True,0,native
1432,1.0,30,0.01,0.1,True,0,native
1433,1.0,21,0.01,0.1,True,0,native
1434,1.0,37,0.01,0.1,True,0,native
1435,1.0,46,0.01,0.1,True,0,native
1436,1.0,40,0.01,0.1,True,0,native
1437,1.0,72,0.01,0.1,True,0,native
1438,1.0,36,0.01,0.1,True,0,native
1439,1.0,16,0.01,0.1,True,0,native
1440,1.0,11,0.01,0.1,True,0,native
1441,1.0,22,0.01,0.1,True,0,native
1442,1.0,17,0.01,0.1,True,0,native
1443,1.0,24,0.01,0.1,True,0,native
1444,1.0,24,0.01,0.1,True,0,native
1445,1.0,36,0.01,0.1,True,0,native
1446,1.0,15,0.01,0.1,True,0,native
1447,1.0,32,0.01,0.1,True,0,native
1448,1.0,19,0.01,0.1,True,0,native
1449,1.0,17,0.01,0.1,True,0,native
1450,1.0,34,0.01,0.1,True,0,native
1451,0.0,23,0.01,0.1,True,0,native
1452,1.0,54,0.01,0.1,True,0,native
1453,1.0,39,0.01,0.1,True,0,native
1454,1.0,42,0.01,0.1,True,0,native
1455,1.0,43,0.01,0.1,True,0,native
1456,0.0,100,0.01,0.1,True,0,native
1457,1.0,34,0.01,0.1,True,0,native
1458,1.0,37,0.01,0.1,True,0,native
1459,1.0,32,0.01,0.1,True,0,native
1460,1.0,24,0.01,0.1,True,0,native
1461,1.0,19,0.01,0.1,True,0,native
1462,1.0,24,0.01,0.1,True,0,native
1463,1.0,36,0.01,0.1,True,0,native
1464,1.0,25,0.01,0.1,True,0,native
1465,1.0,47,0.01,0.1,True,0,native
1466,1.0,23,0.01,0.1,True,0,native
1467,1.0,32,0.01,0.1,True,0,native
1468,1.0,23,0.01,0.1,True,0,native
1469,1.0,55,0.01,0.1,True,0,native
1470,1.0,58,0.01,0.1,True,0,native
1471,1.0,34,0.01,0.1,True,0,native
1472,1.0,42,0.01,0.1,True,0,native
1473,1.0,13,0.01,0.1,True,0,native
1474,1.0,40,0.01,0.1,True,0,native
1475,1.0,12,0.01,0.1,True,0,native
1476,1.0,19,0.01,0.1,True,0,native
1477,1.0,12,0.01,0.1,True,0,native
1478,1.0,17,0.01,0.1,True,0,native
1479,1.0,74,0.01,0.1,True,0,native
1480,1.0,33,0.01,0.1,True,0,native
1481,1.0,30,0.01,0.1,True,0,native
1482,1.0,17,0.01,0.1,True,0,native
1483,1.0,89,0.01,0.1,True,0,native
1484,1.0,48,0.01,0.1,True,0,native
1485,1.0,48,0.01,0.1,True,0,native
1486,1.0,12,0.01,0.1,True,0,native
1487,1.0,39,0.01,0.1,True,0,native
1488,1.0,84,0.01,0.1,True,0,native
1489,1.0,25,0.01,0.1,True,0,native
1490,1.0,39,0.01,0.1,True,0,native
1491,1.0,20,0.01,0.1,True,0,native
1492,1.0,28,0.01,0.1,True,0,native
1493,1.0,64,0.01,0.1,True,0,native
1494,1.0,20,0.01,0.1,True,0,native
1495,1.0,23,0.01,0.1,True,0,native
1496,1.0,17,0.01,0.1,True,0,native
1497,1.0,51,0.01,0.1,True,0,native
1498,1.0,53,0.01,0.1,True,0,native
1499,1.0,29,0.01,0.1,True,0,native
1500,1.0,24,0.01,0.1,True,0,native
1501,1.0,30,0.01,0.1,True,0,native
1502,1.0,18,0.01,0.1,True,0,native
1503,1.0,37,0.01,0.1,True,0,native
1504,1.0,19,0.01,0.1,True,0,native
1505,1.0,33,0.01,0.1,True,0,native
1506,1.0,23,0.01,0.1,True,0,native
1507,1.0,12,0.01,0.1,True,0,native
1508,1.0,24,0.01,0.1,True,0,native
1509,1.0,21,0.01,0.1,True,0,native
1510,1.0,19,0.01,0.1,True,0,native
1511,1.0,25,0.01,0.1,True,0,native
1512,1.0,19,0.01,0.1,True,0,native
1513,1.0,43,0.01,0.1,True,0,native
1514,1.0,24,0.01,0.1,True,0,native
1515,1.0,25,0.01,0.1,True,0,native
1516,1.0,20,0.01,0.1,True,0,native
1517,1.0,58,0.01,0.1,True,0,native
1518,1.0,36,0.01,0.1,True,0,native
1519,1.0,46,0.01,0.1,True,0,native
1520,1.0,16,0.01,0.1,True,0,native
1521,1.0,14,0.01,0.1,True,0,native
1522,1.0,27,0.01,0.1,True,0,native
1523,1.0,14,0.01,0.1,True,0,native
1524,1.0,32,0.01,0.1,True,0,native
1525,1.0,41,0.01,0.1,True,0,native
1526,1.0,29,0.01,0.1,True,0,native
1527,1.0,62,0.01,0.1,True,0,native
1528,1.0,16,0.01,0.1,True,0,native
1529,1.0,30,0.01,0.1,True,0,native
1530,1.0,30,0.01,0.1,True,0,native
1531,1.0,64,0.01,0.1,True,0,native
1532,1.0,53,0.01,0.1,True,0,native
1533,1.0,21,0.01,0.1,True,0,native
1534,1.0,40,0.01,0.1,True,0,native
1535,1.0,17,0.01,0.1,True,0,native
1536,1.0,25,0.01,0.1,True,0,native
1537,1.0,48,0.01,0.1,True,0,native
1538,1.0,44,0.01,0.1,True,0,native
1539,1.0,19,0.01,0.1,True,0,native
1540,1.0,30,0.01,0.1,True,0,native
1541,1.0,30,0.01,0.1,True,0,native
1542,1.0,26,0.01,0.1,True,0,native
1543,1.0,38,0.01,0.1,True,0,native
1544,1.0,71,0.01,0.1,True,0,native
1545,1.0,48,0.01,0.1,True,0,native
1546,1.0,41,0.01,0.1,True,0,native
1547,1.0,24,0.01,0.1,True,0,native
1548,1.0,18,0.01,0.1,True,0,native
1549,1.0,23,0.01,0.1,True,0,native
1550,1.0,45,0.01,0.1,True,0,native
1551,1.0,50,0.01,0.1,True,0,native
1552,1.0,44,0.01,0.1,True,0,native
1553,1.0,20,0.01,0.1,True,0,native
1554,1.0,35,0.01,0.1,True,0,native
1555,1.0,24,0.01,0.1,True,0,native
1556,1.0,40,0.01,0.1,True,0,native
1557,1.0,98,0.01,0.1,True,0,native
1558,1.0,33,0.01,0.1,True,0,native
1559,1.0,31,0.01,0.1,True,0,native
1560,1.0,11,0.01,0.1,True,0,native
1561,1.0,26,0.01,0.1,True,0,native
1562,1.0,20,0.01,0.1,True,0,native
1563,1.0,10,0.01,0.1,True,0,native
1564,1.0,27,0.01,0.1,True,0,native
1565,1.0,63,0.01,0.1,True,0,native
1566,1.0,43,0.01,0.1,True,0,native
1567,1.0,40,0.01,0.1,True,0,native
1568,1.0,35,0.01,0.1,True,0,native
1569,1.0,31,0.01,0.1,True,0,native
1570,1.0,36,0.01,0.1,True,0,native
1571,1.0,42,0.01,0.1,True,0,native
1572,1.0,39,0.01,0.1,True,0,native
1573,1.0,26,0.01,0.1,True,0,native
1574,1.0,24,0.01,0.1,True,0,native
1575,1.0,21,0.01,0.1,True,0,native
1576,1.0,42,0.01,0.1,True,0,native
1577,1.0,18,0.01,0.1,True,0,native
1578,1.0,19,0.01,0.1,True,0,native
1579,1.0,23,0.01,0.1,True,0,native
1580,1.0,80,0.01,0.1,True,0,native
1581,1.0,18,0.01,0.1,True,0,native
1582,1.0,41,0.01,0.1,True,0,native
1583,1.0,26,0.01,0.1,True,0,native
1584,1.0,18,0.01,0.1,True,0,native
1585,1.0,36,0.01,0.1,True,0,native
1586,1.0,25,0.01,0.1,True,0,native
1587,1.0,27,0.01,0.1,True,0,native
1588,1.0,28,0.01,0.1,True,0,native
1589,1.0,35,0.01,0.1,True,0,native
1590,1.0,10,0.01,0.1,True,0,native
1591,1.0,47,0.01,0.1,True,0,native
1592,1.0,49,0.01,0.1,True,0,native
1593,1.0,54,0.01,0.1,True,0,native
1594,1.0,45,0.01,0.1,True,0,native
1595,1.0,23,0.01,0.1,True,0,native
1596,1.0,61,0.01,0.1,True,0,native
1597,1.0,55,0.01,0.1,True,0,native
1598,1.0,26,0.01,0.1,True,0,native
1599,1.0,56,0.01,0.1,True,0,native
1600,1.0,46,0.01,0.1,True,0,native
1601,1.0,20,0.01,0.1,True,0,native
1602,1.0,51,0.01,0.1,True,0,native
1603,1.0,16,0.01,0.1,True,0,native
1604,1.0,40,0.01,0.1,True,0,native
1605,1.0,19,0.01,0.1,True,0,native
1606,1.0,47,0.01,0.1,True,0,native
1607,1.0,28,0.01,0.1,True,0,native
1608,1.0,44,0.01,0.1,True,0,native
1609,1.0,24,0.01,0.1,True,0,native
1610,1.0,23,0.01,0.1,True,0,native
1611,1.0,42,0.01,0.1,True,0,native
1612,1.0,29,0.01,0.1,True,0,native
1613,1.0,33,0.01,0.1,True,0,native
1614,1.0,49,0.01,0.1,True,0,native
1615,1.0,28,0.01,0.1,True,0,native
1616,1.0,15,0.01,0.1,True,0,native
1617,1.0,85,0.01,0.1,True,0,native
1618,1.0,32,0.01,0.1,True,0,native
1619,1.0,24,0.01,0.1,True,0,native
1620,1.0,16,0.01,0.1,True,0,native
1621,1.0,43,0.01,0.1,True,0,native
1622,1.0,42,0.01,0.1,True,0,native
1623,1.0,13,0.01,0.1,True,0,native
1624,1.0,19,0.01,0.1,True,0,native
1625,1.0,13,0.01,0.1,True,0,native
1626,1.0,46,0.01,0.1,True,0,native
1627,1.0,16,0.01,0.1,True,0,native
1628,1.0,42,0.01,0.1,True,0,native
1629,1.0,16,0.01,0.1,True,0,native
1630,0.0,34,0.01,0.1,True,0,native
1631,1.0,46,0.01,0.1,True,0,native
1632,1.0,24,0.01,0.1,True,0,native
1633,1.0,28,0.01,0.1,True,0,native
1634,1.0,57,0.01,0.1,True,0,native
1635,1.0,18,0.01,0.1,True,0,native
1636,1.0,24,0.01,0.1,True,0,native
1637,1.0,23,0.01,0.1,True,0,native
1638,1.0,23,0.01,0.1,True,0,native
1639,1.0,50,0.01,0.1,True,0,native
1640,1.0,43,0.01,0.1,True,0,native
1641,1.0,33,0.01,0.1,True,0,native
1642,1.0,29,0.01,0.1,True,0,native
1643,1.0,23,0.01,0.1,True,0,native
1644,1.0,66,0.01,0.1,True,0,native
1645,1.0,34,0.01,0.1,True,0,native
1646,0.0,100,0.01,0.1,True,0,native
1647,1.0,39,0.01,0.1,True,0,native
1648,1.0,43,0.01,0.1,True,0,native
1649,1.0,25,0.01,0.1,True,0,native
1650,1.0,31,0.01,0.1,True,0,native
1651,1.0,18,0.01,0.1,True,0,native
1652,1.0,11,0.01,0.1,True,0,native
1653,1.0,39,0.01,0.1,True,0,native
1654,1.0,16,0.01,0.1,True,0,native
1655,1.0,29,0.01,0.1,True,0,native
1656,1.0,27,0.01,0.1,True,0,native
1657,1.0,40,0.01,0.1,True,0,native
1658,1.0,40,0.01,0.1,True,0,native
1659,1.0,16,0.01,0.1,True,0,native
1660,1.0,15,0.01,0.1,True,0,native
1661,1.0,35,0.01,0.1,True,0,native
1662,1.0,19,0.01,0.1,True,0,native
1663,1.0,21,0.01,0.1,True,0,native
1664,1.0,28,0.01,0.1,True,0,native
1665,1.0,14,0.01,0.1,True,0,native
1666,1.0,26,0.01,0.1,True,0,native
1667,1.0,17,0.01,0.1,True,0,native
1668,1.0,58,0.01,0.1,True,0,native
1669,1.0,22,0.01,0.1,True,0,native
1670,1.0,31,0.01,0.1,True,0,native
1671,1.0,45,0.01,0.1,True,0,native
1672,1.0,31,0.01,0.1,True,0,native
1673,1.0,27,0.01,0.1,True,0,native
1674,1.0,39,0.01,0.1,True,0,native
1675,0.0,100,0.01,0.1,True,0,native
1676,1.0,43,0.01,0.1,True,0,native
1677,1.0,22,0.01,0.1,True,0,native
1678,1.0,22,0.01,0.1,True,0,native
1679,1.0,22,0.01,0.1,True,0,native
1680,1.0,17,0.01,0.1,True,0,native
1681,1.0,57,0.01,0.1,True,0,native
1682,1.0,50,0.01,0.1,True,0,native
1683,1.0,28,0.01,0.1,True,0,native
1684,1.0,27,0.01,0.1,True,0,native
1685,1.0,82,0.01,0.1,True,0,native
1686,1.0,23,0.01,0.1,True,0,native
1687,1.0,42,0.01,0.1,True,0,native
1688,1.0,25,0.01,0.1,True,0,native
1689,1.0,49,0.01,0.1,True,0,native
1690,1.0,31,0.01,0.1,True,0,native
1691,1.0,68,0.01,0.1,True,0,native
1692,1.0,37,0.01,0.1,True,0,native
1693,1.0,14,0.01,0.1,True,0,native
1694,1.0,40,0.01,0.1,True,0,native
1695,1.0,37,0.01,0.1,True,0,native
1696,0.0,24,0.01,0.1,True,0,native
1697,1.0,39,0.01,0.1,True,0,native
1698,1.0,24,0.01,0.1,True,0,native
1699,1.0,10,0.01,0.1,True,0,native
1700,1.0,24,0.01,0.1,True,0,native
1701,1.0,23,0.01,0.1,True,0,native
1702,1.0,30,0.01,0.1,True,0,native
1703,1.0,15,0.01,0.1,True,0,native
1704,1.0,61,0.01,0.1,True,0,native
1705,1.0,16,0.01,0.1,True,0,native
1706,1.0,46,0.01,0.1,True,0,native
1707,1.0,43,0.01,0.1,True,0,native
1708,1.0,32,0.01,0.1,True,0,native
1709,1.0,13,0.01,0.1,True,0,native
1710,1.0,18,0.01,0.1,True,0,native
1711,1.0,34,0.01,0.1,True,0,native
1712,1.0,28,0.01,0.1,True,0,native
1713,1.0,35,0.01,0.1,True,0,native
1714,1.0,16,0.01,0.1,True,0,native
1715,1.0,25,0.01,0.1,True,0,native
1716,1.0,51,0.01,0.1,True,0,native
1717,1.0,45,0.01,0.1,True,0,native
1718,1.0,16,0.01,0.1,True,0,native
1719,1.0,34,0.01,0.1,True,0,native
1720,1.0,14,0.01,0.1,True,0,native
1721,1.0,17,0.01,0.1,True,0,native
1722,1.0,21,0.01,0.1,True,0,native
1723,1.0,19,0.01,0.1,True,0,native
1724,1.0,74,0.01,0.1,True,0,native
1725,1.0,34,0.01,0.1,True,0,native
1726,1.0,22,0.01,0.1,True,0,native
1727,1.0,24,0.01,0.1,True,0,native
1728,1.0,36,0.01,0.1,True,0,native
1729,1.0,21,0.01,0.1,True,0,native
1730,1.0,22,0.01,0.1,True,0,native
1731,1.0,18,0.01,0.1,True,0,native
1732,1.0,24,0.01,0.1,True,0,native
1733,1.0,11,0.01,0.1,True,0,native
1734,1.0,37,0.01,0.1,True,0,native
1735,1.0,19,0.01,0.1,True,0,native
1736,1.0,22,0.01,0.1,True,0,native
1737,1.0,43,0.01,0.1,True,0,native
1738,1.0,23,0.01,0.1,True,0,native
1739,1.0,38,0.01,0.1,True,0,native
1740,1.0,23,0.01,0.1,True,0,native
1741,1.0,22,0.01,0.1,True,0,native
1742,1.0,22,0.01,0.1,True,0,native
1743,1.0,22,0.01,0.1,True,0,native
1744,1.0,33,0.01,0.1,True,0,native
1745,1.0,34,0.01,0.1,True,0,native
1746,1.0,38,0.01,0.1,True,0,native
1747,1.0,95,0.01,0.1,True,0,native
1748,1.0,41,0.01,0.1,True,0,native
1749,1.0,38,0.01,0.1,True,0,native
1750,1.0,39,0.01,0.1,True,0,native
1751,1.0,20,0.01,0.1,True,0,native
1752,1.0,26,0.01,0.1,True,0,native
1753,1.0,22,0.01,0.1,True,0,native
1754,1.0,17,0.01,0.1,True,0,native
1755,1.0,15,0.01,0.1,True,0,native
1756,1.0,41,0.01,0.1,True,0,native
1757,1.0,35,0.01,0.1,True,0,native
1758,1.0,23,0.01,0.1,True,0,native
1759,1.0,30,0.01,0.1,True,0,native
1760,1.0,18,0.01,0.1,True,0,native
1761,1.0,28,0.01,0.1,True,0,native
1762,1.0,19,0.01,0.1,True,0,native
1763,0.0,26,0.01,0.1,True,0,native
1764,1.0,26,0.01,0.1,True,0,native
1765,1.0,13,0.01,0.1,True,0,native
1766,1.0,58,0.01,0.1,True,0,native
1767,1.0,45,0.01,0.1,True,0,native
1768,1.0,45,0.01,0.1,True,0,native
1769,1.0,31,0.01,0.1,True,0,native
1770,1.0,59,0.01,0.1,True,0,native
1771,1.0,50,0.01,0.1,True,0,native
1772,1.0,23,0.01,0.1,True,0,native
1773,1.0,18,0.01,0.1,True,0,native
1774,1.0,91,0.01,0.1,True,0,native
1775,1.0,29,0.01,0.1,True,0,native
1776,1.0,20,0.01,0.1,True,0,native
1777,1.0,23,0.01,0.1,True,0,native
1778,1.0,18,0.01,0.1,True,0,native
1779,1.0,19,0.01,0.1,True,0,native
1780,1.0,22,0.01,0.1,True,0,native
1781,1.0,27,0.01,0.1,True,0,native
1782,1.0,82,0.01,0.1,True,0,native
1783,1.0,32,0.01,0.1,True,0,native
1784,1.0,20,0.01,0.1,True,0,native
1785,1.0,72,0.01,0.1,True,0,native
1786,1.0,35,0.01,0.1,True,0,native
1787,1.0,59,0.01,0.1,True,0,native
1788,1.0,30,0.01,0.1,True,0,native
1789,1.0,51,0.01,0.1,True,0,native
1790,1.0,33,0.01,0.1,True,0,native
1791,1.0,14,0.01,0.1,True,0,native
1792,1.0,55,0.01,0.1,True,0,native
1793,1.0,70,0.01,0.1,True,0,native
1794,1.0,56,0.01,0.1,True,0,native
1795,1.0,38,0.01,0.1,True,0,native
1796,1.0,24,0.01,0.1,True,0,native
1797,1.0,27,0.01,0.1,True,0,native
1798,1.0,21,0.01,0.1,True,0,native
1799,1.0,13,0.01,0.1,True,0,native
1800,1.0,31,0.01,0.1,True,0,native
1801,1.0,30,0.01,0.1,True,0,native
1802,1.0,22,0.01,0.1,True,0,native
1803,1.0,12,0.01,0.1,True,0,native
1804,1.0,17,0.01,0.1,True,0,native
1805,1.0,15,0.01,0.1,True,0,native
1806,1.0,14,0.01,0.1,True,0,native
1807,1.0,29,0.01,0.1,True,0,native
1808,1.0,37,0.01,0.1,True,0,native
1809,1.0,39,0.01,0.1,True,0,native
1810,1.0,26,0.01,0.1,True,0,native
1811,1.0,32,0.01,0.1,True,0,native
1812,1.0,30,0.01,0.1,True,0,native
1813,1.0,74,0.01,0.1,True,0,native
1814,1.0,23,0.01,0.1,True,0,native
1815,1.0,51,0.01,0.1,True,0,native
1816,1.0,34,0.01,0.1,True,0,native
1817,1.0,16,0.01,0.1,True,0,native
1818,1.0,49,0.01,0.1,True,0,native
1819,1.0,34,0.01,0.1,True,0,native
1820,1.0,58,0.01,0.1,True,0,native
1821,1.0,42,0.01,0.1,True,0,native
1822,1.0,31,0.01,0.1,True,0,native
1823,1.0,19,0.01,0.1,True,0,native
1824,1.0,23,0.01,0.1,True,0,native
1825,1.0,24,0.01,0.1,True,0,native
1826,1.0,46,0.01,0.1,True,0,native
1827,1.0,38,0.01,0.1,True,0,native
1828,1.0,28,0.01,0.1,True,0,native
1829,1.0,44,0.01,0.1,True,0,native
1830,1.0,21,0.01,0.1,True,0,native
1831,0.0,28,0.01,0.1,True,0,native
1832,1.0,32,0.01,0.1,True,0,native
1833,1.0,37,0.01,0.1,True,0,native
1834,1.0,26,0.01,0.1,True,0,native
1835,1.0,16,0.01,0.1,True,0,native
1836,1.0,31,0.01,0.1,True,0,native
1837,1.0,23,0.01,0.1,True,0,native
1838,1.0,35,0.01,0.1,True,0,native
1839,1.0,10,0.01,0.1,True,0,native
1840,1.0,16,0.01,0.1,True,0,native
1841,1.0,77,0.01,0.1,True,0,native
1842,1.0,47,0.01,0.1,True,0,native
1843,1.0,45,0.01,0.1,True,0,native
1844,1.0,34,0.01,0.1,True,0,native
1845,1.0,33,0.01,0.1,True,0,native
1846,1.0,70,0.01,0.1,True,0,native
1847,1.0,33,0.01,0.1,True,0,native
1848,1.0,30,0.01,0.1,True,0,native
1849,1.0,43,0.01,0.1,True,0,native
1850,1.0,39,0.01,0.1,True,0,native
1851,1.0,48,0.01,0.1,True,0,native
1852,1.0,33,0.01,0.1,True,0,native
1853,1.0,13,0.01,0.1,True,0,native
1854,1.0,34,0.01,0.1,True,0,native
1855,1.0,26,0.01,0.1,True,0,native
1856,1.0,34,0.01,0.1,True,0,native
1857,1.0,11,0.01,0.1,True,0,native
1858,1.0,20,0.01,0.1,True,0,native
1859,1.0,44,0.01,0.1,True,0,native
1860,1.0,34,0.01,0.1,True,0,native
1861,1.0,28,0.01,0.1,True,0,native
1862,1.0,10,0.01,0.1,True,0,native
1863,1.0,53,0.01,0.1,True,0,native
1864,1.0,74,0.01,0.1,True,0,native
1865,1.0,45,0.01,0.1,True,0,native
1866,1.0,34,0.01,0.1,True,0,native
1867,1.0,19,0.01,0.1,True,0,native
1868,1.0,47,0.01,0.1,True,0,native
1869,1.0,44,0.01,0.1,True,0,native
1870,0.0,51,0.01,0.1,True,0,native
1871,1.0,13,0.01,0.1,True,0,native
1872,1.0,25,0.01,0.1,True,0,native
1873,1.0,35,0.01,0.1,True,0,native
1874,1.0,24,0.01,0.1,True,0,native
1875,1.0,80,0.01,0.1,True,0,native
1876,1.0,31,0.01,0.1,True,0,native
1877,1.0,22,0.01,0.1,True,0,native
1878,1.0,42,0.01,0.1,True,0,native
1879,1.0,18,0.01,0.1,True,0,native
1880,1.0,12,0.01,0.1,True,0,native
1881,1.0,19,0.01,0.1,True,0,native
1882,1.0,66,0.01,0.1,True,0,native
1883,1.0,28,0.01,0.1,True,0,native
1884,1.0,21,0.01,0.1,True,0,native
1885,1.0,36,0.01,0.1,True,0,native
1886,1.0,64,0.01,0.1,True,0,native
1887,1.0,19,0.01,0.1,True,0,native
1888,1.0,32,0.01,0.1,True,0,native
1889,1.0,35,0.01,0.1,True,0,native
1890,1.0,44,0.01,0.1,True,0,native
1891,1.0,54,0.01,0.1,True,0,native
1892,0.0,16,0.01,0.1,True,0,native
1893,1.0,32,0.01,0.1,True,0,native
1894,1.0,32,0.01,0.1,True,0,native
1895,1.0,15,0.01,0.1,True,0,native
1896,1.0,36,0.01,0.1,True,0,native
1897,1.0,21,0.01,0.1,True,0,native
1898,1.0,35,0.01,0.1,True,0,native
1899,1.0,23,0.01,0.1,True,0,native
1900,1.0,27,0.01,0.1,True,0,native
1901,1.0,44,0.01,0.1,True,0,native
1902,1.0,17,0.01,0.1,True,0,native
1903,1.0,85,0.01,0.1,True,0,native
1904,1.0,17,0.01,0.1,True,0,native
1905,1.0,45,0.01,0.1,True,0,native
1906,1.0,29,0.01,0.1,True,0,native
1907,1.0,45,0.01,0.1,True,0,native
1908,1.0,44,0.01,0.1,True,0,native
1909,1.0,50,0.01,0.1,True,0,native
1910,1.0,39,0.01,0.1,True,0,native
1911,1.0,29,0.01,0.1,True,0,native
1912,1.0,35,0.01,0.1,True,0,native
1913,1.0,40,0.01,0.1,True,0,native
1914,1.0,19,0.01,0.1,True,0,native
1915,1.0,58,0.01,0.1,True,0,native
1916,1.0,37,0.01,0.1,True,0,native
1917,1.0,47,0.01,0.1,True,0,native
1918,1.0,35,0.01,0.1,True,0,native
1919,1.0,28,0.01,0.1,True,0,native
1920,1.0,35,0.01,0.1,True,0,native
1921,1.0,22,0.01,0.1,True,0,native
1922,1.0,15,0.01,0.1,True,0,native
1923,1.0,14,0.01,0.1,True,0,native
1924,1.0,33,0.01,0.1,True,0,native
1925,1.0,16,0.01,0.1,True,0,native
1926,1.0,27,0.01,0.1,True,0,native
1927,1.0,55,0.01,0.1,True,0,native
1928,1.0,54,0.01,0.1,True,0,native
1929,1.0,19,0.01,0.1,True,0,native
1930,1.0,13,0.01,0.1,True,0,native
1931,1.0,14,0.01,0.1,True,0,native
1932,1.0,33,0.01,0.1,True,0,native
1933,1.0,26,0.01,0.1,True,0,native
1934,1.0,24,0.01,0.1,True,0,native
1935,1.0,12,0.01,0.1,True,0,native
1936,1.0,61,0.01,0.1,True,0,native
1937,1.0,46,0.01,0.1,True,0,native
1938,1.0,44,0.01,0.1,True,0,native
1939,1.0,29,0.01,0.1,True,0,native
1940,1.0,20,0.01,0.1,True,0,native
1941,1.0,27,0.01,0.1,True,0,native
1942,1.0,26,0.01,0.1,True,0,native
1943,1.0,26,0.01,0.1,True,0,native
1944,1.0,31,0.01,0.1,True,0,native
1945,1.0,20,0.01,0.1,True,0,native
1946,1.0,46,0.01,0.1,True,0,native
1947,0.0,10,0.01,0.1,True,0,native
1948,1.0,41,0.01,0.1,True,0,native
1949,1.0,19,0.01,0.1,True,0,native
1950,1.0,51,0.01,0.1,True,0,native
1951,1.0,70,0.01,0.1,True,0,native
1952,1.0,48,0.01,0.1,True,0,native
1953,1.0,43,0.01,0.1,True,0,native
1954,1.0,23,0.01,0.1,True,0,native
1955,1.0,52,0.01,0.1,True,0,native
1956,1.0,19,0.01,0.1,True,0,native
1957,1.0,40,0.01,0.1,True,0,native
1958,1.0,27,0.01,0.1,True,0,native
1959,1.0,15,0.01,0.1,True,0,native
1960,1.0,20,0.01,0.1,True,0,native
1961,1.0,56,0.01,0.1,True,0,native
1962,1.0,8,0.01,0.1,True,0,native
1963,1.0,17,0.01,0.1,True,0,native
1964,1.0,19,0.01,0.1,True,0,native
1965,1.0,21,0.01,0.1,True,0,native
1966,1.0,33,0.01,0.1,True,0,native
1967,1.0,29,0.01,0.1,True,0,native
1968,1.0,54,0.01,0.1,True,0,native
1969,1.0,24,0.01,0.1,True,0,native
1970,1.0,27,0.01,0.1,True,0,native
1971,1.0,65,0.01,0.1,True,0,native
1972,1.0,48,0.01,0.1,True,0,native
1973,1.0,16,0.01,0.1,True,0,native
1974,1.0,16,0.01,0.1,True,0,native
1975,1.0,37,0.01,0.1,True,0,native
1976,1.0,16,0.01,0.1,True,0,native
1977,1.0,23,0.01,0.1,True,0,native
1978,1.0,26,0.01,0.1,True,0,native
1979,1.0,42,0.01,0.1,True,0,native
1980,1.0,40,0.01,0.1,True,0,native
1981,1.0,53,0.01,0.1,True,0,native
1982,1.0,25,0.01,0.1,True,0,native
1983,1.0,93,0.01,0.1,True,0,native
1984,1.0,22,0.01,0.1,True,0,native
1985,1.0,19,0.01,0.1,True,0,native
1986,1.0,24,0.01,0.1,True,0,native
1987,1.0,34,0.01,0.1,True,0,native
1988,1.0,64,0.01,0.1,True,0,native
1989,1.0,29,0.01,0.1,True,0,native
1990,1.0,45,0.01,0.1,True,0,native
1991,1.0,27,0.01,0.1,True,0,native
1992,1.0,22,0.01,0.1,True,0,native
1993,0.0,33,0.01,0.1,True,0,native
1994,1.0,19,0.01,0.1,True,0,native
1995,1.0,97,0.01,0.1,True,0,native
1996,1.0,43,0.01,0.1,True,0,native
1997,1.0,20,0.01,0.1,True,0,native
1998,1.0,13,0.01,0.1,True,0,native
1999,1.0,28,0.01,0.1,True,0,native
2000,1.0,24,0.01,0.1,True,0,native
2001,1.0,43,0.01,0.1,True,0,native
2002,1.0,16,0.01,0.1,True,0,native
2003,0.0,59,0.01,0.1,True,0,native
2004,1.0,20,0.01,0.1,True,0,native
2005,1.0,27,0.01,0.1,True,0,native
2006,1.0,67,0.01,0.1,True,0,native
2007,1.0,20,0.01,0.1,True,0,native
2008,1.0,37,0.01,0.1,True,0,native
2009,1.0,57,0.01,0.1,True,0,native
2010,1.0,24,0.01,0.1,True,0,native
2011,1.0,21,0.01,0.1,True,0,native
2012,1.0,91,0.01,0.1,True,0,native
2013,1.0,31,0.01,0.1,True,0,native
2014,1.0,53,0.01,0.1,True,0,native
2015,1.0,30,0.01,0.1,True,0,native
2016,1.0,17,0.01,0.1,True,0,native
2017,1.0,37,0.01,0.1,True,0,native
2018,1.0,18,0.01,0.1,True,0,native
2019,1.0,45,0.01,0.1,True,0,native
2020,1.0,80,0.01,0.1,True,0,native
2021,1.0,29,0.01,0.1,True,0,native
2022,1.0,28,0.01,0.1,True,0,native
2023,1.0,9,0.01,0.1,True,0,native
2024,1.0,19,0.01,0.1,True,0,native
2025,1.0,24,0.01,0.1,True,0,native
2026,1.0,37,0.01,0.1,True,0,native
2027,1.0,14,0.01,0.1,True,0,native
2028,1.0,19,0.01,0.1,True,0,native
2029,0.0,5,0.01,0.1,True,0,native
2030,1.0,34,0.01,0.1,True,0,native
2031,1.0,30,0.01,0.1,True,0,native
2032,1.0,12,0.01,0.1,True,0,native
2033,1.0,26,0.01,0.1,True,0,native
2034,1.0,41,0.01,0.1,True,0,native
2035,1.0,39,0.01,0.1,True,0,native
2036,1.0,23,0.01,0.1,True,0,native
2037,1.0,31,0.01,0.1,True,0,native
2038,1.0,25,0.01,0.1,True,0,native
2039,1.0,22,0.01,0.1,True,0,native
2040,1.0,29,0.01,0.1,True,0,native
2041,1.0,15,0.01,0.1,True,0,native
2042,1.0,37,0.01,0.1,True,0,native
2043,1.0,18,0.01,0.1,True,0,native
2044,1.0,16,0.01,0.1,True,0,native
2045,1.0,42,0.01,0.1,True,0,native
2046,1.0,28,0.01,0.1,True,0,native
2047,1.0,29,0.01,0.1,True,0,native
2048,1.0,19,0.01,0.1,True,0,native
2049,1.0,42,0.01,0.1,True,0,native
2050,1.0,49,0.01,0.1,True,0,native
2051,1.0,13,0.01,0.1,True,0,native
2052,1.0,20,0.01,0.1,True,0,native
2053,1.0,23,0.01,0.1,True,0,native
2054,1.0,43,0.01,0.1,True,0,native
2055,1.0,47,0.01,0.1,True,0,native
2056,1.0,19,0.01,0.1,True,0,native
2057,1.0,25,0.01,0.1,True,0,native
2058,1.0,29,0.01,0.1,True,0,native
2059,1.0,25,0.01,0.1,True,0,native
2060,1.0,25,0.01,0.1,True,0,native
2061,1.0,25,0.01,0.1,True,0,native
2062,1.0,15,0.01,0.1,True,0,native
2063,1.0,64,0.01,0.1,True,0,native
2064,1.0,83,0.01,0.1,True,0,native
2065,1.0,77,0.01,0.1,True,0,native
2066,1.0,56,0.01,0.1,True,0,native
2067,1.0,17,0.01,0.1,True,0,native
2068,0.0,10,0.01,0.1,True,0,native
2069,1.0,15,0.01,0.1,True,0,native
2070,1.0,51,0.01,0.1,True,0,native
2071,1.0,25,0.01,0.1,True,0,native
2072,1.0,28,0.01,0.1,True,0,native
2073,1.0,36,0.01,0.1,True,0,native
2074,1.0,26,0.01,0.1,True,0,native
2075,1.0,14,0.01,0.1,True,0,native
2076,1.0,30,0.01,0.1,True,0,native
2077,1.0,28,0.01,0.1,True,0,native
2078,1.0,55,0.01,0.1,True,0,native
2079,1.0,51,0.01,0.1,True,0,native
2080,1.0,34,0.01,0.1,True,0,native
2081,1.0,16,0.01,0.1,True,0,native
2082,1.0,23,0.01,0.1,True,0,native
2083,1.0,12,0.01,0.1,True,0,native
2084,1.0,30,0.01,0.1,True,0,native
2085,1.0,12,0.01,0.1,True,0,native
2086,1.0,20,0.01,0.1,True,0,native
2087,1.0,24,0.01,0.1,True,0,native
2088,1.0,41,0.01,0.1,True,0,native
2089,1.0,42,0.01,0.1,True,0,native
2090,1.0,21,0.01,0.1,True,0,native
2091,1.0,31,0.01,0.1,True,0,native
2092,1.0,33,0.01,0.1,True,0,native
2093,1.0,60,0.01,0.1,True,0,native
2094,1.0,24,0.01,0.1,True,0,native
2095,1.0,79,0.01,0.1,True,0,native
2096,1.0,18,0.01,0.1,True,0,native
2097,1.0,32,0.01,0.1,True,0,native
2098,1.0,35,0.01,0.1,True,0,native
2099,1.0,53,0.01,0.1,True,0,native
2100,1.0,17,0.01,0.1,True,0,native
2101,1.0,47,0.01,0.1,True,0,native
2102,1.0,23,0.01,0.1,True,0,native
2103,1.0,11,0.01,0.1,True,0,native
2104,1.0,73,0.01,0.1,True,0,native
2105,1.0,58,0.01,0.1,True,0,native
2106,1.0,24,0.01,0.1,True,0,native
2107,1.0,24,0.01,0.1,True,0,native
2108,1.0,34,0.01,0.1,True,0,native
2109,1.0,11,0.01,0.1,True,0,native
2110,1.0,30,0.01,0.1,True,0,native
2111,1.0,51,0.01,0.1,True,0,native
2112,1.0,17,0.01,0.1,True,0,native
2113,1.0,28,0.01,0.1,True,0,native
2114,1.0,19,0.01,0.1,True,0,native
2115,0.0,51,0.01,0.1,True,0,native
2116,1.0,39,0.01,0.1,True,0,native
2117,1.0,22,0.01,0.1,True,0,native
2118,1.0,23,0.01,0.1,True,0,native
2119,1.0,13,0.01,0.1,True,0,native
2120,1.0,32,0.01,0.1,True,0,native
2121,1.0,19,0.01,0.1,True,0,native
2122,1.0,40,0.01,0.1,True,0,native
2123,1.0,25,0.01,0.1,True,0,native
2124,1.0,27,0.01,0.1,True,0,native
2125,1.0,17,0.01,0.1,True,0,native
2126,1.0,18,0.01,0.1,True,0,native
2127,1.0,25,0.01,0.1,True,0,native
2128,1.0,30,0.01,0.1,True,0,native
2129,1.0,33,0.01,0.1,True,0,native
2130,1.0,29,0.01,0.1,True,0,native
2131,1.0,20,0.01,0.1,True,0,native
2132,1.0,39,0.01,0.1,True,0,native
2133,1.0,51,0.01,0.1,True,0,native
2134,1.0,47,0.01,0.1,True,0,native
2135,1.0,32,0.01,0.1,True,0,native
2136,0.0,100,0.01,0.1,True,0,native
2137,1.0,53,0.01,0.1,True,0,native
2138,1.0,21,0.01,0.1,True,0,native
2139,1.0,54,0.01,0.1,True,0,native
2140,1.0,18,0.01,0.1,True,0,native
2141,1.0,20,0.01,0.1,True,0,native
2142,1.0,68,0.01,0.1,True,0,native
2143,1.0,19,0.01,0.1,True,0,native
2144,1.0,14,0.01,0.1,True,0,native
2145,1.0,22,0.01,0.1,True,0,native
2146,1.0,35,0.01,0.1,True,0,native
2147,1.0,32,0.01,0.1,True,0,native
2148,1.0,23,0.01,0.1,True,0,native
2149,1.0,21,0.01,0.1,True,0,native
2150,1.0,51,0.01,0.1,True,0,native
2151,1.0,15,0.01,0.1,True,0,native
2152,1.0,48,0.01,0.1,True,0,native
2153,1.0,26,0.01,0.1,True,0,native
2154,1.0,25,0.01,0.1,True,0,native
2155,1.0,15,0.01,0.1,True,0,native
2156,1.0,28,0.01,0.1,True,0,native
2157,1.0,21,0.01,0.1,True,0,native
2158,1.0,38,0.01,0.1,True,0,native
2159,1.0,60,0.01,0.1,True,0,native
2160,1.0,41,0.01,0.1,True,0,native
2161,1.0,63,0.01,0.1,True,0,native
2162,1.0,18,0.01,0.1,True,0,native
2163,0.0,67,0.01,0.1,True,0,native
2164,1.0,59,0.01,0.1,True,0,native
2165,1.0,25,0.01,0.1,True,0,native
2166,1.0,21,0.01,0.1,True,0,native
2167,1.0,13,0.01,0.1,True,0,native
2168,1.0,15,0.01,0.1,True,0,native
2169,1.0,33,0.01,0.1,True,0,native
2170,1.0,22,0.01,0.1,True,0,native
2171,1.0,33,0.01,0.1,True,0,native
2172,1.0,16,0.01,0.1,True,0,native
2173,1.0,45,0.01,0.1,True,0,native
2174,1.0,21,0.01,0.1,True,0,native
2175,1.0,54,0.01,0.1,True,0,native
2176,1.0,24,0.01,0.1,True,0,native
2177,1.0,22,0.01,0.1,True,0,native
2178,1.0,11,0.01,0.1,True,0,native
2179,1.0,29,0.01,0.1,True,0,native
2180,1.0,27,0.01,0.1,True,0,native
2181,1.0,16,0.01,0.1,True,0,native
2182,1.0,15,0.01,0.1,True,0,native
2183,1.0,15,0.01,0.1,True,0,native
2184,1.0,27,0.01,0.1,True,0,native
2185,1.0,26,0.01,0.1,True,0,native
2186,1.0,36,0.01,0.1,True,0,native
2187,1.0,47,0.01,0.1,True,0,native
2188,1.0,29,0.01,0.1,True,0,native
2189,1.0,50,0.01,0.1,True,0,native
2190,1.0,41,0.01,0.1,True,0,native
2191,1.0,26,0.01,0.1,True,0,native
2192,1.0,15,0.01,0.1,True,0,native
2193,1.0,12,0.01,0.1,True,0,native
2194,1.0,43,0.01,0.1,True,0,native
2195,1.0,26,0.01,0.1,True,0,native
2196,1.0,19,0.01,0.1,True,0,native
2197,1.0,44,0.01,0.1,True,0,native
2198,1.0,55,0.01,0.1,True,0,native
2199,1.0,40,0.01,0.1,True,0,native
2200,1.0,19,0.01,0.1,True,0,native
2201,1.0,72,0.01,0.1,True,0,native
2202,1.0,17,0.01,0.1,True,0,native
2203,1.0,17,0.01,0.1,True,0,native
2204,1.0,29,0.01,0.1,True,0,native
2205,1.0,31,0.01,0.1,True,0,native
2206,1.0,39,0.01,0.1,True,0,native
2207,1.0,12,0.01,0.1,True,0,native
2208,1.0,23,0.01,0.1,True,0,native
2209,1.0,14,0.01,0.1,True,0,native
2210,1.0,23,0.01,0.1,True,0,native
2211,1.0,23,0.01,0.1,True,0,native
2212,1.0,25,0.01,0.1,True,0,native
2213,1.0,23,0.01,0.1,True,0,native
2214,1.0,22,0.01,0.1,True,0,native
2215,1.0,19,0.01,0.1,True,0,native
2216,1.0,39,0.01,0.1,True,0,native
2217,1.0,19,0.01,0.1,True,0,native
2218,1.0,37,0.01,0.1,True,0,native
2219,1.0,19,0.01,0.1,True,0,native
2220,1.0,20,0.01,0.1,True,0,native
2221,1.0,38,0.01,0.1,True,0,native
2222,1.0,13,0.01,0.1,True,0,native
2223,1.0,35,0.01,0.1,True,0,native
2224,1.0,62,0.01,0.1,True,0,native
2225,1.0,28,0.01,0.1,True,0,native
2226,1.0,25,0.01,0.1,True,0,native
2227,1.0,26,0.01,0.1,True,0,native
2228,1.0,31,0.01,0.1,True,0,native
2229,1.0,21,0.01,0.1,True,0,native
2230,1.0,28,0.01,0.1,True,0,native
2231,1.0,19,0.01,0.1,True,0,native
2232,1.0,40,0.01,0.1,True,0,native
2233,1.0,31,0.01,0.1,True,0,native
2234,1.0,13,0.01,0.1,True,0,native
2235,1.0,33,0.01,0.1,True,0,native
2236,1.0,44,0.01,0.1,True,0,native
2237,1.0,22,0.01,0.1,True,0,native
2238,1.0,52,0.01,0.1,True,0,native
2239,1.0,20,0.01,0.1,True,0,native
2240,1.0,22,0.01,0.1,True,0,native
2241,1.0,42,0.01,0.1,True,0,native
2242,1.0,51,0.01,0.1,True,0,native
2243,0.0,14,0.01,0.1,True,0,native
2244,1.0,41,0.01,0.1,True,0,native
2245,1.0,13,0.01,0.1,True,0,native
2246,1.0,19,0.01,0.1,True,0,native
2247,1.0,15,0.01,0.1,True,0,native
2248,1.0,21,0.01,0.1,True,0,native
2249,1.0,14,0.01,0.1,True,0,native
2250,1.0,15,0.01,0.1,True,0,native
2251,1.0,22,0.01,0.1,True,0,native
2252,1.0,31,0.01,0.1,True,0,native
2253,1.0,38,0.01,0.1,True,0,native
2254,1.0,31,0.01,0.1,True,0,native
2255,1.0,58,0.01,0.1,True,0,native
2256,1.0,56,0.01,0.1,True,0,native
2257,1.0,29,0.01,0.1,True,0,native
2258,1.0,24,0.01,0.1,True,0,native
2259,1.0,9,0.01,0.1,True,0,native
2260,1.0,34,0.01,0.1,True,0,native
2261,1.0,22,0.01,0.1,True,0,native
2262,1.0,34,0.01,0.1,True,0,native
2263,1.0,53,0.01,0.1,True,0,native
2264,1.0,16,0.01,0.1,True,0,native
2265,1.0,10,0.01,0.1,True,0,native
2266,1.0,25,0.01,0.1,True,0,native
2267,1.0,21,0.01,0.1,True,0,native
2268,1.0,23,0.01,0.1,True,0,native
2269,1.0,13,0.01,0.1,True,0,native
2270,1.0,15,0.01,0.1,True,0,native
2271,1.0,11,0.01,0.1,True,0,native
2272,1.0,39,0.01,0.1,True,0,native
2273,1.0,48,0.01,0.1,True,0,native
2274,1.0,20,0.01,0.1,True,0,native
2275,1.0,17,0.01,0.1,True,0,native
2276,1.0,22,0.01,0.1,True,0,native
2277,1.0,13,0.01,0.1,True,0,native
2278,1.0,29,0.01,0.1,True,0,native
2279,1.0,15,0.01,0.1,True,0,native
2280,1.0,52,0.01,0.1,True,0,native
2281,1.0,73,0.01,0.1,True,0,native
2282,1.0,27,0.01,0.1,True,0,native
2283,1.0,22,0.01,0.1,True,0,native
2284,1.0,20,0.01,0.1,True,0,native
2285,1.0,16,0.01,0.1,True,0,native
2286,1.0,37,0.01,0.1,True,0,native
2287,1.0,56,0.01,0.1,True,0,native
2288,1.0,24,0.01,0.1,True,0,native
2289,1.0,28,0.01,0.1,True,0,native
2290,1.0,60,0.01,0.1,True,0,native
2291,0.0,20,0.01,0.1,True,0,native
2292,1.0,21,0.01,0.1,True,0,native
2293,1.0,31,0.01,0.1,True,0,native
2294,1.0,22,0.01,0.1,True,0,native
2295,1.0,37,0.01,0.1,True,0,native
2296,1.0,51,0.01,0.1,True,0,native
2297,1.0,32,0.01,0.1,True,0,native
2298,1.0,15,0.01,0.1,True,0,native
2299,1.0,42,0.01,0.1,True,0,native
2300,1.0,12,0.01,0.1,True,0,native
2301,1.0,18,0.01,0.1,True,0,native
2302,1.0,22,0.01,0.1,True,0,native
2303,1.0,28,0.01,0.1,True,0,native
2304,1.0,17,0.01,0.1,True,0,native
2305,1.0,40,0.01,0.1,True,0,native
2306,1.0,42,0.01,0.1,True,0,native
2307,1.0,45,0.01,0.1,True,0,native
2308,1.0,13,0.01,0.1,True,0,native
2309,1.0,61,0.01,0.1,True,0,native
2310,1.0,38,0.01,0.1,True,0,native
2311,1.0,22,0.01,0.1,True,0,native
2312,1.0,27,0.01,0.1,True,0,native
2313,1.0,19,0.01,0.1,True,0,native
2314,1.0,19,0.01,0.1,True,0,native
2315,1.0,27,0.01,0.1,True,0,native
2316,1.0,12,0.01,0.1,True,0,native
2317,1.0,21,0.01,0.1,True,0,native
2318,1.0,36,0.01,0.1,True,0,native
2319,1.0,29,0.01,0.1,True,0,native
2320,1.0,70,0.01,0.1,True,0,native
2321,1.0,26,0.01,0.1,True,0,native
2322,0.0,100,0.01,0.1,True,0,native
2323,1.0,24,0.01,0.1,True,0,native
2324,1.0,20,0.01,0.1,True,0,native
2325,1.0,38,0.01,0.1,True,0,native
2326,1.0,28,0.01,0.1,True,0,native
2327,1.0,38,0.01,0.1,True,0,native
2328,1.0,23,0.01,0.1,True,0,native
2329,1.0,28,0.01,0.1,True,0,native
2330,1.0,47,0.01,0.1,True,0,native
2331,1.0,42,0.01,0.1,True,0,native
2332,1.0,23,0.01,0.1,True,0,native
2333,1.0,47,0.01,0.1,True,0,native
2334,1.0,74,0.01,0.1,True,0,native
2335,1.0,32,0.01,0.1,True,0,native
2336,1.0,34,0.01,0.1,True,0,native
2337,1.0,74,0.01,0.1,True,0,native
2338,1.0,47,0.01,0.1,True,0,native
2339,0.0,11,0.01,0.1,True,0,native
2340,1.0,18,0.01,0.1,True,0,native
2341,1.0,33,0.01,0.1,True,0,native
2342,1.0,46,0.01,0.1,True,0,native
2343,1.0,21,0.01,0.1,True,0,native
2344,1.0,36,0.01,0.1,True,0,native
2345,1.0,18,0.01,0.1,True,0,native
2346,1.0,20,0.01,0.1,True,0,native
2347,1.0,43,0.01,0.1,True,0,native
2348,1.0,34,0.01,0.1,True,0,native
2349,1.0,38,0.01,0.1,True,0,native
2350,1.0,31,0.01,0.1,True,0,native
2351,1.0,38,0.01,0.1,True,0,native
2352,1.0,27,0.01,0.1,True,0,native
2353,1.0,74,0.01,0.1,True,0,native
2354,1.0,24,0.01,0.1,True,0,native
2355,1.0,25,0.01,0.1,True,0,native
2356,1.0,17,0.01,0.1,True,0,native
2357,1.0,55,0.01,0.1,True,0,native
2358,1.0,24,0.01,0.1,True,0,native
2359,1.0,24,0.01,0.1,True,0,native
2360,1.0,97,0.01,0.1,True,0,native
2361,1.0,22,0.01,0.1,True,0,native
2362,1.0,34,0.01,0.1,True,0,native
2363,1.0,23,0.01,0.1,True,0,native
2364,1.0,56,0.01,0.1,True,0,native
2365,1.0,17,0.01,0.1,True,0,native
2366,1.0,30,0.01,0.1,True,0,native
2367,1.0,24,0.01,0.1,True,0,native
2368,1.0,81,0.01,0.1,True,0,native
2369,1.0,21,0.01,0.1,True,0,native
2370,1.0,52,0.01,0.1,True,0,native
2371,1.0,20,0.01,0.1,True,0,native
2372,1.0,22,0.01,0.1,True,0,native
2373,1.0,38,0.01,0.1,True,0,native
2374,1.0,36,0.01,0.1,True,0,native
2375,1.0,71,0.01,0.1,True,0,native
2376,1.0,34,0.01,0.1,True,0,native
2377,1.0,34,0.01,0.1,True,0,native
2378,1.0,24,0.01,0.1,True,0,native
2379,0.0,19,0.01,0.1,True,0,native
2380,1.0,25,0.01,0.1,True,0,native
2381,1.0,19,0.01,0.1,True,0,native
2382,1.0,26,0.01,0.1,True,0,native
2383,1.0,39,0.01,0.1,True,0,native
2384,1.0,15,0.01,0.1,True,0,native
2385,1.0,23,0.01,0.1,True,0,native
2386,1.0,28,0.01,0.1,True,0,native
2387,1.0,14,0.01,0.1,True,0,native
2388,1.0,36,0.01,0.1,True,0,native
2389,1.0,15,0.01,0.1,True,0,native
2390,1.0,18,0.01,0.1,True,0,native
2391,1.0,55,0.01,0.1,True,0,native
2392,1.0,38,0.01,0.1,True,0,native
2393,1.0,59,0.01,0.1,True,0,native
2394,1.0,42,0.01,0.1,True,0,native
2395,0.0,13,0.01,0.1,True,0,native
2396,1.0,22,0.01,0.1,True,0,native
2397,1.0,33,0.01,0.1,True,0,native
2398,1.0,31,0.01,0.1,True,0,native
2399,1.0,24,0.01,0.1,True,0,native
2400,1.0,13,0.01,0.1,True,0,native
2401,1.0,13,0.01,0.1,True,0,native
2402,1.0,35,0.01,0.1,True,0,native
2403,1.0,22,0.01,0.1,True,0,native
2404,1.0,23,0.01,0.1,True,0,native
2405,1.0,18,0.01,0.1,True,0,native
2406,1.0,16,0.01,0.1,True,0,native
2407,1.0,42,0.01,0.1,True,0,native
2408,1.0,73,0.01,0.1,True,0,native
2409,1.0,35,0.01,0.1,True,0,native
2410,1.0,22,0.01,0.1,True,0,native
2411,1.0,29,0.01,0.1,True,0,native
2412,1.0,33,0.01,0.1,True,0,native
2413,1.0,30,0.01,0.1,True,0,native
2414,1.0,43,0.01,0.1,True,0,native
2415,1.0,37,0.01,0.1,True,0,native
2416,1.0,49,0.01,0.1,True,0,native
2417,1.0,29,0.01,0.1,True,0,native
2418,1.0,31,0.01,0.1,True,0,native
2419,1.0,55,0.01,0.1,True,0,native
2420,1.0,33,0.01,0.1,True,0,native
2421,1.0,59,0.01,0.1,True,0,native
2422,1.0,50,0.01,0.1,True,0,native
2423,1.0,25,0.01,0.1,True,0,native
2424,1.0,53,0.01,0.1,True,0,native
2425,1.0,36,0.01,0.1,True,0,native
2426,1.0,24,0.01,0.1,True,0,native
2427,1.0,36,0.01,0.1,True,0,native
2428,1.0,30,0.01,0.1,True,0,native
2429,1.0,55,0.01,0.1,True,0,native
2430,1.0,66,0.01,0.1,True,0,native
2431,1.0,25,0.01,0.1,True,0,native
2432,1.0,42,0.01,0.1,True,0,native
2433,1.0,16,0.01,0.1,True,0,native
2434,1.0,21,0.01,0.1,True,0,native
2435,1.0,21,0.01,0.1,True,0,native
2436,1.0,28,0.01,0.1,True,0,native
2437,1.0,42,0.01,0.1,True,0,native
2438,1.0,13,0.01,0.1,True,0,native
2439,1.0,30,0.01,0.1,True,0,native
2440,1.0,73,0.01,0.1,True,0,native
2441,1.0,22,0.01,0.1,True,0,native
2442,1.0,24,0.01,0.1,True,0,native
2443,1.0,35,0.01,0.1,True,0,native
2444,1.0,33,0.01,0.1,True,0,native
2445,1.0,25,0.01,0.1,True,0,native
2446,1.0,56,0.01,0.1,True,0,native
2447,1.0,26,0.01,0.1,True,0,native
2448,0.0,31,0.01,0.1,True,0,native
2449,1.0,23,0.01,0.1,True,0,native
2450,1.0,11,0.01,0.1,True,0,native
2451,1.0,37,0.01,0.1,True,0,native
2452,1.0,34,0.01,0.1,True,0,native
2453,1.0,24,0.01,0.1,True,0,native
2454,1.0,36,0.01,0.1,True,0,native
2455,1.0,71,0.01,0.1,True,0,native
2456,1.0,33,0.01,0.1,True,0,native
2457,1.0,10,0.01,0.1,True,0,native
2458,1.0,23,0.01,0.1,True,0,native
2459,1.0,70,0.01,0.1,True,0,native
2460,1.0,14,0.01,0.1,True,0,native
2461,1.0,36,0.01,0.1,True,0,native
2462,1.0,22,0.01,0.1,True,0,native
2463,1.0,40,0.01,0.1,True,0,native
2464,1.0,25,0.01,0.1,True,0,native
2465,1.0,46,0.01,0.1,True,0,native
2466,0.0,25,0.01,0.1,True,0,native
2467,1.0,17,0.01,0.1,True,0,native
2468,1.0,50,0.01,0.1,True,0,native
2469,1.0,23,0.01,0.1,True,0,native
2470,1.0,62,0.01,0.1,True,0,native
2471,1.0,37,0.01,0.1,True,0,native
2472,1.0,14,0.01,0.1,True,0,native
2473,1.0,18,0.01,0.1,True,0,native
2474,1.0,17,0.01,0.1,True,0,native
2475,1.0,24,0.01,0.1,True,0,native
2476,1.0,46,0.01,0.1,True,0,native
2477,1.0,22,0.01,0.1,True,0,native
2478,1.0,19,0.01,0.1,True,0,native
2479,1.0,17,0.01,0.1,True,0,native
2480,1.0,23,0.01,0.1,True,0,native
2481,1.0,21,0.01,0.1,True,0,native
2482,1.0,31,0.01,0.1,True,0,native
2483,1.0,44,0.01,0.1,True,0,native
2484,1.0,16,0.01,0.1,True,0,native
2485,1.0,22,0.01,0.1,True,0,native
2486,1.0,13,0.01,0.1,True,0,native
2487,1.0,31,0.01,0.1,True,0,native
2488,1.0,81,0.01,0.1,True,0,native
2489,1.0,19,0.01,0.1,True,0,native
2490,1.0,28,0.01,0.1,True,0,native
2491,1.0,28,0.01,0.1,True,0,native
2492,1.0,30,0.01,0.1,True,0,native
2493,1.0,15,0.01,0.1,True,0,native
2494,1.0,33,0.01,0.1,True,0,native
2495,1.0,33,0.01,0.1,True,0,native
2496,1.0,31,0.01,0.1,True,0,native
2497,1.0,26,0.01,0.1,True,0,native
2498,1.0,28,0.01,0.1,True,0,native
2499,1.0,26,0.01,0.1,True,0,native
2500,1.0,41,0.01,0.1,True,0,native
2501,1.0,18,0.01,0.1,True,0,native
2502,1.0,21,0.01,0.1,True,0,native
2503,1.0,54,0.01,0.1,True,0,native
2504,1.0,21,0.01,0.1,True,0,native
2505,1.0,48,0.01,0.1,True,0,native
2506,1.0,44,0.01,0.1,True,0,native
2507,1.0,25,0.01,0.1,True,0,native
2508,1.0,29,0.01,0.1,True,0,native
2509,1.0,48,0.01,0.1,True,0,native
2510,1.0,30,0.01,0.1,True,0,native
2511,1.0,33,0.01,0.1,True,0,native
2512,0.0,19,0.01,0.1,True,0,native
2513,1.0,33,0.01,0.1,True,0,native
2514,1.0,39,0.01,0.1,True,0,native
2515,1.0,79,0.01,0.1,True,0,native
2516,1.0,32,0.01,0.1,True,0,native
2517,1.0,14,0.01,0.1,True,0,native
2518,1.0,13,0.01,0.1,True,0,native
2519,1.0,25,0.01,0.1,True,0,native
2520,1.0,30,0.01,0.1,True,0,native
2521,1.0,41,0.01,0.1,True,0,native
2522,1.0,13,0.01,0.1,True,0,native
2523,1.0,9,0.01,0.1,True,0,native
2524,1.0,59,0.01,0.1,True,0,native
2525,1.0,11,0.01,0.1,True,0,native
2526,1.0,38,0.01,0.1,True,0,native
2527,1.0,45,0.01,0.1,True,0,native
2528,1.0,24,0.01,0.1,True,0,native
2529,1.0,68,0.01,0.1,True,0,native
2530,1.0,42,0.01,0.1,True,0,native
2531,1.0,31,0.01,0.1,True,0,native
2532,1.0,21,0.01,0.1,True,0,native
2533,1.0,25,0.01,0.1,True,0,native
2534,1.0,58,0.01,0.1,True,0,native
2535,1.0,16,0.01,0.1,True,0,native
2536,1.0,39,0.01,0.1,True,0,native
2537,1.0,57,0.01,0.1,True,0,native
2538,1.0,39,0.01,0.1,True,0,native
2539,1.0,53,0.01,0.1,True,0,native
2540,1.0,29,0.01,0.1,True,0,native
2541,0.0,20,0.01,0.1,True,0,native
2542,1.0,25,0.01,0.1,True,0,native
2543,1.0,38,0.01,0.1,True,0,native
2544,1.0,21,0.01,0.1,True,0,native
2545,1.0,28,0.01,0.1,True,0,native
2546,1.0,23,0.01,0.1,True,0,native
2547,1.0,22,0.01,0.1,True,0,native
2548,1.0,43,0.01,0.1,True,0,native
2549,1.0,59,0.01,0.1,True,0,native
2550,1.0,26,0.01,0.1,True,0,native
2551,1.0,62,0.01,0.1,True,0,native
2552,1.0,42,0.01,0.1,True,0,native
2553,1.0,37,0.01,0.1,True,0,native
2554,1.0,75,0.01,0.1,True,0,native
2555,1.0,21,0.01,0.1,True,0,native
2556,1.0,55,0.01,0.1,True,0,native
2557,1.0,51,0.01,0.1,True,0,native
2558,1.0,29,0.01,0.1,True,0,native
2559,1.0,48,0.01,0.1,True,0,native
2560,1.0,33,0.01,0.1,True,0,native
2561,1.0,14,0.01,0.1,True,0,native
2562,1.0,24,0.01,0.1,True,0,native
2563,1.0,38,0.01,0.1,True,0,native
2564,1.0,27,0.01,0.1,True,0,native
2565,1.0,47,0.01,0.1,True,0,native
2566,1.0,29,0.01,0.1,True,0,native
2567,1.0,52,0.01,0.1,True,0,native
2568,1.0,22,0.01,0.1,True,0,native
2569,1.0,31,0.01,0.1,True,0,native
2570,1.0,9,0.01,0.1,True,0,native
2571,1.0,20,0.01,0.1,True,0,native
2572,1.0,52,0.01,0.1,True,0,native
2573,1.0,42,0.01,0.1,True,0,native
2574,1.0,30,0.01,0.1,True,0,native
2575,1.0,22,0.01,0.1,True,0,native
2576,1.0,29,0.01,0.1,True,0,native
2577,1.0,36,0.01,0.1,True,0,native
2578,1.0,28,0.01,0.1,True,0,native
2579,1.0,43,0.01,0.1,True,0,native
2580,1.0,16,0.01,0.1,True,0,native
2581,1.0,24,0.01,0.1,True,0,native
2582,0.0,100,0.01,0.1,True,0,native
2583,1.0,26,0.01,0.1,True,0,native
2584,1.0,64,0.01,0.1,True,0,native
2585,1.0,25,0.01,0.1,True,0,native
2586,1.0,35,0.01,0.1,True,0,native
2587,1.0,30,0.01,0.1,True,0,native
2588,1.0,30,0.01,0.1,True,0,native
2589,1.0,17,0.01,0.1,True,0,native
2590,1.0,35,0.01,0.1,True,0,native
2591,1.0,14,0.01,0.1,True,0,native
2592,1.0,49,0.01,0.1,True,0,native
2593,1.0,32,0.01,0.1,True,0,native
2594,1.0,26,0.01,0.1,True,0,native
2595,1.0,15,0.01,0.1,True,0,native
2596,1.0,22,0.01,0.1,True,0,native
2597,1.0,36,0.01,0.1,True,0,native
2598,1.0,47,0.01,0.1,True,0,native
2599,1.0,19,0.01,0.1,True,0,native
2600,1.0,20,0.01,0.1,True,0,native
2601,1.0,35,0.01,0.1,True,0,native
2602,1.0,57,0.01,0.1,True,0,native
2603,1.0,35,0.01,0.1,True,0,native
2604,1.0,42,0.01,0.1,True,0,native
2605,1.0,42,0.01,0.1,True,0,native
2606,1.0,18,0.01,0.1,True,0,native
2607,1.0,17,0.01,0.1,True,0,native
2608,1.0,20,0.01,0.1,True,0,native
2609,1.0,40,0.01,0.1,True,0,native
2610,1.0,40,0.01,0.1,True,0,native
2611,1.0,14,0.01,0.1,True,0,native
2612,1.0,42,0.01,0.1,True,0,native
2613,1.0,39,0.01,0.1,True,0,native
2614,1.0,13,0.01,0.1,True,0,native
2615,1.0,39,0.01,0.1,True,0,native
2616,1.0,47,0.01,0.1,True,0,native
2617,1.0,18,0.01,0.1,True,0,native
2618,1.0,48,0.01,0.1,True,0,native
2619,1.0,48,0.01,0.1,True,0,native
2620,1.0,36,0.01,0.1,True,0,native
2621,1.0,15,0.01,0.1,True,0,native
2622,1.0,22,0.01,0.1,True,0,native
2623,1.0,43,0.01,0.1,True,0,native
2624,1.0,55,0.01,0.1,True,0,native
2625,1.0,25,0.01,0.1,True,0,native
2626,1.0,39,0.01,0.1,True,0,native
2627,1.0,52,0.01,0.1,True,0,native
2628,1.0,25,0.01,0.1,True,0,native
2629,1.0,19,0.01,0.1,True,0,native
2630,1.0,52,0.01,0.1,True,0,native
2631,1.0,33,0.01,0.1,True,0,native
2632,1.0,27,0.01,0.1,True,0,native
2633,1.0,32,0.01,0.1,True,0,native
2634,1.0,38,0.01,0.1,True,0,native
2635,1.0,36,0.01,0.1,True,0,native
2636,1.0,53,0.01,0.1,True,0,native
2637,1.0,18,0.01,0.1,True,0,native
2638,1.0,26,0.01,0.1,True,0,native
2639,1.0,22,0.01,0.1,True,0,native
2640,1.0,90,0.01,0.1,True,0,native
2641,1.0,24,0.01,0.1,True,0,native
2642,1.0,12,0.01,0.1,True,0,native
2643,1.0,49,0.01,0.1,True,0,native
2644,1.0,54,0.01,0.1,True,0,native
2645,1.0,28,0.01,0.1,True,0,native
2646,1.0,36,0.01,0.1,True,0,native
2647,1.0,38,0.01,0.1,True,0,native
2648,1.0,19,0.01,0.1,True,0,native
2649,1.0,51,0.01,0.1,True,0,native
2650,1.0,22,0.01,0.1,True,0,native
2651,0.0,8,0.01,0.1,True,0,native
2652,1.0,57,0.01,0.1,True,0,native
2653,1.0,18,0.01,0.1,True,0,native
2654,1.0,33,0.01,0.1,True,0,native
2655,1.0,21,0.01,0.1,True,0,native
2656,1.0,37,0.01,0.1,True,0,native
2657,1.0,19,0.01,0.1,True,0,native
2658,1.0,31,0.01,0.1,True,0,native
2659,1.0,15,0.01,0.1,True,0,native
2660,1.0,37,0.01,0.1,True,0,native
2661,1.0,47,0.01,0.1,True,0,native
2662,1.0,19,0.01,0.1,True,0,native
2663,1.0,52,0.01,0.1,True,0,native
2664,1.0,17,0.01,0.1,True,0,native
2665,1.0,22,0.01,0.1,True,0,native
2666,1.0,36,0.01,0.1,True,0,native
2667,1.0,35,0.01,0.1,True,0,native
2668,1.0,68,0.01,0.1,True,0,native
2669,1.0,17,0.01,0.1,True,0,native
2670,1.0,22,0.01,0.1,True,0,native
2671,1.0,29,0.01,0.1,True,0,native
2672,1.0,20,0.01,0.1,True,0,native
2673,1.0,26,0.01,0.1,True,0,native
2674,1.0,10,0.01,0.1,True,0,native
2675,1.0,52,0.01,0.1,True,0,native
2676,1.0,23,0.01,0.1,True,0,native
2677,1.0,21,0.01,0.1,True,0,native
2678,1.0,43,0.01,0.1,True,0,native
2679,1.0,33,0.01,0.1,True,0,native
2680,1.0,25,0.01,0.1,True,0,native
2681,1.0,13,0.01,0.1,True,0,native
2682,1.0,18,0.01,0.1,True,0,native
2683,1.0,18,0.01,0.1,True,0,native
2684,1.0,33,0.01,0.1,True,0,native
2685,1.0,47,0.01,0.1,True,0,native
2686,1.0,23,0.01,0.1,True,0,native
2687,1.0,38,0.01,0.1,True,0,native
2688,1.0,14,0.01,0.1,True,0,native
2689,1.0,24,0.01,0.1,True,0,native
2690,1.0,27,0.01,0.1,True,0,native
2691,1.0,17,0.01,0.1,True,0,native
2692,1.0,27,0.01,0.1,True,0,native
2693,1.0,22,0.01,0.1,True,0,native
2694,1.0,26,0.01,0.1,True,0,native
2695,1.0,19,0.01,0.1,True,0,native
2696,1.0,21,0.01,0.1,True,0,native
2697,1.0,21,0.01,0.1,True,0,native
2698,1.0,15,0.01,0.1,True,0,native
2699,1.0,19,0.01,0.1,True,0,native
2700,1.0,36,0.01,0.1,True,0,native
2701,1.0,35,0.01,0.1,True,0,native
2702,1.0,12,0.01,0.1,True,0,native
2703,1.0,17,0.01,0.1,True,0,native
2704,1.0,18,0.01,0.1,True,0,native
2705,1.0,14,0.01,0.1,True,0,native
2706,1.0,50,0.01,0.1,True,0,native
2707,1.0,30,0.01,0.1,True,0,native
2708,1.0,31,0.01,0.1,True,0,native
2709,1.0,17,0.01,0.1,True,0,native
2710,1.0,38,0.01,0.1,True,0,native
2711,1.0,36,0.01,0.1,True,0,native
2712,1.0,42,0.01,0.1,True,0,native
2713,1.0,41,0.01,0.1,True,0,native
2714,1.0,36,0.01,0.1,True,0,native
2715,1.0,25,0.01,0.1,True,0,native
2716,1.0,32,0.01,0.1,True,0,native
2717,1.0,45,0.01,0.1,True,0,native
2718,1.0,21,0.01,0.1,True,0,native
2719,1.0,17,0.01,0.1,True,0,native
2720,1.0,34,0.01,0.1,True,0,native
2721,1.0,50,0.01,0.1,True,0,native
2722,1.0,16,0.01,0.1,True,0,native
2723,1.0,41,0.01,0.1,True,0,native
2724,1.0,50,0.01,0.1,True,0,native
2725,1.0,26,0.01,0.1,True,0,native
2726,1.0,54,0.01,0.1,True,0,native
2727,1.0,25,0.01,0.1,True,0,native
2728,1.0,24,0.01,0.1,True,0,native
2729,1.0,16,0.01,0.1,True,0,native
2730,1.0,24,0.01,0.1,True,0,native
2731,1.0,23,0.01,0.1,True,0,native
2732,1.0,30,0.01,0.1,True,0,native
2733,1.0,31,0.01,0.1,True,0,native
2734,1.0,18,0.01,0.1,True,0,native
2735,1.0,45,0.01,0.1,True,0,native
2736,1.0,26,0.01,0.1,True,0,native
2737,1.0,14,0.01,0.1,True,0,native
2738,1.0,21,0.01,0.1,True,0,native
2739,1.0,29,0.01,0.1,True,0,native
2740,1.0,69,0.01,0.1,True,0,native
2741,1.0,17,0.01,0.1,True,0,native
2742,1.0,15,0.01,0.1,True,0,native
2743,1.0,35,0.01,0.1,True,0,native
2744,1.0,51,0.01,0.1,True,0,native
2745,1.0,42,0.01,0.1,True,0,native
2746,1.0,38,0.01,0.1,True,0,native
2747,1.0,20,0.01,0.1,True,0,native
2748,1.0,20,0.01,0.1,True,0,native
2749,1.0,25,0.01,0.1,True,0,native
2750,1.0,29,0.01,0.1,True,0,native
2751,1.0,13,0.01,0.1,True,0,native
2752,1.0,67,0.01,0.1,True,0,native
2753,1.0,25,0.01,0.1,True,0,native
2754,1.0,36,0.01,0.1,True,0,native
2755,1.0,71,0.01,0.1,True,0,native
2756,1.0,12,0.01,0.1,True,0,native
2757,1.0,32,0.01,0.1,True,0,native
2758,1.0,55,0.01,0.1,True,0,native
2759,1.0,29,0.01,0.1,True,0,native
2760,1.0,34,0.01,0.1,True,0,native
2761,1.0,68,0.01,0.1,True,0,native
2762,1.0,43,0.01,0.1,True,0,native
2763,1.0,25,0.01,0.1,True,0,native
2764,1.0,36,0.01,0.1,True,0,native
2765,1.0,12,0.01,0.1,True,0,native
2766,1.0,30,0.01,0.1,True,0,native
2767,1.0,27,0.01,0.1,True,0,native
2768,1.0,62,0.01,0.1,True,0,native
2769,1.0,29,0.01,0.1,True,0,native
2770,1.0,20,0.01,0.1,True,0,native
2771,1.0,38,0.01,0.1,True,0,native
2772,1.0,38,0.01,0.1,True,0,native
2773,1.0,22,0.01,0.1,True,0,native
2774,1.0,39,0.01,0.1,True,0,native
2775,1.0,22,0.01,0.1,True,0,native
2776,1.0,19,0.01,0.1,True,0,native
2777,0.0,100,0.01,0.1,True,0,native
2778,1.0,25,0.01,0.1,True,0,native
2779,1.0,30,0.01,0.1,True,0,native
2780,1.0,36,0.01,0.1,True,0,native
2781,1.0,43,0.01,0.1,True,0,native
2782,1.0,25,0.01,0.1,True,0,native
2783,1.0,17,0.01,0.1,True,0,native
2784,1.0,71,0.01,0.1,True,0,native
2785,1.0,30,0.01,0.1,True,0,native
2786,1.0,42,0.01,0.1,True,0,native
2787,1.0,27,0.01,0.1,True,0,native
2788,1.0,27,0.01,0.1,True,0,native
2789,1.0,62,0.01,0.1,True,0,native
2790,1.0,27,0.01,0.1,True,0,native
2791,1.0,22,0.01,0.1,True,0,native
2792,1.0,37,0.01,0.1,True,0,native
2793,1.0,17,0.01,0.1,True,0,native
2794,1.0,15,0.01,0.1,True,0,native
2795,1.0,28,0.01,0.1,True,0,native
2796,1.0,13,0.01,0.1,True,0,native
2797,1.0,12,0.01,0.1,True,0,native
2798,1.0,41,0.01,0.1,True,0,native
2799,1.0,21,0.01,0.1,True,0,native
2800,1.0,33,0.01,0.1,True,0,native
2801,1.0,12,0.01,0.1,True,0,native
2802,1.0,24,0.01,0.1,True,0,native
2803,1.0,36,0.01,0.1,True,0,native
2804,1.0,26,0.01,0.1,True,0,native
2805,1.0,15,0.01,0.1,True,0,native
2806,1.0,17,0.01,0.1,True,0,native
2807,1.0,30,0.01,0.1,True,0,native
2808,1.0,37,0.01,0.1,True,0,native
2809,1.0,47,0.01,0.1,True,0,native
2810,1.0,47,0.01,0.1,True,0,native
2811,1.0,19,0.01,0.1,True,0,native
2812,1.0,35,0.01,0.1,True,0,native
2813,1.0,23,0.01,0.1,True,0,native
2814,1.0,15,0.01,0.1,True,0,native
2815,1.0,32,0.01,0.1,True,0,native
2816,1.0,36,0.01,0.1,True,0,native
2817,1.0,74,0.01,0.1,True,0,native
2818,1.0,34,0.01,0.1,True,0,native
2819,1.0,26,0.01,0.1,True,0,native
2820,0.0,6,0.01,0.1,True,0,native
2821,1.0,57,0.01,0.1,True,0,native
2822,1.0,49,0.01,0.1,True,0,native
2823,1.0,33,0.01,0.1,True,0,native
2824,1.0,36,0.01,0.1,True,0,native
2825,1.0,34,0.01,0.1,True,0,native
2826,1.0,32,0.01,0.1,True,0,native
2827,1.0,21,0.01,0.1,True,0,native
2828,1.0,76,0.01,0.1,True,0,native
2829,1.0,24,0.01,0.1,True,0,native
2830,1.0,29,0.01,0.1,True,0,native
2831,1.0,13,0.01,0.1,True,0,native
2832,1.0,16,0.01,0.1,True,0,native
2833,1.0,18,0.01,0.1,True,0,native
2834,1.0,23,0.01,0.1,True,0,native
2835,1.0,34,0.01,0.1,True,0,native
2836,1.0,19,0.01,0.1,True,0,native
2837,1.0,30,0.01,0.1,True,0,native
2838,1.0,85,0.01,0.1,True,0,native
2839,1.0,16,0.01,0.1,True,0,native
2840,1.0,40,0.01,0.1,True,0,native
2841,1.0,34,0.01,0.1,True,0,native
2842,1.0,43,0.01,0.1,True,0,native
2843,1.0,48,0.01,0.1,True,0,native
2844,1.0,30,0.01,0.1,True,0,native
2845,1.0,91,0.01,0.1,True,0,native
2846,1.0,23,0.01,0.1,True,0,native
2847,1.0,19,0.01,0.1,True,0,native
2848,1.0,21,0.01,0.1,True,0,native
2849,1.0,16,0.01,0.1,True,0,native
2850,1.0,45,0.01,0.1,True,0,native
2851,1.0,11,0.01,0.1,True,0,native
2852,1.0,56,0.01,0.1,True,0,native
2853,1.0,20,0.01,0.1,True,0,native
2854,1.0,30,0.01,0.1,True,0,native
2855,1.0,26,0.01,0.1,True,0,native
2856,1.0,35,0.01,0.1,True,0,native
2857,1.0,37,0.01,0.1,True,0,native
2858,1.0,33,0.01,0.1,True,0,native
2859,1.0,29,0.01,0.1,True,0,native
2860,1.0,39,0.01,0.1,True,0,native
2861,1.0,19,0.01,0.1,True,0,native
2862,1.0,31,0.01,0.1,True,0,native
2863,1.0,24,0.01,0.1,True,0,native
2864,1.0,10,0.01,0.1,True,0,native
2865,1.0,40,0.01,0.1,True,0,native
2866,1.0,18,0.01,0.1,True,0,native
2867,1.0,18,0.01,0.1,True,0,native
2868,1.0,25,0.01,0.1,True,0,native
2869,1.0,24,0.01,0.1,True,0,native
2870,1.0,35,0.01,0.1,True,0,native
2871,1.0,22,0.01,0.1,True,0,native
2872,1.0,42,0.01,0.1,True,0,native
2873,1.0,30,0.01,0.1,True,0,native
2874,1.0,64,0.01,0.1,True,0,native
2875,1.0,23,0.01,0.1,True,0,native
2876,1.0,10,0.01,0.1,True,0,native
2877,1.0,25,0.01,0.1,True,0,native
2878,1.0,20,0.01,0.1,True,0,native
2879,1.0,17,0.01,0.1,True,0,native
2880,1.0,25,0.01,0.1,True,0,native
2881,1.0,17,0.01,0.1,True,0,native
2882,1.0,24,0.01,0.1,True,0,native
2883,1.0,51,0.01,0.1,True,0,native
2884,0.0,60,0.01,0.1,True,0,native
2885,1.0,26,0.01,0.1,True,0,native
2886,1.0,29,0.01,0.1,True,0,native
2887,1.0,23,0.01,0.1,True,0,native
2888,1.0,11,0.01,0.1,True,0,native
2889,1.0,30,0.01,0.1,True,0,native
2890,0.0,11,0.01,0.1,True,0,native
2891,1.0,26,0.01,0.1,True,0,native
2892,1.0,30,0.01,0.1,True,0,native
2893,1.0,18,0.01,0.1,True,0,native
2894,1.0,43,0.01,0.1,True,0,native
2895,1.0,56,0.01,0.1,True,0,native
2896,1.0,39,0.01,0.1,True,0,native
2897,1.0,20,0.01,0.1,True,0,native
2898,1.0,30,0.01,0.1,True,0,native
2899,1.0,24,0.01,0.1,True,0,native
2900,1.0,12,0.01,0.1,True,0,native
2901,1.0,61,0.01,0.1,True,0,native
2902,1.0,26,0.01,0.1,True,0,native
2903,1.0,28,0.01,0.1,True,0,native
2904,1.0,38,0.01,0.1,True,0,native
2905,1.0,26,0.01,0.1,True,0,native
2906,1.0,19,0.01,0.1,True,0,native
2907,1.0,20,0.01,0.1,True,0,native
2908,1.0,44,0.01,0.1,True,0,native
2909,1.0,40,0.01,0.1,True,0,native
2910,1.0,23,0.01,0.1,True,0,native
2911,1.0,12,0.01,0.1,True,0,native
2912,1.0,41,0.01,0.1,True,0,native
2913,1.0,10,0.01,0.1,True,0,native
2914,1.0,15,0.01,0.1,True,0,native
2915,1.0,61,0.01,0.1,True,0,native
2916,1.0,36,0.01,0.1,True,0,native
2917,1.0,26,0.01,0.1,True,0,native
2918,1.0,22,0.01,0.1,True,0,native
2919,1.0,27,0.01,0.1,True,0,native
2920,0.0,36,0.01,0.1,True,0,native
2921,1.0,19,0.01,0.1,True,0,native
2922,1.0,37,0.01,0.1,True,0,native
2923,1.0,58,0.01,0.1,True,0,native
2924,1.0,29,0.01,0.1,True,0,native
2925,1.0,28,0.01,0.1,True,0,native
2926,1.0,46,0.01,0.1,True,0,native
2927,1.0,25,0.01,0.1,True,0,native
2928,1.0,24,0.01,0.1,True,0,native
2929,1.0,40,0.01,0.1,True,0,native
2930,1.0,29,0.01,0.1,True,0,native
2931,1.0,56,0.01,0.1,True,0,native
2932,1.0,33,0.01,0.1,True,0,native
2933,1.0,33,0.01,0.1,True,0,native
2934,1.0,41,0.01,0.1,True,0,native
2935,1.0,33,0.01,0.1,True,0,native
2936,1.0,24,0.01,0.1,True,0,native
2937,1.0,45,0.01,0.1,True,0,native
2938,1.0,30,0.01,0.1,True,0,native
2939,1.0,36,0.01,0.1,True,0,native
2940,1.0,26,0.01,0.1,True,0,native
2941,1.0,17,0.01,0.1,True,0,native
2942,1.0,53,0.01,0.1,True,0,native
2943,1.0,15,0.01,0.1,True,0,native
2944,1.0,10,0.01,0.1,True,0,native
2945,1.0,22,0.01,0.1,True,0,native
2946,1.0,32,0.01,0.1,True,0,native
2947,1.0,81,0.01,0.1,True,0,native
2948,1.0,27,0.01,0.1,True,0,native
2949,1.0,30,0.01,0.1,True,0,native
2950,1.0,9,0.01,0.1,True,0,native
2951,1.0,12,0.01,0.1,True,0,native
2952,1.0,21,0.01,0.1,True,0,native
2953,1.0,23,0.01,0.1,True,0,native
2954,1.0,41,0.01,0.1,True,0,native
2955,1.0,22,0.01,0.1,True,0,native
2956,1.0,20,0.01,0.1,True,0,native
2957,1.0,40,0.01,0.1,True,0,native
2958,0.0,100,0.01,0.1,True,0,native
2959,1.0,27,0.01,0.1,True,0,native
2960,1.0,26,0.01,0.1,True,0,native
2961,1.0,41,0.01,0.1,True,0,native
2962,1.0,29,0.01,0.1,True,0,native
2963,1.0,36,0.01,0.1,True,0,native
2964,1.0,33,0.01,0.1,True,0,native
2965,1.0,51,0.01,0.1,True,0,native
2966,1.0,25,0.01,0.1,True,0,native
2967,1.0,21,0.01,0.1,True,0,native
2968,1.0,45,0.01,0.1,True,0,native
2969,1.0,55,0.01,0.1,True,0,native
2970,1.0,23,0.01,0.1,True,0,native
2971,1.0,44,0.01,0.1,True,0,native
2972,1.0,39,0.01,0.1,True,0,native
2973,1.0,33,0.01,0.1,True,0,native
2974,1.0,45,0.01,0.1,True,0,native
2975,1.0,64,0.01,0.1,True,0,native
2976,1.0,14,0.01,0.1,True,0,native
2977,1.0,24,0.01,0.1,True,0,native
2978,1.0,17,0.01,0.1,True,0,native
2979,1.0,22,0.01,0.1,True,0,native
2980,1.0,18,0.01,0.1,True,0,native
2981,1.0,26,0.01,0.1,True,0,native
2982,1.0,27,0.01,0.1,True,0,native
2983,1.0,34,0.01,0.1,True,0,native
2984,1.0,22,0.01,0.1,True,0,native
2985,1.0,33,0.01,0.1,True,0,native
2986,1.0,41,0.01,0.1,True,0,native
2987,1.0,13,0.01,0.1,True,0,native
2988,1.0,39,0.01,0.1,True,0,native
2989,1.0,31,0.01,0.1,True,0,native
2990,0.0,11,0.01,0.1,True,0,native
2991,1.0,15,0.01,0.1,True,0,native
2992,1.0,22,0.01,0.1,True,0,native
2993,1.0,18,0.01,0.1,True,0,native
2994,1.0,47,0.01,0.1,True,0,native
2995,1.0,63,0.01,0.1,True,0,native
2996,1.0,31,0.01,0.1,True,0,native
2997,1.0,32,0.01,0.1,True,0,native
2998,1.0,19,0.01,0.1,True,0,native
2999,1.0,15,0.01,0.1,True,0,native
3000,1.0,14,0.01,0.1,True,0,native
3001,1.0,29,0.01,0.1,True,0,native
3002,1.0,19,0.01,0.1,True,0,native
3003,1.0,38,0.01,0.1,True,0,native
3004,1.0,40,0.01,0.1,True,0,native
3005,1.0,50,0.01,0.1,True,0,native
3006,1.0,9,0.01,0.1,True,0,native
3007,1.0,57,0.01,0.1,True,0,native
3008,1.0,34,0.01,0.1,True,0,native
3009,1.0,48,0.01,0.1,True,0,native
3010,1.0,32,0.01,0.1,True,0,native
3011,1.0,31,0.01,0.1,True,0,native
3012,1.0,38,0.01,0.1,True,0,native
3013,1.0,19,0.01,0.1,True,0,native
3014,1.0,33,0.01,0.1,True,0,native
3015,1.0,30,0.01,0.1,True,0,native
3016,1.0,29,0.01,0.1,True,0,native
3017,1.0,27,0.01,0.1,True,0,native
3018,1.0,22,0.01,0.1,True,0,native
3019,1.0,27,0.01,0.1,True,0,native
3020,1.0,20,0.01,0.1,True,0,native
3021,1.0,48,0.01,0.1,True,0,native
3022,1.0,27,0.01,0.1,True,0,native
3023,1.0,30,0.01,0.1,True,0,native
3024,1.0,32,0.01,0.1,True,0,native
3025,1.0,17,0.01,0.1,True,0,native
3026,1.0,64,0.01,0.1,True,0,native
3027,1.0,84,0.01,0.1,True,0,native
3028,1.0,30,0.01,0.1,True,0,native
3029,1.0,8,0.01,0.1,True,0,native
3030,1.0,26,0.01,0.1,True,0,native
3031,1.0,40,0.01,0.1,True,0,native
3032,1.0,28,0.01,0.1,True,0,native
3033,1.0,39,0.01,0.1,True,0,native
3034,1.0,30,0.01,0.1,True,0,native
3035,1.0,26,0.01,0.1,True,0,native
3036,1.0,20,0.01,0.1,True,0,native
3037,1.0,38,0.01,0.1,True,0,native
3038,1.0,16,0.01,0.1,True,0,native
3039,1.0,44,0.01,0.1,True,0,native
3040,1.0,11,0.01,0.1,True,0,native
3041,1.0,32,0.01,0.1,True,0,native
3042,1.0,31,0.01,0.1,True,0,native
3043,1.0,23,0.01,0.1,True,0,native
3044,1.0,15,0.01,0.1,True,0,native
3045,1.0,27,0.01,0.1,True,0,native
3046,1.0,43,0.01,0.1,True,0,native
3047,1.0,30,0.01,0.1,True,0,native
3048,1.0,23,0.01,0.1,True,0,native
3049,1.0,21,0.01,0.1,True,0,native
3050,1.0,47,0.01,0.1,True,0,native
3051,1.0,29,0.01,0.1,True,0,native
3052,1.0,17,0.01,0.1,True,0,native
3053,1.0,16,0.01,0.1,True,0,native
3054,1.0,37,0.01,0.1,True,0,native
3055,1.0,33,0.01,0.1,True,0,native
3056,1.0,12,0.01,0.1,True,0,native
3057,1.0,27,0.01,0.1,True,0,native
3058,1.0,22,0.01,0.1,True,0,native
3059,1.0,19,0.01,0.1,True,0,native
3060,1.0,44,0.01,0.1,True,0,native
3061,1.0,32,0.01,0.1,True,0,native
3062,1.0,23,0.01,0.1,True,0,native
3063,1.0,52,0.01,0.1,True,0,native
3064,1.0,34,0.01,0.1,True,0,native
3065,1.0,24,0.01,0.1,True,0,native
3066,1.0,51,0.01,0.1,True,0,native
3067,1.0,14,0.01,0.1,True,0,native
3068,1.0,21,0.01,0.1,True,0,native
3069,1.0,43,0.01,0.1,True,0,native
3070,1.0,26,0.01,0.1,True,0,native
3071,1.0,42,0.01,0.1,True,0,native
3072,1.0,20,0.01,0.1,True,0,native
3073,1.0,49,0.01,0.1,True,0,native
3074,1.0,33,0.01,0.1,True,0,native
3075,1.0,11,0.01,0.1,True,0,native
3076,1.0,19,0.01,0.1,True,0,native
3077,1.0,42,0.01,0.1,True,0,native
3078,1.0,29,0.01,0.1,True,0,native
3079,1.0,36,0.01,0.1,True,0,native
3080,1.0,14,0.01,0.1,True,0,native
3081,1.0,33,0.01,0.1,True,0,native
3082,1.0,50,0.01,0.1,True,0,native
3083,1.0,33,0.01,0.1,True,0,native
3084,1.0,19,0.01,0.1,True,0,native
3085,1.0,24,0.01,0.1,True,0,native
3086,1.0,17,0.01,0.1,True,0,native
3087,1.0,20,0.01,0.1,True,0,native
3088,1.0,19,0.01,0.1,True,0,native
3089,1.0,15,0.01,0.1,True,0,native
3090,1.0,13,0.01,0.1,True,0,native
3091,1.0,25,0.01,0.1,True,0,native
3092,1.0,9,0.01,0.1,True,0,native
3093,1.0,23,0.01,0.1,True,0,native
3094,1.0,24,0.01,0.1,True,0,native
3095,1.0,54,0.01,0.1,True,0,native
3096,1.0,19,0.01,0.1,True,0,native
3097,1.0,18,0.01,0.1,True,0,native
3098,1.0,41,0.01,0.1,True,0,native
3099,1.0,33,0.01,0.1,True,0,native
3100,1.0,35,0.01,0.1,True,0,native
3101,1.0,37,0.01,0.1,True,0,native
3102,1.0,30,0.01,0.1,True,0,native
3103,1.0,23,0.01,0.1,True,0,native
3104,1.0,29,0.01,0.1,True,0,native
3105,1.0,19,0.01,0.1,True,0,native
3106,1.0,19,0.01,0.1,True,0,native
3107,1.0,91,0.01,0.1,True,0,native
3108,1.0,40,0.01,0.1,True,0,native
3109,1.0,13,0.01,0.1,True,0,native
3110,1.0,34,0.01,0.1,True,0,native
3111,1.0,24,0.01,0.1,True,0,native
3112,1.0,29,0.01,0.1,True,0,native
3113,1.0,24,0.01,0.1,True,0,native
3114,1.0,25,0.01,0.1,True,0,native
3115,1.0,40,0.01,0.1,True,0,native
3116,1.0,30,0.01,0.1,True,0,native
3117,1.0,29,0.01,0.1,True,0,native
3118,1.0,40,0.01,0.1,True,0,native
3119,1.0,54,0.01,0.1,True,0,native
3120,1.0,35,0.01,0.1,True,0,native
3121,1.0,10,0.01,0.1,True,0,native
3122,1.0,29,0.01,0.1,True,0,native
3123,1.0,20,0.01,0.1,True,0,native
3124,1.0,30,0.01,0.1,True,0,native
3125,1.0,41,0.01,0.1,True,0,native
3126,1.0,55,0.01,0.1,True,0,native
3127,1.0,20,0.01,0.1,True,0,native
3128,1.0,17,0.01,0.1,True,0,native
3129,1.0,12,0.01,0.1,True,0,native
3130,1.0,20,0.01,0.1,True,0,native
3131,1.0,18,0.01,0.1,True,0,native
3132,1.0,33,0.01,0.1,True,0,native
3133,1.0,24,0.01,0.1,True,0,native
3134,1.0,24,0.01,0.1,True,0,native
3135,1.0,30,0.01,0.1,True,0,native
3136,1.0,38,0.01,0.1,True,0,native
3137,1.0,35,0.01,0.1,True,0,native
3138,1.0,29,0.01,0.1,True,0,native
3139,1.0,35,0.01,0.1,True,0,native
3140,1.0,23,0.01,0.1,True,0,native
3141,1.0,29,0.01,0.1,True,0,native
3142,1.0,12,0.01,0.1,True,0,native
3143,1.0,30,0.01,0.1,True,0,native
3144,1.0,22,0.01,0.1,True,0,native
3145,1.0,24,0.01,0.1,True,0,native
3146,1.0,19,0.01,0.1,True,0,native
3147,0.0,29,0.01,0.1,True,0,native
3148,1.0,52,0.01,0.1,True,0,native
3149,1.0,28,0.01,0.1,True,0,native
3150,1.0,25,0.01,0.1,True,0,native
3151,1.0,16,0.01,0.1,True,0,native
3152,1.0,24,0.01,0.1,True,0,native
3153,1.0,22,0.01,0.1,True,0,native
3154,1.0,14,0.01,0.1,True,0,native
3155,1.0,34,0.01,0.1,True,0,native
3156,1.0,25,0.01,0.1,True,0,native
3157,1.0,24,0.01,0.1,True,0,native
3158,1.0,52,0.01,0.1,True,0,native
3159,1.0,32,0.01,0.1,True,0,native
3160,1.0,41,0.01,0.1,True,0,native
3161,1.0,38,0.01,0.1,True,0,native
3162,1.0,12,0.01,0.1,True,0,native
3163,1.0,31,0.01,0.1,True,0,native
3164,1.0,21,0.01,0.1,True,0,native
3165,1.0,27,0.01,0.1,True,0,native
3166,1.0,26,0.01,0.1,True,0,native
3167,1.0,39,0.01,0.1,True,0,native
3168,1.0,22,0.01,0.1,True,0,native
3169,1.0,17,0.01,0.1,True,0,native
3170,1.0,44,0.01,0.1,True,0,native
3171,1.0,26,0.01,0.1,True,0,native
3172,1.0,20,0.01,0.1,True,0,native
3173,0.0,4,0.01,0.1,True,0,native
3174,0.0,8,0.01,0.1,True,0,native
3175,1.0,23,0.01,0.1,True,0,native
3176,1.0,39,0.01,0.1,True,0,native
3177,1.0,19,0.01,0.1,True,0,native
3178,1.0,14,0.01,0.1,True,0,native
3179,1.0,65,0.01,0.1,True,0,native
3180,1.0,28,0.01,0.1,True,0,native
3181,1.0,35,0.01,0.1,True,0,native
3182,1.0,27,0.01,0.1,True,0,native
3183,1.0,17,0.01,0.1,True,0,native
3184,1.0,14,0.01,0.1,True,0,native
3185,1.0,21,0.01,0.1,True,0,native
3186,1.0,23,0.01,0.1,True,0,native
3187,1.0,16,0.01,0.1,True,0,native
3188,1.0,23,0.01,0.1,True,0,native
3189,1.0,40,0.01,0.1,True,0,native
3190,1.0,21,0.01,0.1,True,0,native
3191,1.0,28,0.01,0.1,True,0,native
3192,1.0,16,0.01,0.1,True,0,native
3193,1.0,21,0.01,0.1,True,0,native
3194,1.0,54,0.01,0.1,True,0,native
3195,1.0,42,0.01,0.1,True,0,native
3196,1.0,25,0.01,0.1,True,0,native
3197,1.0,34,0.01,0.1,True,0,native
3198,1.0,15,0.01,0.1,True,0,native
3199,1.0,20,0.01,0.1,True,0,native
3200,1.0,28,0.01,0.1,True,0,native
3201,1.0,44,0.01,0.1,True,0,native
3202,1.0,45,0.01,0.1,True,0,native
3203,1.0,43,0.01,0.1,True,0,native
3204,1.0,21,0.01,0.1,True,0,native
3205,1.0,16,0.01,0.1,True,0,native
3206,1.0,39,0.01,0.1,True,0,native
3207,0.0,6,0.01,0.1,True,0,native
3208,1.0,26,0.01,0.1,True,0,native
3209,1.0,29,0.01,0.1,True,0,native
3210,1.0,44,0.01,0.1,True,0,native
3211,1.0,18,0.01,0.1,True,0,native
3212,1.0,40,0.01,0.1,True,0,native
3213,1.0,49,0.01,0.1,True,0,native
3214,1.0,45,0.01,0.1,True,0,native
3215,1.0,43,0.01,0.1,True,0,native
3216,1.0,34,0.01,0.1,True,0,native
3217,1.0,23,0.01,0.1,True,0,native
3218,1.0,20,0.01,0.1,True,0,native
3219,1.0,43,0.01,0.1,True,0,native
3220,1.0,44,0.01,0.1,True,0,native
3221,1.0,26,0.01,0.1,True,0,native
3222,1.0,24,0.01,0.1,True,0,native
3223,1.0,30,0.01,0.1,True,0,native
3224,1.0,46,0.01,0.1,True,0,native
3225,1.0,53,0.01,0.1,True,0,native
3226,1.0,17,0.01,0.1,True,0,native
3227,1.0,51,0.01,0.1,True,0,native
3228,1.0,14,0.01,0.1,True,0,native
3229,1.0,60,0.01,0.1,True,0,native
3230,1.0,35,0.01,0.1,True,0,native
3231,1.0,16,0.01,0.1,True,0,native
3232,1.0,40,0.01,0.1,True,0,native
3233,0.0,31,0.01,0.1,True,0,native
3234,1.0,50,0.01,0.1,True,0,native
3235,1.0,33,0.01,0.1,True,0,native
3236,1.0,20,0.01,0.1,True,0,native
3237,1.0,42,0.01,0.1,True,0,native
3238,1.0,33,0.01,0.1,True,0,native
3239,1.0,25,0.01,0.1,True,0,native
3240,1.0,25,0.01,0.1,True,0,native
3241,1.0,48,0.01,0.1,True,0,native
3242,1.0,35,0.01,0.1,True,0,native
3243,1.0,28,0.01,0.1,True,0,native
3244,1.0,38,0.01,0.1,True,0,native
3245,1.0,40,0.01,0.1,True,0,native
3246,1.0,25,0.01,0.1,True,0,native
3247,1.0,76,0.01,0.1,True,0,native
3248,1.0,15,0.01,0.1,True,0,native
3249,1.0,32,0.01,0.1,True,0,native
3250,1.0,60,0.01,0.1,True,0,native
3251,1.0,13,0.01,0.1,True,0,native
3252,1.0,19,0.01,0.1,True,0,native
3253,1.0,21,0.01,0.1,True,0,native
3254,1.0,45,0.01,0.1,True,0,native
3255,1.0,22,0.01,0.1,True,0,native
3256,1.0,42,0.01,0.1,True,0,native
3257,1.0,8,0.01,0.1,True,0,native
3258,1.0,29,0.01,0.1,True,0,native
3259,1.0,26,0.01,0.1,True,0,native
3260,1.0,60,0.01,0.1,True,0,native
3261,1.0,65,0.01,0.1,True,0,native
3262,1.0,11,0.01,0.1,True,0,native
3263,1.0,15,0.01,0.1,True,0,native
3264,1.0,47,0.01,0.1,True,0,native
3265,1.0,47,0.01,0.1,True,0,native
3266,1.0,74,0.01,0.1,True,0,native
3267,1.0,36,0.01,0.1,True,0,native
3268,1.0,67,0.01,0.1,True,0,native
3269,1.0,39,0.01,0.1,True,0,native
3270,1.0,16,0.01,0.1,True,0,native
3271,1.0,14,0.01,0.1,True,0,native
3272,1.0,25,0.01,0.1,True,0,native
3273,1.0,23,0.01,0.1,True,0,native
3274,1.0,22,0.01,0.1,True,0,native
3275,1.0,36,0.01,0.1,True,0,native
3276,1.0,20,0.01,0.1,True,0,native
3277,1.0,35,0.01,0.1,True,0,native
3278,1.0,75,0.01,0.1,True,0,native
3279,1.0,29,0.01,0.1,True,0,native
3280,1.0,12,0.01,0.1,True,0,native
3281,1.0,95,0.01,0.1,True,0,native
3282,1.0,36,0.01,0.1,True,0,native
3283,1.0,46,0.01,0.1,True,0,native
3284,1.0,36,0.01,0.1,True,0,native
3285,1.0,22,0.01,0.1,True,0,native
3286,1.0,35,0.01,0.1,True,0,native
3287,1.0,24,0.01,0.1,True,0,native
3288,1.0,40,0.01,0.1,True,0,native
3289,1.0,33,0.01,0.1,True,0,native
3290,1.0,16,0.01,0.1,True,0,native
3291,1.0,57,0.01,0.1,True,0,native
3292,1.0,19,0.01,0.1,True,0,native
3293,1.0,15,0.01,0.1,True,0,native
3294,0.0,17,0.01,0.1,True,0,native
3295,1.0,68,0.01,0.1,True,0,native
3296,1.0,24,0.01,0.1,True,0,native
3297,1.0,24,0.01,0.1,True,0,native
3298,1.0,12,0.01,0.1,True,0,native
3299,1.0,22,0.01,0.1,True,0,native
3300,1.0,46,0.01,0.1,True,0,native
3301,1.0,37,0.01,0.1,True,0,native
3302,1.0,39,0.01,0.1,True,0,native
3303,1.0,24,0.01,0.1,True,0,native
3304,1.0,72,0.01,0.1,True,0,native
3305,1.0,32,0.01,0.1,True,0,native
3306,1.0,22,0.01,0.1,True,0,native
3307,1.0,35,0.01,0.1,True,0,native
3308,1.0,37,0.01,0.1,True,0,native
3309,1.0,23,0.01,0.1,True,0,native
3310,1.0,27,0.01,0.1,True,0,native
3311,1.0,33,0.01,0.1,True,0,native
3312,1.0,10,0.01,0.1,True,0,native
3313,1.0,36,0.01,0.1,True,0,native
3314,1.0,31,0.01,0.1,True,0,native
3315,1.0,15,0.01,0.1,True,0,native
3316,1.0,71,0.01,0.1,True,0,native
3317,1.0,20,0.01,0.1,True,0,native
3318,1.0,47,0.01,0.1,True,0,native
3319,1.0,40,0.01,0.1,True,0,native
3320,1.0,15,0.01,0.1,True,0,native
3321,1.0,38,0.01,0.1,True,0,native
3322,1.0,21,0.01,0.1,True,0,native
3323,1.0,29,0.01,0.1,True,0,native
3324,1.0,34,0.01,0.1,True,0,native
3325,1.0,11,0.01,0.1,True,0,native
3326,1.0,34,0.01,0.1,True,0,native
3327,1.0,18,0.01,0.1,True,0,native
3328,1.0,21,0.01,0.1,True,0,native
3329,1.0,32,0.01,0.1,True,0,native
3330,1.0,19,0.01,0.1,True,0,native
3331,1.0,10,0.01,0.1,True,0,native
3332,1.0,27,0.01,0.1,True,0,native
3333,1.0,21,0.01,0.1,True,0,native
3334,1.0,23,0.01,0.1,True,0,native
3335,1.0,13,0.01,0.1,True,0,native
3336,1.0,34,0.01,0.1,True,0,native
3337,1.0,25,0.01,0.1,True,0,native
3338,1.0,25,0.01,0.1,True,0,native
3339,1.0,17,0.01,0.1,True,0,native
3340,1.0,28,0.01,0.1,True,0,native
3341,1.0,19,0.01,0.1,True,0,native
3342,1.0,53,0.01,0.1,True,0,native
3343,1.0,44,0.01,0.1,True,0,native
3344,1.0,34,0.01,0.1,True,0,native
3345,0.0,31,0.01,0.1,True,0,native
3346,1.0,12,0.01,0.1,True,0,native
3347,1.0,15,0.01,0.1,True,0,native
3348,1.0,25,0.01,0.1,True,0,native
3349,1.0,26,0.01,0.1,True,0,native
3350,1.0,28,0.01,0.1,True,0,native
3351,1.0,28,0.01,0.1,True,0,native
3352,1.0,27,0.01,0.1,True,0,native
3353,1.0,22,0.01,0.1,True,0,native
3354,1.0,17,0.01,0.1,True,0,native
3355,1.0,19,0.01,0.1,True,0,native
3356,1.0,40,0.01,0.1,True,0,native
3357,1.0,27,0.01,0.1,True,0,native
3358,1.0,40,0.01,0.1,True,0,native
3359,1.0,26,0.01,0.1,True,0,native
3360,1.0,20,0.01,0.1,True,0,native
3361,1.0,12,0.01,0.1,True,0,native
3362,1.0,37,0.01,0.1,True,0,native
3363,1.0,39,0.01,0.1,True,0,native
3364,1.0,21,0.01,0.1,True,0,native
3365,1.0,53,0.01,0.1,True,0,native
3366,1.0,36,0.01,0.1,True,0,native
3367,1.0,31,0.01,0.1,True,0,native
3368,1.0,18,0.01,0.1,True,0,native
3369,1.0,47,0.01,0.1,True,0,native
3370,1.0,22,0.01,0.1,True,0,native
3371,1.0,59,0.01,0.1,True,0,native
3372,1.0,22,0.01,0.1,True,0,native
3373,1.0,24,0.01,0.1,True,0,native
3374,1.0,26,0.01,0.1,True,0,native
3375,1.0,23,0.01,0.1,True,0,native
3376,1.0,24,0.01,0.1,True,0,native
3377,1.0,12,0.01,0.1,True,0,native
3378,1.0,36,0.01,0.1,True,0,native
3379,1.0,33,0.01,0.1,True,0,native
3380,1.0,58,0.01,0.1,True,0,native
3381,1.0,13,0.01,0.1,True,0,native
3382,1.0,26,0.01,0.1,True,0,native
3383,1.0,41,0.01,0.1,True,0,native
3384,1.0,15,0.01,0.1,True,0,native
3385,1.0,18,0.01,0.1,True,0,native
3386,1.0,11,0.01,0.1,True,0,native
3387,1.0,17,0.01,0.1,True,0,native
3388,1.0,38,0.01,0.1,True,0,native
3389,0.0,15,0.01,0.1,True,0,native
3390,1.0,65,0.01,0.1,True,0,native
3391,1.0,82,0.01,0.1,True,0,native
3392,1.0,64,0.01,0.1,True,0,native
3393,1.0,40,0.01,0.1,True,0,native
3394,1.0,26,0.01,0.1,True,0,native
3395,1.0,41,0.01,0.1,True,0,native
3396,1.0,18,0.01,0.1,True,0,native
3397,1.0,15,0.01,0.1,True,0,native
3398,1.0,36,0.01,0.1,True,0,native
3399,1.0,25,0.01,0.1,True,0,native
3400,1.0,20,0.01,0.1,True,0,native
3401,1.0,36,0.01,0.1,True,0,native
3402,1.0,41,0.01,0.1,True,0,native
3403,1.0,19,0.01,0.1,True,0,native
3404,0.0,6,0.01,0.1,True,0,native
3405,1.0,41,0.01,0.1,True,0,native
3406,1.0,25,0.01,0.1,True,0,native
3407,1.0,27,0.01,0.1,True,0,native
3408,1.0,16,0.01,0.1,True,0,native
3409,1.0,15,0.01,0.1,True,0,native
3410,1.0,27,0.01,0.1,True,0,native
3411,1.0,14,0.01,0.1,True,0,native
3412,1.0,14,0.01,0.1,True,0,native
3413,1.0,31,0.01,0.1,True,0,native
3414,1.0,64,0.01,0.1,True,0,native
3415,1.0,18,0.01,0.1,True,0,native
3416,1.0,21,0.01,0.1,True,0,native
3417,1.0,27,0.01,0.1,True,0,native
3418,1.0,47,0.01,0.1,True,0,native
3419,1.0,25,0.01,0.1,True,0,native
3420,1.0,30,0.01,0.1,True,0,native
3421,1.0,11,0.01,0.1,True,0,native
3422,1.0,44,0.01,0.1,True,0,native
3423,1.0,89,0.01,0.1,True,0,native
3424,0.0,32,0.01,0.1,True,0,native
3425,1.0,40,0.01,0.1,True,0,native
3426,1.0,41,0.01,0.1,True,0,native
3427,1.0,55,0.01,0.1,True,0,native
3428,1.0,45,0.01,0.1,True,0,native
3429,1.0,19,0.01,0.1,True,0,native
3430,1.0,81,0.01,0.1,True,0,native
3431,1.0,46,0.01,0.1,True,0,native
3432,1.0,46,0.01,0.1,True,0,native
3433,1.0,31,0.01,0.1,True,0,native
3434,1.0,23,0.01,0.1,True,0,native
3435,1.0,15,0.01,0.1,True,0,native
3436,1.0,28,0.01,0.1,True,0,native
3437,1.0,50,0.01,0.1,True,0,native
3438,1.0,63,0.01,0.1,True,0,native
3439,1.0,14,0.01,0.1,True,0,native
3440,1.0,40,0.01,0.1,True,0,native
3441,1.0,34,0.01,0.1,True,0,native
3442,1.0,51,0.01,0.1,True,0,native
3443,1.0,30,0.01,0.1,True,0,native
3444,1.0,33,0.01,0.1,True,0,native
3445,1.0,23,0.01,0.1,True,0,native
3446,1.0,18,0.01,0.1,True,0,native
3447,1.0,14,0.01,0.1,True,0,native
3448,1.0,23,0.01,0.1,True,0,native
3449,1.0,22,0.01,0.1,True,0,native
3450,1.0,48,0.01,0.1,True,0,native
3451,1.0,34,0.01,0.1,True,0,native
3452,1.0,25,0.01,0.1,True,0,native
3453,1.0,50,0.01,0.1,True,0,native
3454,1.0,28,0.01,0.1,True,0,native
3455,1.0,27,0.01,0.1,True,0,native
3456,1.0,40,0.01,0.1,True,0,native
3457,1.0,22,0.01,0.1,True,0,native
3458,1.0,27,0.01,0.1,True,0,native
3459,1.0,62,0.01,0.1,True,0,native
3460,1.0,65,0.01,0.1,True,0,native
3461,1.0,11,0.01,0.1,True,0,native
3462,1.0,69,0.01,0.1,True,0,native
3463,1.0,30,0.01,0.1,True,0,native
3464,1.0,21,0.01,0.1,True,0,native
3465,1.0,24,0.01,0.1,True,0,native
3466,1.0,35,0.01,0.1,True,0,native
3467,1.0,24,0.01,0.1,True,0,native
3468,1.0,28,0.01,0.1,True,0,native
3469,1.0,20,0.01,0.1,True,0,native
3470,1.0,77,0.01,0.1,True,0,native
3471,1.0,39,0.01,0.1,True,0,native
3472,0.0,4,0.01,0.1,True,0,native
3473,1.0,32,0.01,0.1,True,0,native
3474,1.0,34,0.01,0.1,True,0,native
3475,1.0,57,0.01,0.1,True,0,native
3476,1.0,26,0.01,0.1,True,0,native
3477,1.0,23,0.01,0.1,True,0,native
3478,1.0,55,0.01,0.1,True,0,native
3479,1.0,26,0.01,0.1,True,0,native
3480,0.0,18,0.01,0.1,True,0,native
3481,1.0,32,0.01,0.1,True,0,native
3482,1.0,22,0.01,0.1,True,0,native
3483,1.0,29,0.01,0.1,True,0,native
3484,1.0,48,0.01,0.1,True,0,native
3485,1.0,14,0.01,0.1,True,0,native
3486,1.0,51,0.01,0.1,True,0,native
3487,1.0,58,0.01,0.1,True,0,native
3488,1.0,14,0.01,0.1,True,0,native
3489,1.0,61,0.01,0.1,True,0,native
3490,1.0,19,0.01,0.1,True,0,native
3491,1.0,21,0.01,0.1,True,0,native
3492,1.0,75,0.01,0.1,True,0,native
3493,1.0,36,0.01,0.1,True,0,native
3494,1.0,32,0.01,0.1,True,0,native
3495,1.0,23,0.01,0.1,True,0,native
3496,1.0,29,0.01,0.1,True,0,native
3497,1.0,69,0.01,0.1,True,0,native
3498,1.0,47,0.01,0.1,True,0,native
3499,1.0,35,0.01,0.1,True,0,native
3500,1.0,80,0.01,0.1,True,0,native
3501,0.0,100,0.01,0.1,True,0,native
3502,1.0,33,0.01,0.1,True,0,native
3503,1.0,24,0.01,0.1,True,0,native
3504,1.0,26,0.01,0.1,True,0,native
3505,1.0,19,0.01,0.1,True,0,native
3506,1.0,17,0.01,0.1,True,0,native
3507,1.0,77,0.01,0.1,True,0,native
3508,1.0,35,0.01,0.1,True,0,native
3509,1.0,20,0.01,0.1,True,0,native
3510,1.0,56,0.01,0.1,True,0,native
3511,1.0,22,0.01,0.1,True,0,native
3512,1.0,15,0.01,0.1,True,0,native
3513,1.0,36,0.01,0.1,True,0,native
3514,1.0,35,0.01,0.1,True,0,native
3515,1.0,18,0.01,0.1,True,0,native
3516,1.0,50,0.01,0.1,True,0,native
3517,1.0,9,0.01,0.1,True,0,native
3518,1.0,19,0.01,0.1,True,0,native
3519,1.0,20,0.01,0.1,True,0,native
3520,1.0,28,0.01,0.1,True,0,native
3521,1.0,16,0.01,0.1,True,0,native
3522,1.0,22,0.01,0.1,True,0,native
3523,1.0,32,0.01,0.1,True,0,native
3524,1.0,54,0.01,0.1,True,0,native
3525,1.0,34,0.01,0.1,True,0,native
3526,1.0,52,0.01,0.1,True,0,native
3527,1.0,39,0.01,0.1,True,0,native
3528,1.0,61,0.01,0.1,True,0,native
3529,1.0,31,0.01,0.1,True,0,native
3530,1.0,29,0.01,0.1,True,0,native
3531,1.0,55,0.01,0.1,True,0,native
3532,1.0,10,0.01,0.1,True,0,native
3533,1.0,64,0.01,0.1,True,0,native
3534,1.0,79,0.01,0.1,True,0,native
3535,1.0,26,0.01,0.1,True,0,native
3536,1.0,14,0.01,0.1,True,0,native
3537,1.0,68,0.01,0.1,True,0,native
3538,0.0,21,0.01,0.1,True,0,native
3539,1.0,70,0.01,0.1,True,0,native
3540,1.0,31,0.01,0.1,True,0,native
3541,1.0,33,0.01,0.1,True,0,native
3542,1.0,15,0.01,0.1,True,0,native
3543,1.0,82,0.01,0.1,True,0,native
3544,1.0,38,0.01,0.1,True,0,native
3545,1.0,50,0.01,0.1,True,0,native
3546,1.0,44,0.01,0.1,True,0,native
3547,1.0,40,0.01,0.1,True,0,native
3548,1.0,36,0.01,0.1,True,0,native
3549,1.0,84,0.01,0.1,True,0,native
3550,1.0,57,0.01,0.1,True,0,native
3551,1.0,37,0.01,0.1,True,0,native
3552,1.0,14,0.01,0.1,True,0,native
3553,1.0,33,0.01,0.1,True,0,native
3554,1.0,35,0.01,0.1,True,0,native
3555,1.0,34,0.01,0.1,True,0,native
3556,1.0,13,0.01,0.1,True,0,native
3557,1.0,61,0.01,0.1,True,0,native
3558,1.0,37,0.01,0.1,True,0,native
3559,1.0,24,0.01,0.1,True,0,native
3560,1.0,80,0.01,0.1,True,0,native
3561,1.0,13,0.01,0.1,True,0,native
3562,1.0,17,0.01,0.1,True,0,native
3563,1.0,36,0.01,0.1,True,0,native
3564,1.0,24,0.01,0.1,True,0,native
3565,1.0,35,0.01,0.1,True,0,native
3566,1.0,28,0.01,0.1,True,0,native
3567,1.0,25,0.01,0.1,True,0,native
3568,1.0,22,0.01,0.1,True,0,native
3569,1.0,60,0.01,0.1,True,0,native
3570,1.0,33,0.01,0.1,True,0,native
3571,1.0,84,0.01,0.1,True,0,native
3572,1.0,12,0.01,0.1,True,0,native
3573,1.0,30,0.01,0.1,True,0,native
3574,1.0,40,0.01,0.1,True,0,native
3575,1.0,57,0.01,0.1,True,0,native
3576,1.0,14,0.01,0.1,True,0,native
3577,1.0,28,0.01,0.1,True,0,native
3578,1.0,21,0.01,0.1,True,0,native
3579,1.0,26,0.01,0.1,True,0,native
3580,1.0,56,0.01,0.1,True,0,native
3581,0.0,60,0.01,0.1,True,0,native
3582,1.0,16,0.01,0.1,True,0,native
3583,1.0,35,0.01,0.1,True,0,native
3584,1.0,24,0.01,0.1,True,0,native
3585,1.0,42,0.01,0.1,True,0,native
3586,1.0,44,0.01,0.1,True,0,native
3587,1.0,27,0.01,0.1,True,0,native
3588,1.0,56,0.01,0.1,True,0,native
3589,0.0,27,0.01,0.1,True,0,native
3590,1.0,55,0.01,0.1,True,0,native
3591,1.0,37,0.01,0.1,True,0,native
3592,1.0,16,0.01,0.1,True,0,native
3593,1.0,26,0.01,0.1,True,0,native
3594,1.0,69,0.01,0.1,True,0,native
3595,1.0,62,0.01,0.1,True,0,native
3596,1.0,78,0.01,0.1,True,0,native
3597,1.0,12,0.01,0.1,True,0,native
3598,1.0,46,0.01,0.1,True,0,native
3599,1.0,74,0.01,0.1,True,0,native
3600,1.0,32,0.01,0.1,True,0,native
3601,1.0,41,0.01,0.1,True,0,native
3602,1.0,17,0.01,0.1,True,0,native
3603,1.0,30,0.01,0.1,True,0,native
3604,1.0,32,0.01,0.1,True,0,native
3605,1.0,41,0.01,0.1,True,0,native
3606,1.0,36,0.01,0.1,True,0,native
3607,1.0,15,0.01,0.1,True,0,native
3608,1.0,20,0.01,0.1,True,0,native
3609,1.0,45,0.01,0.1,True,0,native
3610,1.0,26,0.01,0.1,True,0,native
3611,1.0,52,0.01,0.1,True,0,native
3612,1.0,21,0.01,0.1,True,0,native
3613,1.0,25,0.01,0.1,True,0,native
3614,1.0,25,0.01,0.1,True,0,native
3615,1.0,37,0.01,0.1,True,0,native
3616,1.0,13,0.01,0.1,True,0,native
3617,1.0,15,0.01,0.1,True,0,native
3618,1.0,19,0.01,0.1,True,0,native
3619,1.0,17,0.01,0.1,True,0,native
3620,1.0,25,0.01,0.1,True,0,native
3621,1.0,23,0.01,0.1,True,0,native
3622,1.0,28,0.01,0.1,True,0,native
3623,1.0,43,0.01,0.1,True,0,native
3624,1.0,20,0.01,0.1,True,0,native
3625,1.0,10,0.01,0.1,True,0,native
3626,1.0,19,0.01,0.1,True,0,native
3627,1.0,39,0.01,0.1,True,0,native
3628,1.0,43,0.01,0.1,True,0,native
3629,1.0,69,0.01,0.1,True,0,native
3630,1.0,31,0.01,0.1,True,0,native
3631,1.0,31,0.01,0.1,True,0,native
3632,1.0,21,0.01,0.1,True,0,native
3633,1.0,16,0.01,0.1,True,0,native
3634,1.0,53,0.01,0.1,True,0,native
3635,1.0,55,0.01,0.1,True,0,native
3636,1.0,15,0.01,0.1,True,0,native
3637,1.0,32,0.01,0.1,True,0,native
3638,1.0,24,0.01,0.1,True,0,native
3639,1.0,72,0.01,0.1,True,0,native
3640,1.0,24,0.01,0.1,True,0,native
3641,1.0,33,0.01,0.1,True,0,native
3642,1.0,28,0.01,0.1,True,0,native
3643,1.0,17,0.01,0.1,True,0,native
3644,1.0,69,0.01,0.1,True,0,native
3645,1.0,41,0.01,0.1,True,0,native
3646,1.0,13,0.01,0.1,True,0,native
3647,1.0,10,0.01,0.1,True,0,native
3648,1.0,38,0.01,0.1,True,0,native
3649,1.0,36,0.01,0.1,True,0,native
3650,1.0,20,0.01,0.1,True,0,native
3651,1.0,27,0.01,0.1,True,0,native
3652,1.0,17,0.01,0.1,True,0,native
3653,1.0,19,0.01,0.1,True,0,native
3654,1.0,32,0.01,0.1,True,0,native
3655,1.0,16,0.01,0.1,True,0,native
3656,1.0,28,0.01,0.1,True,0,native
3657,1.0,17,0.01,0.1,True,0,native
3658,1.0,39,0.01,0.1,True,0,native
3659,1.0,16,0.01,0.1,True,0,native
3660,1.0,30,0.01,0.1,True,0,native
3661,1.0,27,0.01,0.1,True,0,native
3662,1.0,37,0.01,0.1,True,0,native
3663,1.0,34,0.01,0.1,True,0,native
3664,1.0,24,0.01,0.1,True,0,native
3665,1.0,11,0.01,0.1,True,0,native
3666,1.0,29,0.01,0.1,True,0,native
3667,1.0,49,0.01,0.1,True,0,native
3668,1.0,26,0.01,0.1,True,0,native
3669,1.0,34,0.01,0.1,True,0,native
3670,1.0,32,0.01,0.1,True,0,native
3671,1.0,23,0.01,0.1,True,0,native
3672,1.0,29,0.01,0.1,True,0,native
3673,1.0,29,0.01,0.1,True,0,native
3674,1.0,20,0.01,0.1,True,0,native
3675,0.0,24,0.01,0.1,True,0,native
3676,1.0,41,0.01,0.1,True,0,native
3677,1.0,55,0.01,0.1,True,0,native
3678,1.0,8,0.01,0.1,True,0,native
3679,1.0,21,0.01,0.1,True,0,native
3680,1.0,48,0.01,0.1,True,0,native
3681,1.0,46,0.01,0.1,True,0,native
3682,0.0,27,0.01,0.1,True,0,native
3683,1.0,34,0.01,0.1,True,0,native
3684,1.0,12,0.01,0.1,True,0,native
3685,1.0,32,0.01,0.1,True,0,native
3686,1.0,26,0.01,0.1,True,0,native
3687,1.0,24,0.01,0.1,True,0,native
3688,1.0,29,0.01,0.1,True,0,native
3689,1.0,12,0.01,0.1,True,0,native
3690,1.0,39,0.01,0.1,True,0,native
3691,1.0,13,0.01,0.1,True,0,native
3692,1.0,19,0.01,0.1,True,0,native
3693,1.0,14,0.01,0.1,True,0,native
3694,1.0,58,0.01,0.1,True,0,native
3695,1.0,41,0.01,0.1,True,0,native
3696,1.0,45,0.01,0.1,True,0,native
3697,1.0,25,0.01,0.1,True,0,native
3698,1.0,39,0.01,0.1,True,0,native
3699,1.0,35,0.01,0.1,True,0,native
3700,1.0,28,0.01,0.1,True,0,native
3701,1.0,62,0.01,0.1,True,0,native
3702,1.0,30,0.01,0.1,True,0,native
3703,1.0,18,0.01,0.1,True,0,native
3704,1.0,30,0.01,0.1,True,0,native
3705,1.0,35,0.01,0.1,True,0,native
3706,1.0,20,0.01,0.1,True,0,native
3707,1.0,24,0.01,0.1,True,0,native
3708,1.0,27,0.01,0.1,True,0,native
3709,1.0,16,0.01,0.1,True,0,native
3710,1.0,23,0.01,0.1,True,0,native
3711,1.0,9,0.01,0.1,True,0,native
3712,1.0,40,0.01,0.1,True,0,native
3713,1.0,52,0.01,0.1,True,0,native
3714,1.0,16,0.01,0.1,True,0,native
3715,1.0,33,0.01,0.1,True,0,native
3716,1.0,79,0.01,0.1,True,0,native
3717,1.0,27,0.01,0.1,True,0,native
3718,1.0,30,0.01,0.1,True,0,native
3719,1.0,26,0.01,0.1,True,0,native
3720,1.0,53,0.01,0.1,True,0,native
3721,1.0,23,0.01,0.1,True,0,native
3722,1.0,45,0.01,0.1,True,0,native
3723,1.0,25,0.01,0.1,True,0,native
3724,1.0,22,0.01,0.1,True,0,native
3725,1.0,16,0.01,0.1,True,0,native
3726,1.0,25,0.01,0.1,True,0,native
3727,1.0,24,0.01,0.1,True,0,native
3728,1.0,12,0.01,0.1,True,0,native
3729,1.0,28,0.01,0.1,True,0,native
3730,1.0,46,0.01,0.1,True,0,native
3731,1.0,16,0.01,0.1,True,0,native
3732,1.0,26,0.01,0.1,True,0,native
3733,1.0,24,0.01,0.1,True,0,native
3734,1.0,14,0.01,0.1,True,0,native
3735,1.0,44,0.01,0.1,True,0,native
3736,1.0,51,0.01,0.1,True,0,native
3737,1.0,35,0.01,0.1,True,0,native
3738,1.0,18,0.01,0.1,True,0,native
3739,1.0,22,0.01,0.1,True,0,native
3740,1.0,31,0.01,0.1,True,0,native
3741,0.0,12,0.01,0.1,True,0,native
3742,1.0,14,0.01,0.1,True,0,native
3743,1.0,44,0.01,0.1,True,0,native
3744,1.0,40,0.01,0.1,True,0,native
3745,1.0,39,0.01,0.1,True,0,native
3746,1.0,31,0.01,0.1,True,0,native
3747,1.0,68,0.01,0.1,True,0,native
3748,1.0,16,0.01,0.1,True,0,native
3749,1.0,48,0.01,0.1,True,0,native
3750,1.0,23,0.01,0.1,True,0,native
3751,1.0,14,0.01,0.1,True,0,native
3752,1.0,33,0.01,0.1,True,0,native
3753,1.0,36,0.01,0.1,True,0,native
3754,1.0,14,0.01,0.1,True,0,native
3755,1.0,13,0.01,0.1,True,0,native
3756,1.0,42,0.01,0.1,True,0,native
3757,1.0,66,0.01,0.1,True,0,native
3758,1.0,13,0.01,0.1,True,0,native
3759,1.0,24,0.01,0.1,True,0,native
3760,1.0,24,0.01,0.1,True,0,native
3761,1.0,40,0.01,0.1,True,0,native
3762,1.0,30,0.01,0.1,True,0,native
3763,1.0,15,0.01,0.1,True,0,native
3764,1.0,56,0.01,0.1,True,0,native
3765,1.0,24,0.01,0.1,True,0,native
3766,1.0,25,0.01,0.1,True,0,native
3767,1.0,31,0.01,0.1,True,0,native
3768,1.0,24,0.01,0.1,True,0,native
3769,1.0,27,0.01,0.1,True,0,native
3770,1.0,40,0.01,0.1,True,0,native
3771,1.0,21,0.01,0.1,True,0,native
3772,1.0,20,0.01,0.1,True,0,native
3773,1.0,47,0.01,0.1,True,0,native
3774,1.0,23,0.01,0.1,True,0,native
3775,1.0,29,0.01,0.1,True,0,native
3776,1.0,26,0.01,0.1,True,0,native
3777,1.0,42,0.01,0.1,True,0,native
3778,1.0,40,0.01,0.1,True,0,native
3779,1.0,49,0.01,0.1,True,0,native
3780,1.0,29,0.01,0.1,True,0,native
3781,1.0,43,0.01,0.1,True,0,native
3782,1.0,43,0.01,0.1,True,0,native
3783,1.0,38,0.01,0.1,True,0,native
3784,1.0,32,0.01,0.1,True,0,native
3785,1.0,52,0.01,0.1,True,0,native
3786,1.0,23,0.01,0.1,True,0,native
3787,1.0,19,0.01,0.1,True,0,native
3788,1.0,13,0.01,0.1,True,0,native
3789,1.0,15,0.01,0.1,True,0,native
3790,1.0,31,0.01,0.1,True,0,native
3791,1.0,26,0.01,0.1,True,0,native
3792,1.0,18,0.01,0.1,True,0,native
3793,1.0,23,0.01,0.1,True,0,native
3794,1.0,27,0.01,0.1,True,0,native
3795,1.0,52,0.01,0.1,True,0,native
3796,1.0,22,0.01,0.1,True,0,native
3797,1.0,20,0.01,0.1,True,0,native
3798,1.0,26,0.01,0.1,True,0,native
3799,1.0,14,0.01,0.1,True,0,native
3800,1.0,14,0.01,0.1,True,0,native
3801,1.0,39,0.01,0.1,True,0,native
3802,1.0,38,0.01,0.1,True,0,native
3803,1.0,40,0.01,0.1,True,0,native
3804,1.0,15,0.01,0.1,True,0,native
3805,1.0,41,0.01,0.1,True,0,native
3806,1.0,21,0.01,0.1,True,0,native
3807,1.0,59,0.01,0.1,True,0,native
3808,0.0,49,0.01,0.1,True,0,native
3809,1.0,19,0.01,0.1,True,0,native
3810,1.0,30,0.01,0.1,True,0,native
3811,1.0,28,0.01,0.1,True,0,native
3812,1.0,51,0.01,0.1,True,0,native
3813,1.0,17,0.01,0.1,True,0,native
3814,1.0,48,0.01,0.1,True,0,native
3815,1.0,15,0.01,0.1,True,0,native
3816,1.0,44,0.01,0.1,True,0,native
3817,1.0,33,0.01,0.1,True,0,native
3818,1.0,35,0.01,0.1,True,0,native
3819,1.0,17,0.01,0.1,True,0,native
3820,1.0,59,0.01,0.1,True,0,native
3821,1.0,29,0.01,0.1,True,0,native
3822,1.0,25,0.01,0.1,True,0,native
3823,1.0,26,0.01,0.1,True,0,native
3824,1.0,32,0.01,0.1,True,0,native
3825,1.0,22,0.01,0.1,True,0,native
3826,1.0,13,0.01,0.1,True,0,native
3827,1.0,34,0.01,0.1,True,0,native
3828,1.0,21,0.01,0.1,True,0,native
3829,1.0,21,0.01,0.1,True,0,native
3830,1.0,36,0.01,0.1,True,0,native
3831,1.0,26,0.01,0.1,True,0,native
3832,1.0,57,0.01,0.1,True,0,native
3833,1.0,8,0.01,0.1,True,0,native
3834,1.0,24,0.01,0.1,True,0,native
3835,1.0,26,0.01,0.1,True,0,native
3836,1.0,23,0.01,0.1,True,0,native
3837,1.0,18,0.01,0.1,True,0,native
3838,1.0,37,0.01,0.1,True,0,native
3839,1.0,25,0.01,0.1,True,0,native
3840,1.0,15,0.01,0.1,True,0,native
3841,1.0,17,0.01,0.1,True,0,native
3842,1.0,25,0.01,0.1,True,0,native
3843,1.0,26,0.01,0.1,True,0,native
3844,1.0,16,0.01,0.1,True,0,native
3845,1.0,26,0.01,0.1,True,0,native
3846,1.0,49,0.01,0.1,True,0,native
3847,1.0,24,0.01,0.1,True,0,native
3848,1.0,17,0.01,0.1,True,0,native
3849,1.0,35,0.01,0.1,True,0,native
3850,1.0,35,0.01,0.1,True,0,native
3851,1.0,32,0.01,0.1,True,0,native
3852,1.0,87,0.01,0.1,True,0,native
3853,1.0,19,0.01,0.1,True,0,native
3854,1.0,25,0.01,0.1,True,0,native
3855,1.0,26,0.01,0.1,True,0,native
3856,1.0,46,0.01,0.1,True,0,native
3857,1.0,31,0.01,0.1,True,0,native
3858,1.0,59,0.01,0.1,True,0,native
3859,1.0,24,0.01,0.1,True,0,native
3860,1.0,28,0.01,0.1,True,0,native
3861,1.0,37,0.01,0.1,True,0,native
3862,1.0,20,0.01,0.1,True,0,native
3863,1.0,26,0.01,0.1,True,0,native
3864,1.0,32,0.01,0.1,True,0,native
3865,1.0,39,0.01,0.1,True,0,native
3866,1.0,52,0.01,0.1,True,0,native
3867,1.0,64,0.01,0.1,True,0,native
3868,1.0,49,0.01,0.1,True,0,native
3869,1.0,70,0.01,0.1,True,0,native
3870,1.0,22,0.01,0.1,True,0,native
3871,1.0,68,0.01,0.1,True,0,native
3872,1.0,30,0.01,0.1,True,0,native
3873,1.0,26,0.01,0.1,True,0,native
3874,1.0,24,0.01,0.1,True,0,native
3875,1.0,36,0.01,0.1,True,0,native
3876,1.0,43,0.01,0.1,True,0,native
3877,1.0,12,0.01,0.1,True,0,native
3878,1.0,38,0.01,0.1,True,0,native
3879,1.0,17,0.01,0.1,True,0,native
3880,1.0,30,0.01,0.1,True,0,native
3881,1.0,15,0.01,0.1,True,0,native
3882,1.0,8,0.01,0.1,True,0,native
3883,1.0,19,0.01,0.1,True,0,native
3884,1.0,18,0.01,0.1,True,0,native
3885,1.0,74,0.01,0.1,True,0,native
3886,1.0,27,0.01,0.1,True,0,native
3887,1.0,15,0.01,0.1,True,0,native
3888,1.0,25,0.01,0.1,True,0,native
3889,1.0,33,0.01,0.1,True,0,native
3890,1.0,18,0.01,0.1,True,0,native
3891,1.0,72,0.01,0.1,True,0,native
3892,1.0,27,0.01,0.1,True,0,native
3893,1.0,56,0.01,0.1,True,0,native
3894,1.0,41,0.01,0.1,True,0,native
3895,1.0,27,0.01,0.1,True,0,native
3896,1.0,36,0.01,0.1,True,0,native
3897,1.0,32,0.01,0.1,True,0,native
3898,1.0,32,0.01,0.1,True,0,native
3899,1.0,49,0.01,0.1,True,0,native
3900,1.0,68,0.01,0.1,True,0,native
3901,1.0,52,0.01,0.1,True,0,native
3902,1.0,45,0.01,0.1,True,0,native
3903,1.0,13,0.01,0.1,True,0,native
3904,1.0,35,0.01,0.1,True,0,native
3905,1.0,33,0.01,0.1,True,0,native
3906,1.0,14,0.01,0.1,True,0,native
3907,1.0,19,0.01,0.1,True,0,native
3908,0.0,31,0.01,0.1,True,0,native
3909,1.0,30,0.01,0.1,True,0,native
3910,1.0,22,0.01,0.1,True,0,native
3911,1.0,23,0.01,0.1,True,0,native
3912,1.0,23,0.01,0.1,True,0,native
3913,1.0,48,0.01,0.1,True,0,native
3914,1.0,17,0.01,0.1,True,0,native
3915,1.0,8,0.01,0.1,True,0,native
3916,1.0,31,0.01,0.1,True,0,native
3917,1.0,15,0.01,0.1,True,0,native
3918,1.0,33,0.01,0.1,True,0,native
3919,1.0,44,0.01,0.1,True,0,native
3920,1.0,21,0.01,0.1,True,0,native
3921,1.0,29,0.01,0.1,True,0,native
3922,1.0,21,0.01,0.1,True,0,native
3923,1.0,17,0.01,0.1,True,0,native
3924,1.0,31,0.01,0.1,True,0,native
3925,0.0,20,0.01,0.1,True,0,native
3926,1.0,29,0.01,0.1,True,0,native
3927,1.0,38,0.01,0.1,True,0,native
3928,1.0,17,0.01,0.1,True,0,native
3929,1.0,16,0.01,0.1,True,0,native
3930,1.0,23,0.01,0.1,True,0,native
3931,1.0,43,0.01,0.1,True,0,native
3932,1.0,39,0.01,0.1,True,0,native
3933,1.0,37,0.01,0.1,True,0,native
3934,1.0,13,0.01,0.1,True,0,native
3935,1.0,44,0.01,0.1,True,0,native
3936,1.0,15,0.01,0.1,True,0,native
3937,1.0,29,0.01,0.1,True,0,native
3938,1.0,17,0.01,0.1,True,0,native
3939,1.0,46,0.01,0.1,True,0,native
3940,1.0,63,0.01,0.1,True,0,native
3941,1.0,41,0.01,0.1,True,0,native
3942,1.0,16,0.01,0.1,True,0,native
3943,1.0,31,0.01,0.1,True,0,native
3944,1.0,38,0.01,0.1,True,0,native
3945,1.0,20,0.01,0.1,True,0,native
3946,1.0,26,0.01,0.1,True,0,native
3947,1.0,63,0.01,0.1,True,0,native
3948,1.0,24,0.01,0.1,True,0,native
3949,1.0,22,0.01,0.1,True,0,native
3950,1.0,16,0.01,0.1,True,0,native
3951,1.0,24,0.01,0.1,True,0,native
3952,1.0,19,0.01,0.1,True,0,native
3953,1.0,34,0.01,0.1,True,0,native
3954,1.0,26,0.01,0.1,True,0,native
3955,1.0,16,0.01,0.1,True,0,native
3956,1.0,25,0.01,0.1,True,0,native
3957,1.0,41,0.01,0.1,True,0,native
3958,1.0,74,0.01,0.1,True,0,native
3959,1.0,40,0.01,0.1,True,0,native
3960,1.0,24,0.01,0.1,True,0,native
3961,1.0,43,0.01,0.1,True,0,native
3962,1.0,14,0.01,0.1,True,0,native
3963,1.0,36,0.01,0.1,True,0,native
3964,1.0,21,0.01,0.1,True,0,native
3965,1.0,23,0.01,0.1,True,0,native
3966,1.0,28,0.01,0.1,True,0,native
3967,1.0,38,0.01,0.1,True,0,native
3968,1.0,58,0.01,0.1,True,0,native
3969,0.0,20,0.01,0.1,True,0,native
3970,1.0,30,0.01,0.1,True,0,native
3971,1.0,22,0.01,0.1,True,0,native
3972,1.0,60,0.01,0.1,True,0,native
3973,1.0,34,0.01,0.1,True,0,native
3974,1.0,30,0.01,0.1,True,0,native
3975,1.0,20,0.01,0.1,True,0,native
3976,1.0,36,0.01,0.1,True,0,native
3977,1.0,43,0.01,0.1,True,0,native
3978,1.0,30,0.01,0.1,True,0,native
3979,1.0,14,0.01,0.1,True,0,native
3980,1.0,31,0.01,0.1,True,0,native
3981,1.0,52,0.01,0.1,True,0,native
3982,1.0,43,0.01,0.1,True,0,native
3983,1.0,13,0.01,0.1,True,0,native
3984,1.0,15,0.01,0.1,True,0,native
3985,1.0,33,0.01,0.1,True,0,native
3986,1.0,16,0.01,0.1,True,0,native
3987,1.0,30,0.01,0.1,True,0,native
3988,1.0,24,0.01,0.1,True,0,native
3989,1.0,22,0.01,0.1,True,0,native
3990,1.0,28,0.01,0.1,True,0,native
3991,1.0,16,0.01,0.1,True,0,native
3992,1.0,10,0.01,0.1,True,0,native
3993,1.0,30,0.01,0.1,True,0,native
3994,1.0,22,0.01,0.1,True,0,native
3995,1.0,89,0.01,0.1,True,0,native
3996,1.0,40,0.01,0.1,True,0,native
3997,1.0,31,0.01,0.1,True,0,native
3998,1.0,23,0.01,0.1,True,0,native
3999,1.0,36,0.01,0.1,True,0,native
4000,1.0,36,0.01,0.1,True,0,native
4001,1.0,34,0.01,0.1,True,0,native
4002,1.0,29,0.01,0.1,True,0,native
4003,1.0,22,0.01,0.1,True,0,native
4004,1.0,37,0.01,0.1,True,0,native
4005,1.0,66,0.01,0.1,True,0,native
4006,1.0,54,0.01,0.1,True,0,native
4007,1.0,14,0.01,0.1,True,0,native
4008,1.0,49,0.01,0.1,True,0,native
4009,1.0,34,0.01,0.1,True,0,native
4010,1.0,23,0.01,0.1,True,0,native
4011,1.0,20,0.01,0.1,True,0,native
4012,1.0,77,0.01,0.1,True,0,native
4013,1.0,22,0.01,0.1,True,0,native
4014,1.0,31,0.01,0.1,True,0,native
4015,1.0,26,0.01,0.1,True,0,native
4016,1.0,44,0.01,0.1,True,0,native
4017,1.0,50,0.01,0.1,True,0,native
4018,1.0,76,0.01,0.1,True,0,native
4019,1.0,39,0.01,0.1,True,0,native
4020,1.0,17,0.01,0.1,True,0,native
4021,1.0,45,0.01,0.1,True,0,native
4022,1.0,15,0.01,0.1,True,0,native
4023,1.0,18,0.01,0.1,True,0,native
4024,1.0,26,0.01,0.1,True,0,native
4025,1.0,26,0.01,0.1,True,0,native
4026,1.0,14,0.01,0.1,True,0,native
4027,1.0,45,0.01,0.1,True,0,native
4028,1.0,34,0.01,0.1,True,0,native
4029,1.0,19,0.01,0.1,True,0,native
4030,1.0,39,0.01,0.1,True,0,native
4031,1.0,45,0.01,0.1,True,0,native
4032,1.0,46,0.01,0.1,True,0,native
4033,1.0,13,0.01,0.1,True,0,native
4034,1.0,20,0.01,0.1,True,0,native
4035,1.0,43,0.01,0.1,True,0,native
4036,1.0,30,0.01,0.1,True,0,native
4037,1.0,57,0.01,0.1,True,0,native
4038,1.0,38,0.01,0.1,True,0,native
4039,1.0,35,0.01,0.1,True,0,native
4040,1.0,28,0.01,0.1,True,0,native
4041,1.0,25,0.01,0.1,True,0,native
4042,1.0,51,0.01,0.1,True,0,native
4043,1.0,14,0.01,0.1,True,0,native
4044,1.0,49,0.01,0.1,True,0,native
4045,1.0,51,0.01,0.1,True,0,native
4046,1.0,15,0.01,0.1,True,0,native
4047,1.0,46,0.01,0.1,True,0,native
4048,1.0,13,0.01,0.1,True,0,native
4049,1.0,23,0.01,0.1,True,0,native
4050,1.0,38,0.01,0.1,True,0,native
4051,1.0,15,0.01,0.1,True,0,native
4052,1.0,26,0.01,0.1,True,0,native
4053,1.0,60,0.01,0.1,True,0,native
4054,1.0,22,0.01,0.1,True,0,native
4055,1.0,31,0.01,0.1,True,0,native
4056,1.0,45,0.01,0.1,True,0,native
4057,1.0,45,0.01,0.1,True,0,native
4058,1.0,62,0.01,0.1,True,0,native
4059,1.0,47,0.01,0.1,True,0,native
4060,1.0,24,0.01,0.1,True,0,native
4061,1.0,61,0.01,0.1,True,0,native
4062,1.0,41,0.01,0.1,True,0,native
4063,1.0,10,0.01,0.1,True,0,native
4064,1.0,21,0.01,0.1,True,0,native
4065,1.0,19,0.01,0.1,True,0,native
4066,1.0,32,0.01,0.1,True,0,native
4067,1.0,53,0.01,0.1,True,0,native
4068,1.0,13,0.01,0.1,True,0,native
4069,1.0,56,0.01,0.1,True,0,native
4070,1.0,22,0.01,0.1,True,0,native
4071,1.0,59,0.01,0.1,True,0,native
4072,1.0,53,0.01,0.1,True,0,native
4073,1.0,28,0.01,0.1,True,0,native
4074,1.0,21,0.01,0.1,True,0,native
4075,1.0,19,0.01,0.1,True,0,native
4076,1.0,33,0.01,0.1,True,0,native
4077,1.0,25,0.01,0.1,True,0,native
4078,1.0,34,0.01,0.1,True,0,native
4079,1.0,29,0.01,0.1,True,0,native
4080,1.0,65,0.01,0.1,True,0,native
4081,1.0,26,0.01,0.1,True,0,native
4082,1.0,31,0.01,0.1,True,0,native
4083,1.0,19,0.01,0.1,True,0,native
4084,1.0,19,0.01,0.1,True,0,native
4085,1.0,27,0.01,0.1,True,0,native
4086,1.0,17,0.01,0.1,True,0,native
4087,1.0,13,0.01,0.1,True,0,native
4088,1.0,34,0.01,0.1,True,0,native
4089,1.0,72,0.01,0.1,True,0,native
4090,1.0,29,0.01,0.1,True,0,native
4091,1.0,23,0.01,0.1,True,0,native
4092,1.0,67,0.01,0.1,True,0,native
4093,1.0,26,0.01,0.1,True,0,native
4094,1.0,23,0.01,0.1,True,0,native
4095,1.0,28,0.01,0.1,True,0,native
4096,1.0,17,0.01,0.1,True,0,native
4097,1.0,39,0.01,0.1,True,0,native
4098,1.0,25,0.01,0.1,True,0,native
4099,1.0,14,0.01,0.1,True,0,native
4100,0.0,16,0.01,0.1,True,0,native
4101,1.0,15,0.01,0.1,True,0,native
4102,1.0,20,0.01,0.1,True,0,native
4103,1.0,42,0.01,0.1,True,0,native
4104,1.0,34,0.01,0.1,True,0,native
4105,1.0,8,0.01,0.1,True,0,native
4106,1.0,58,0.01,0.1,True,0,native
4107,1.0,41,0.01,0.1,True,0,native
4108,1.0,40,0.01,0.1,True,0,native
4109,1.0,17,0.01,0.1,True,0,native
4110,1.0,71,0.01,0.1,True,0,native
4111,1.0,15,0.01,0.1,True,0,native
4112,1.0,11,0.01,0.1,True,0,native
4113,1.0,38,0.01,0.1,True,0,native
4114,1.0,30,0.01,0.1,True,0,native
4115,1.0,24,0.01,0.1,True,0,native
4116,1.0,28,0.01,0.1,True,0,native
4117,1.0,18,0.01,0.1,True,0,native
4118,1.0,25,0.01,0.1,True,0,native
4119,1.0,46,0.01,0.1,True,0,native
4120,1.0,35,0.01,0.1,True,0,native
4121,1.0,80,0.01,0.1,True,0,native
4122,1.0,57,0.01,0.1,True,0,native
4123,1.0,26,0.01,0.1,True,0,native
4124,1.0,42,0.01,0.1,True,0,native
4125,1.0,26,0.01,0.1,True,0,native
4126,1.0,66,0.01,0.1,True,0,native
4127,1.0,44,0.01,0.1,True,0,native
4128,1.0,31,0.01,0.1,True,0,native
4129,1.0,41,0.01,0.1,True,0,native
4130,1.0,39,0.01,0.1,True,0,native
4131,1.0,48,0.01,0.1,True,0,native
4132,1.0,32,0.01,0.1,True,0,native
4133,1.0,28,0.01,0.1,True,0,native
4134,1.0,40,0.01,0.1,True,0,native
4135,1.0,67,0.01,0.1,True,0,native
4136,1.0,50,0.01,0.1,True,0,native
4137,1.0,33,0.01,0.1,True,0,native
4138,1.0,23,0.01,0.1,True,0,native
4139,1.0,29,0.01,0.1,True,0,native
4140,1.0,55,0.01,0.1,True,0,native
4141,1.0,40,0.01,0.1,True,0,native
4142,1.0,17,0.01,0.1,True,0,native
4143,1.0,19,0.01,0.1,True,0,native
4144,1.0,17,0.01,0.1,True,0,native
4145,1.0,26,0.01,0.1,True,0,native
4146,1.0,42,0.01,0.1,True,0,native
4147,1.0,50,0.01,0.1,True,0,native
4148,1.0,23,0.01,0.1,True,0,native
4149,1.0,64,0.01,0.1,True,0,native
4150,1.0,14,0.01,0.1,True,0,native
4151,1.0,20,0.01,0.1,True,0,native
4152,1.0,19,0.01,0.1,True,0,native
4153,1.0,17,0.01,0.1,True,0,native
4154,1.0,12,0.01,0.1,True,0,native
4155,1.0,39,0.01,0.1,True,0,native
4156,1.0,15,0.01,0.1,True,0,native
4157,1.0,39,0.01,0.1,True,0,native
4158,1.0,24,0.01,0.1,True,0,native
4159,1.0,28,0.01,0.1,True,0,native
4160,1.0,16,0.01,0.1,True,0,native
4161,1.0,67,0.01,0.1,True,0,native
4162,1.0,17,0.01,0.1,True,0,native
4163,1.0,18,0.01,0.1,True,0,native
4164,1.0,67,0.01,0.1,True,0,native
4165,1.0,14,0.01,0.1,True,0,native
4166,1.0,15,0.01,0.1,True,0,native
4167,1.0,31,0.01,0.1,True,0,native
4168,1.0,16,0.01,0.1,True,0,native
4169,1.0,26,0.01,0.1,True,0,native
4170,1.0,20,0.01,0.1,True,0,native
4171,1.0,30,0.01,0.1,True,0,native
4172,1.0,11,0.01,0.1,True,0,native
4173,1.0,26,0.01,0.1,True,0,native
4174,1.0,17,0.01,0.1,True,0,native
4175,1.0,20,0.01,0.1,True,0,native
4176,1.0,43,0.01,0.1,True,0,native
4177,1.0,27,0.01,0.1,True,0,native
4178,1.0,20,0.01,0.1,True,0,native
4179,1.0,10,0.01,0.1,True,0,native
4180,1.0,62,0.01,0.1,True,0,native
4181,1.0,18,0.01,0.1,True,0,native
4182,1.0,17,0.01,0.1,True,0,native
4183,1.0,25,0.01,0.1,True,0,native
4184,1.0,37,0.01,0.1,True,0,native
4185,1.0,27,0.01,0.1,True,0,native
4186,1.0,20,0.01,0.1,True,0,native
4187,0.0,35,0.01,0.1,True,0,native
4188,1.0,81,0.01,0.1,True,0,native
4189,1.0,88,0.01,0.1,True,0,native
4190,1.0,31,0.01,0.1,True,0,native
4191,1.0,35,0.01,0.1,True,0,native
4192,1.0,29,0.01,0.1,True,0,native
4193,1.0,27,0.01,0.1,True,0,native
4194,1.0,58,0.01,0.1,True,0,native
4195,1.0,47,0.01,0.1,True,0,native
4196,1.0,65,0.01,0.1,True,0,native
4197,1.0,29,0.01,0.1,True,0,native
4198,1.0,40,0.01,0.1,True,0,native
4199,1.0,28,0.01,0.1,True,0,native
4200,1.0,33,0.01,0.1,True,0,native
4201,1.0,24,0.01,0.1,True,0,native
4202,1.0,15,0.01,0.1,True,0,native
4203,1.0,62,0.01,0.1,True,0,native
4204,1.0,21,0.01,0.1,True,0,native
4205,1.0,39,0.01,0.1,True,0,native
4206,1.0,68,0.01,0.1,True,0,native
4207,1.0,34,0.01,0.1,True,0,native
4208,1.0,16,0.01,0.1,True,0,native
4209,1.0,65,0.01,0.1,True,0,native
4210,1.0,33,0.01,0.1,True,0,native
4211,1.0,23,0.01,0.1,True,0,native
4212,1.0,36,0.01,0.1,True,0,native
4213,1.0,26,0.01,0.1,True,0,native
4214,1.0,17,0.01,0.1,True,0,native
4215,1.0,15,0.01,0.1,True,0,native
4216,1.0,33,0.01,0.1,True,0,native
4217,1.0,42,0.01,0.1,True,0,native
4218,1.0,41,0.01,0.1,True,0,native
4219,1.0,21,0.01,0.1,True,0,native
4220,1.0,34,0.01,0.1,True,0,native
4221,1.0,45,0.01,0.1,True,0,native
4222,1.0,51,0.01,0.1,True,0,native
4223,1.0,99,0.01,0.1,True,0,native
4224,1.0,40,0.01,0.1,True,0,native
4225,1.0,21,0.01,0.1,True,0,native
4226,1.0,10,0.01,0.1,True,0,native
4227,0.0,21,0.01,0.1,True,0,native
4228,1.0,50,0.01,0.1,True,0,native
4229,1.0,30,0.01,0.1,True,0,native
4230,1.0,13,0.01,0.1,True,0,native
4231,0.0,15,0.01,0.1,True,0,native
4232,1.0,18,0.01,0.1,True,0,native
4233,1.0,16,0.01,0.1,True,0,native
4234,1.0,32,0.01,0.1,True,0,native
4235,1.0,42,0.01,0.1,True,0,native
4236,1.0,20,0.01,0.1,True,0,native
4237,1.0,40,0.01,0.1,True,0,native
4238,1.0,36,0.01,0.1,True,0,native
4239,1.0,27,0.01,0.1,True,0,native
4240,1.0,77,0.01,0.1,True,0,native
4241,0.0,18,0.01,0.1,True,0,native
4242,1.0,27,0.01,0.1,True,0,native
4243,1.0,12,0.01,0.1,True,0,native
4244,1.0,27,0.01,0.1,True,0,native
4245,0.0,12,0.01,0.1,True,0,native
4246,1.0,59,0.01,0.1,True,0,native
4247,1.0,46,0.01,0.1,True,0,native
4248,1.0,23,0.01,0.1,True,0,native
4249,1.0,40,0.01,0.1,True,0,native
4250,1.0,24,0.01,0.1,True,0,native
4251,1.0,56,0.01,0.1,True,0,native
4252,1.0,37,0.01,0.1,True,0,native
4253,1.0,26,0.01,0.1,True,0,native
4254,1.0,12,0.01,0.1,True,0,native
4255,1.0,45,0.01,0.1,True,0,native
4256,1.0,22,0.01,0.1,True,0,native
4257,1.0,40,0.01,0.1,True,0,native
4258,1.0,27,0.01,0.1,True,0,native
4259,1.0,11,0.01,0.1,True,0,native
4260,1.0,19,0.01,0.1,True,0,native
4261,1.0,32,0.01,0.1,True,0,native
4262,1.0,44,0.01,0.1,True,0,native
4263,1.0,36,0.01,0.1,True,0,native
4264,1.0,33,0.01,0.1,True,0,native
4265,1.0,36,0.01,0.1,True,0,native
4266,1.0,25,0.01,0.1,True,0,native
4267,1.0,17,0.01,0.1,True,0,native
4268,1.0,34,0.01,0.1,True,0,native
4269,1.0,23,0.01,0.1,True,0,native
4270,1.0,11,0.01,0.1,True,0,native
4271,1.0,45,0.01,0.1,True,0,native
4272,1.0,47,0.01,0.1,True,0,native
4273,1.0,19,0.01,0.1,True,0,native
4274,1.0,24,0.01,0.1,True,0,native
4275,1.0,12,0.01,0.1,True,0,native
4276,1.0,28,0.01,0.1,True,0,native
4277,1.0,10,0.01,0.1,True,0,native
4278,1.0,29,0.01,0.1,True,0,native
4279,1.0,57,0.01,0.1,True,0,native
4280,1.0,23,0.01,0.1,True,0,native
4281,1.0,18,0.01,0.1,True,0,native
4282,1.0,26,0.01,0.1,True,0,native
4283,1.0,26,0.01,0.1,True,0,native
4284,1.0,17,0.01,0.1,True,0,native
4285,1.0,38,0.01,0.1,True,0,native
4286,1.0,41,0.01,0.1,True,0,native
4287,1.0,23,0.01,0.1,True,0,native
4288,1.0,11,0.01,0.1,True,0,native
4289,1.0,14,0.01,0.1,True,0,native
4290,1.0,41,0.01,0.1,True,0,native
4291,1.0,24,0.01,0.1,True,0,native
4292,1.0,21,0.01,0.1,True,0,native
4293,1.0,37,0.01,0.1,True,0,native
4294,1.0,20,0.01,0.1,True,0,native
4295,1.0,20,0.01,0.1,True,0,native
4296,1.0,47,0.01,0.1,True,0,native
4297,1.0,25,0.01,0.1,True,0,native
4298,1.0,28,0.01,0.1,True,0,native
4299,1.0,33,0.01,0.1,True,0,native
4300,1.0,34,0.01,0.1,True,0,native
4301,1.0,50,0.01,0.1,True,0,native
4302,1.0,23,0.01,0.1,True,0,native
4303,1.0,24,0.01,0.1,True,0,native
4304,1.0,16,0.01,0.1,True,0,native
4305,1.0,59,0.01,0.1,True,0,native
4306,1.0,24,0.01,0.1,True,0,native
4307,1.0,23,0.01,0.1,True,0,native
4308,1.0,37,0.01,0.1,True,0,native
4309,1.0,51,0.01,0.1,True,0,native
4310,1.0,38,0.01,0.1,True,0,native
4311,1.0,19,0.01,0.1,True,0,native
4312,1.0,26,0.01,0.1,True,0,native
4313,1.0,26,0.01,0.1,True,0,native
4314,1.0,18,0.01,0.1,True,0,native
4315,1.0,20,0.01,0.1,True,0,native
4316,1.0,53,0.01,0.1,True,0,native
4317,1.0,34,0.01,0.1,True,0,native
4318,1.0,21,0.01,0.1,True,0,native
4319,1.0,18,0.01,0.1,True,0,native
4320,1.0,28,0.01,0.1,True,0,native
4321,1.0,22,0.01,0.1,True,0,native
4322,1.0,46,0.01,0.1,True,0,native
4323,1.0,24,0.01,0.1,True,0,native
4324,1.0,67,0.01,0.1,True,0,native
4325,1.0,19,0.01,0.1,True,0,native
4326,1.0,25,0.01,0.1,True,0,native
4327,1.0,29,0.01,0.1,True,0,native
4328,1.0,29,0.01,0.1,True,0,native
4329,1.0,28,0.01,0.1,True,0,native
4330,1.0,56,0.01,0.1,True,0,native
4331,1.0,10,0.01,0.1,True,0,native
4332,1.0,24,0.01,0.1,True,0,native
4333,1.0,27,0.01,0.1,True,0,native
4334,1.0,24,0.01,0.1,True,0,native
4335,1.0,58,0.01,0.1,True,0,native
4336,1.0,17,0.01,0.1,True,0,native
4337,1.0,38,0.01,0.1,True,0,native
4338,1.0,46,0.01,0.1,True,0,native
4339,1.0,37,0.01,0.1,True,0,native
4340,1.0,13,0.01,0.1,True,0,native
4341,1.0,57,0.01,0.1,True,0,native
4342,1.0,11,0.01,0.1,True,0,native
4343,1.0,24,0.01,0.1,True,0,native
4344,0.0,8,0.01,0.1,True,0,native
4345,1.0,18,0.01,0.1,True,0,native
4346,1.0,30,0.01,0.1,True,0,native
4347,1.0,19,0.01,0.1,True,0,native
4348,1.0,15,0.01,0.1,True,0,native
4349,1.0,32,0.01,0.1,True,0,native
4350,1.0,31,0.01,0.1,True,0,native
4351,1.0,21,0.01,0.1,True,0,native
4352,1.0,53,0.01,0.1,True,0,native
4353,1.0,54,0.01,0.1,True,0,native
4354,1.0,26,0.01,0.1,True,0,native
4355,1.0,34,0.01,0.1,True,0,native
4356,1.0,32,0.01,0.1,True,0,native
4357,1.0,13,0.01,0.1,True,0,native
4358,1.0,35,0.01,0.1,True,0,native
4359,1.0,18,0.01,0.1,True,0,native
4360,1.0,23,0.01,0.1,True,0,native
4361,1.0,17,0.01,0.1,True,0,native
4362,1.0,42,0.01,0.1,True,0,native
4363,1.0,54,0.01,0.1,True,0,native
4364,1.0,24,0.01,0.1,True,0,native
4365,1.0,30,0.01,0.1,True,0,native
4366,0.0,9,0.01,0.1,True,0,native
4367,1.0,22,0.01,0.1,True,0,native
4368,1.0,24,0.01,0.1,True,0,native
4369,1.0,19,0.01,0.1,True,0,native
4370,1.0,57,0.01,0.1,True,0,native
4371,1.0,38,0.01,0.1,True,0,native
4372,1.0,46,0.01,0.1,True,0,native
4373,1.0,31,0.01,0.1,True,0,native
4374,1.0,66,0.01,0.1,True,0,native
4375,1.0,46,0.01,0.1,True,0,native
4376,1.0,15,0.01,0.1,True,0,native
4377,1.0,38,0.01,0.1,True,0,native
4378,1.0,13,0.01,0.1,True,0,native
4379,1.0,45,0.01,0.1,True,0,native
4380,1.0,19,0.01,0.1,True,0,native
4381,1.0,36,0.01,0.1,True,0,native
4382,1.0,15,0.01,0.1,True,0,native
4383,1.0,18,0.01,0.1,True,0,native
4384,1.0,22,0.01,0.1,True,0,native
4385,1.0,15,0.01,0.1,True,0,native
4386,1.0,38,0.01,0.1,True,0,native
4387,1.0,28,0.01,0.1,True,0,native
4388,1.0,34,0.01,0.1,True,0,native
4389,1.0,22,0.01,0.1,True,0,native
4390,1.0,30,0.01,0.1,True,0,native
4391,1.0,19,0.01,0.1,True,0,native
4392,1.0,16,0.01,0.1,True,0,native
4393,1.0,43,0.01,0.1,True,0,native
4394,1.0,99,0.01,0.1,True,0,native
4395,1.0,50,0.01,0.1,True,0,native
4396,1.0,68,0.01,0.1,True,0,native
4397,1.0,13,0.01,0.1,True,0,native
4398,1.0,32,0.01,0.1,True,0,native
4399,1.0,13,0.01,0.1,True,0,native
4400,1.0,45,0.01,0.1,True,0,native
4401,1.0,11,0.01,0.1,True,0,native
4402,1.0,35,0.01,0.1,True,0,native
4403,1.0,25,0.01,0.1,True,0,native
4404,1.0,31,0.01,0.1,True,0,native
4405,1.0,21,0.01,0.1,True,0,native
4406,1.0,24,0.01,0.1,True,0,native
4407,1.0,53,0.01,0.1,True,0,native
4408,1.0,37,0.01,0.1,True,0,native
4409,1.0,35,0.01,0.1,True,0,native
4410,1.0,39,0.01,0.1,True,0,native
4411,0.0,38,0.01,0.1,True,0,native
4412,1.0,27,0.01,0.1,True,0,native
4413,1.0,22,0.01,0.1,True,0,native
4414,1.0,24,0.01,0.1,True,0,native
4415,1.0,10,0.01,0.1,True,0,native
4416,1.0,30,0.01,0.1,True,0,native
4417,1.0,19,0.01,0.1,True,0,native
4418,1.0,46,0.01,0.1,True,0,native
4419,1.0,50,0.01,0.1,True,0,native
4420,0.0,35,0.01,0.1,True,0,native
4421,1.0,24,0.01,0.1,True,0,native
4422,1.0,40,0.01,0.1,True,0,native
4423,1.0,16,0.01,0.1,True,0,native
4424,1.0,32,0.01,0.1,True,0,native
4425,1.0,50,0.01,0.1,True,0,native
4426,1.0,16,0.01,0.1,True,0,native
4427,1.0,38,0.01,0.1,True,0,native
4428,1.0,18,0.01,0.1,True,0,native
4429,1.0,29,0.01,0.1,True,0,native
4430,1.0,21,0.01,0.1,True,0,native
4431,1.0,38,0.01,0.1,True,0,native
4432,1.0,62,0.01,0.1,True,0,native
4433,1.0,18,0.01,0.1,True,0,native
4434,1.0,50,0.01,0.1,True,0,native
4435,1.0,34,0.01,0.1,True,0,native
4436,1.0,39,0.01,0.1,True,0,native
4437,1.0,79,0.01,0.1,True,0,native
4438,1.0,29,0.01,0.1,True,0,native
4439,1.0,19,0.01,0.1,True,0,native
4440,1.0,20,0.01,0.1,True,0,native
4441,1.0,33,0.01,0.1,True,0,native
4442,1.0,22,0.01,0.1,True,0,native
4443,1.0,56,0.01,0.1,True,0,native
4444,1.0,28,0.01,0.1,True,0,native
4445,1.0,21,0.01,0.1,True,0,native
4446,1.0,16,0.01,0.1,True,0,native
4447,1.0,15,0.01,0.1,True,0,native
4448,1.0,36,0.01,0.1,True,0,native
4449,1.0,37,0.01,0.1,True,0,native
4450,1.0,37,0.01,0.1,True,0,native
4451,1.0,37,0.01,0.1,True,0,native
4452,1.0,12,0.01,0.1,True,0,native
4453,1.0,40,0.01,0.1,True,0,native
4454,1.0,24,0.01,0.1,True,0,native
4455,1.0,34,0.01,0.1,True,0,native
4456,1.0,63,0.01,0.1,True,0,native
4457,1.0,29,0.01,0.1,True,0,native
4458,1.0,34,0.01,0.1,True,0,native
4459,1.0,32,0.01,0.1,True,0,native
4460,1.0,27,0.01,0.1,True,0,native
4461,1.0,33,0.01,0.1,True,0,native
4462,1.0,30,0.01,0.1,True,0,native
4463,1.0,33,0.01,0.1,True,0,native
4464,1.0,16,0.01,0.1,True,0,native
4465,1.0,74,0.01,0.1,True,0,native
4466,1.0,51,0.01,0.1,True,0,native
4467,1.0,13,0.01,0.1,True,0,native
4468,1.0,35,0.01,0.1,True,0,native
4469,1.0,38,0.01,0.1,True,0,native
4470,1.0,33,0.01,0.1,True,0,native
4471,1.0,11,0.01,0.1,True,0,native
4472,1.0,33,0.01,0.1,True,0,native
4473,0.0,51,0.01,0.1,True,0,native
4474,1.0,32,0.01,0.1,True,0,native
4475,1.0,22,0.01,0.1,True,0,native
4476,1.0,39,0.01,0.1,True,0,native
4477,1.0,18,0.01,0.1,True,0,native
4478,1.0,12,0.01,0.1,True,0,native
4479,1.0,19,0.01,0.1,True,0,native
4480,1.0,14,0.01,0.1,True,0,native
4481,1.0,17,0.01,0.1,True,0,native
4482,1.0,25,0.01,0.1,True,0,native
4483,1.0,23,0.01,0.1,True,0,native
4484,1.0,16,0.01,0.1,True,0,native
4485,1.0,43,0.01,0.1,True,0,native
4486,1.0,19,0.01,0.1,True,0,native
4487,1.0,22,0.01,0.1,True,0,native
4488,1.0,22,0.01,0.1,True,0,native
4489,1.0,17,0.01,0.1,True,0,native
4490,1.0,77,0.01,0.1,True,0,native
4491,1.0,45,0.01,0.1,True,0,native
4492,1.0,47,0.01,0.1,True,0,native
4493,1.0,82,0.01,0.1,True,0,native
4494,1.0,49,0.01,0.1,True,0,native
4495,1.0,24,0.01,0.1,True,0,native
4496,1.0,39,0.01,0.1,True,0,native
4497,1.0,29,0.01,0.1,True,0,native
4498,1.0,30,0.01,0.1,True,0,native
4499,1.0,20,0.01,0.1,True,0,native
4500,1.0,13,0.01,0.1,True,0,native
4501,1.0,26,0.01,0.1,True,0,native
4502,1.0,32,0.01,0.1,True,0,native
4503,1.0,47,0.01,0.1,True,0,native
4504,1.0,28,0.01,0.1,True,0,native
4505,1.0,22,0.01,0.1,True,0,native
4506,1.0,20,0.01,0.1,True,0,native
4507,1.0,22,0.01,0.1,True,0,native
4508,1.0,25,0.01,0.1,True,0,native
4509,1.0,34,0.01,0.1,True,0,native
4510,1.0,26,0.01,0.1,True,0,native
4511,1.0,48,0.01,0.1,True,0,native
4512,1.0,20,0.01,0.1,True,0,native
4513,1.0,38,0.01,0.1,True,0,native
4514,1.0,29,0.01,0.1,True,0,native
4515,1.0,22,0.01,0.1,True,0,native
4516,1.0,20,0.01,0.1,True,0,native
4517,1.0,14,0.01,0.1,True,0,native
4518,1.0,32,0.01,0.1,True,0,native
4519,1.0,31,0.01,0.1,True,0,native
4520,1.0,39,0.01,0.1,True,0,native
4521,1.0,28,0.01,0.1,True,0,native
4522,1.0,72,0.01,0.1,True,0,native
4523,1.0,38,0.01,0.1,True,0,native
4524,1.0,17,0.01,0.1,True,0,native
4525,1.0,35,0.01,0.1,True,0,native
4526,1.0,29,0.01,0.1,True,0,native
4527,1.0,19,0.01,0.1,True,0,native
4528,1.0,20,0.01,0.1,True,0,native
4529,1.0,24,0.01,0.1,True,0,native
4530,1.0,10,0.01,0.1,True,0,native
4531,1.0,37,0.01,0.1,True,0,native
4532,1.0,56,0.01,0.1,True,0,native
4533,1.0,39,0.01,0.1,True,0,native
4534,1.0,16,0.01,0.1,True,0,native
4535,1.0,24,0.01,0.1,True,0,native
4536,1.0,19,0.01,0.1,True,0,native
4537,1.0,53,0.01,0.1,True,0,native
4538,1.0,19,0.01,0.1,True,0,native
4539,1.0,26,0.01,0.1,True,0,native
4540,1.0,30,0.01,0.1,True,0,native
4541,1.0,39,0.01,0.1,True,0,native
4542,1.0,26,0.01,0.1,True,0,native
4543,1.0,51,0.01,0.1,True,0,native
4544,1.0,26,0.01,0.1,True,0,native
4545,1.0,19,0.01,0.1,True,0,native
4546,1.0,66,0.01,0.1,True,0,native
4547,1.0,21,0.01,0.1,True,0,native
4548,1.0,55,0.01,0.1,True,0,native
4549,1.0,38,0.01,0.1,True,0,native
4550,1.0,40,0.01,0.1,True,0,native
4551,1.0,15,0.01,0.1,True,0,native
4552,1.0,59,0.01,0.1,True,0,native
4553,0.0,41,0.01,0.1,True,0,native
4554,1.0,20,0.01,0.1,True,0,native
4555,1.0,38,0.01,0.1,True,0,native
4556,1.0,16,0.01,0.1,True,0,native
4557,1.0,41,0.01,0.1,True,0,native
4558,1.0,22,0.01,0.1,True,0,native
4559,1.0,23,0.01,0.1,True,0,native
4560,1.0,27,0.01,0.1,True,0,native
4561,1.0,55,0.01,0.1,True,0,native
4562,1.0,26,0.01,0.1,True,0,native
4563,1.0,59,0.01,0.1,True,0,native
4564,1.0,70,0.01,0.1,True,0,native
4565,1.0,26,0.01,0.1,True,0,native
4566,1.0,47,0.01,0.1,True,0,native
4567,1.0,17,0.01,0.1,True,0,native
4568,1.0,13,0.01,0.1,True,0,native
4569,1.0,74,0.01,0.1,True,0,native
4570,1.0,19,0.01,0.1,True,0,native
4571,1.0,37,0.01,0.1,True,0,native
4572,1.0,21,0.01,0.1,True,0,native
4573,1.0,26,0.01,0.1,True,0,native
4574,1.0,18,0.01,0.1,True,0,native
4575,1.0,17,0.01,0.1,True,0,native
4576,1.0,73,0.01,0.1,True,0,native
4577,1.0,47,0.01,0.1,True,0,native
4578,1.0,34,0.01,0.1,True,0,native
4579,1.0,40,0.01,0.1,True,0,native
4580,1.0,24,0.01,0.1,True,0,native
4581,1.0,17,0.01,0.1,True,0,native
4582,1.0,22,0.01,0.1,True,0,native
4583,1.0,42,0.01,0.1,True,0,native
4584,1.0,15,0.01,0.1,True,0,native
4585,1.0,39,0.01,0.1,True,0,native
4586,1.0,33,0.01,0.1,True,0,native
4587,1.0,24,0.01,0.1,True,0,native
4588,1.0,20,0.01,0.1,True,0,native
4589,0.0,11,0.01,0.1,True,0,native
4590,1.0,28,0.01,0.1,True,0,native
4591,1.0,22,0.01,0.1,True,0,native
4592,0.0,54,0.01,0.1,True,0,native
4593,1.0,36,0.01,0.1,True,0,native
4594,1.0,44,0.01,0.1,True,0,native
4595,1.0,32,0.01,0.1,True,0,native
4596,1.0,58,0.01,0.1,True,0,native
4597,1.0,17,0.01,0.1,True,0,native
4598,1.0,23,0.01,0.1,True,0,native
4599,1.0,40,0.01,0.1,True,0,native
4600,1.0,18,0.01,0.1,True,0,native
4601,1.0,25,0.01,0.1,True,0,native
4602,1.0,45,0.01,0.1,True,0,native
4603,1.0,29,0.01,0.1,True,0,native
4604,1.0,13,0.01,0.1,True,0,native
4605,1.0,12,0.01,0.1,True,0,native
4606,1.0,18,0.01,0.1,True,0,native
4607,1.0,38,0.01,0.1,True,0,native
4608,1.0,19,0.01,0.1,True,0,native
4609,1.0,51,0.01,0.1,True,0,native
4610,1.0,33,0.01,0.1,True,0,native
4611,1.0,34,0.01,0.1,True,0,native
4612,1.0,85,0.01,0.1,True,0,native
4613,1.0,18,0.01,0.1,True,0,native
4614,1.0,39,0.01,0.1,True,0,native
4615,1.0,46,0.01,0.1,True,0,native
4616,1.0,16,0.01,0.1,True,0,native
4617,1.0,28,0.01,0.1,True,0,native
4618,1.0,30,0.01,0.1,True,0,native
4619,1.0,49,0.01,0.1,True,0,native
4620,1.0,55,0.01,0.1,True,0,native
4621,1.0,23,0.01,0.1,True,0,native
4622,1.0,41,0.01,0.1,True,0,native
4623,1.0,22,0.01,0.1,True,0,native
4624,0.0,100,0.01,0.1,True,0,native
4625,1.0,15,0.01,0.1,True,0,native
4626,1.0,48,0.01,0.1,True,0,native
4627,1.0,22,0.01,0.1,True,0,native
4628,1.0,14,0.01,0.1,True,0,native
4629,1.0,18,0.01,0.1,True,0,native
4630,1.0,36,0.01,0.1,True,0,native
4631,1.0,34,0.01,0.1,True,0,native
4632,1.0,24,0.01,0.1,True,0,native
4633,1.0,66,0.01,0.1,True,0,native
4634,1.0,81,0.01,0.1,True,0,native
4635,1.0,39,0.01,0.1,True,0,native
4636,1.0,28,0.01,0.1,True,0,native
4637,1.0,20,0.01,0.1,True,0,native
4638,1.0,15,0.01,0.1,True,0,native
4639,1.0,31,0.01,0.1,True,0,native
4640,1.0,21,0.01,0.1,True,0,native
4641,1.0,43,0.01,0.1,True,0,native
4642,1.0,13,0.01,0.1,True,0,native
4643,1.0,27,0.01,0.1,True,0,native
4644,1.0,12,0.01,0.1,True,0,native
4645,1.0,51,0.01,0.1,True,0,native
4646,1.0,71,0.01,0.1,True,0,native
4647,1.0,19,0.01,0.1,True,0,native
4648,1.0,14,0.01,0.1,True,0,native
4649,1.0,51,0.01,0.1,True,0,native
4650,1.0,39,0.01,0.1,True,0,native
4651,1.0,12,0.01,0.1,True,0,native
4652,1.0,50,0.01,0.1,True,0,native
4653,1.0,16,0.01,0.1,True,0,native
4654,1.0,17,0.01,0.1,True,0,native
4655,1.0,50,0.01,0.1,True,0,native
4656,1.0,29,0.01,0.1,True,0,native
4657,1.0,31,0.01,0.1,True,0,native
4658,1.0,58,0.01,0.1,True,0,native
4659,1.0,35,0.01,0.1,True,0,native
4660,1.0,84,0.01,0.1,True,0,native
4661,1.0,49,0.01,0.1,True,0,native
4662,1.0,44,0.01,0.1,True,0,native
4663,1.0,32,0.01,0.1,True,0,native
4664,1.0,30,0.01,0.1,True,0,native
4665,1.0,31,0.01,0.1,True,0,native
4666,1.0,26,0.01,0.1,True,0,native
4667,1.0,15,0.01,0.1,True,0,native
4668,1.0,20,0.01,0.1,True,0,native
4669,1.0,11,0.01,0.1,True,0,native
4670,1.0,41,0.01,0.1,True,0,native
4671,1.0,61,0.01,0.1,True,0,native
4672,1.0,80,0.01,0.1,True,0,native
4673,0.0,24,0.01,0.1,True,0,native
4674,1.0,30,0.01,0.1,True,0,native
4675,1.0,28,0.01,0.1,True,0,native
4676,1.0,27,0.01,0.1,True,0,native
4677,1.0,10,0.01,0.1,True,0,native
4678,1.0,35,0.01,0.1,True,0,native
4679,1.0,11,0.01,0.1,True,0,native
4680,1.0,16,0.01,0.1,True,0,native
4681,1.0,17,0.01,0.1,True,0,native
4682,1.0,55,0.01,0.1,True,0,native
4683,1.0,27,0.01,0.1,True,0,native
4684,1.0,45,0.01,0.1,True,0,native
4685,1.0,21,0.01,0.1,True,0,native
4686,0.0,22,0.01,0.1,True,0,native
4687,1.0,31,0.01,0.1,True,0,native
4688,1.0,68,0.01,0.1,True,0,native
4689,1.0,35,0.01,0.1,True,0,native
4690,1.0,29,0.01,0.1,True,0,native
4691,1.0,43,0.01,0.1,True,0,native
4692,1.0,28,0.01,0.1,True,0,native
4693,1.0,15,0.01,0.1,True,0,native
4694,1.0,29,0.01,0.1,True,0,native
4695,1.0,27,0.01,0.1,True,0,native
4696,1.0,11,0.01,0.1,True,0,native
4697,1.0,18,0.01,0.1,True,0,native
4698,1.0,26,0.01,0.1,True,0,native
4699,1.0,50,0.01,0.1,True,0,native
4700,1.0,71,0.01,0.1,True,0,native
4701,1.0,12,0.01,0.1,True,0,native
4702,1.0,46,0.01,0.1,True,0,native
4703,1.0,76,0.01,0.1,True,0,native
4704,1.0,43,0.01,0.1,True,0,native
4705,1.0,17,0.01,0.1,True,0,native
4706,1.0,25,0.01,0.1,True,0,native
4707,1.0,64,0.01,0.1,True,0,native
4708,0.0,32,0.01,0.1,True,0,native
4709,1.0,37,0.01,0.1,True,0,native
4710,1.0,24,0.01,0.1,True,0,native
4711,1.0,8,0.01,0.1,True,0,native
4712,1.0,52,0.01,0.1,True,0,native
4713,1.0,52,0.01,0.1,True,0,native
4714,0.0,100,0.01,0.1,True,0,native
4715,1.0,23,0.01,0.1,True,0,native
4716,1.0,17,0.01,0.1,True,0,native
4717,1.0,25,0.01,0.1,True,0,native
4718,1.0,24,0.01,0.1,True,0,native
4719,1.0,39,0.01,0.1,True,0,native
4720,1.0,27,0.01,0.1,True,0,native
4721,1.0,33,0.01,0.1,True,0,native
4722,1.0,26,0.01,0.1,True,0,native
4723,1.0,14,0.01,0.1,True,0,native
4724,1.0,36,0.01,0.1,True,0,native
4725,1.0,27,0.01,0.1,True,0,native
4726,1.0,37,0.01,0.1,True,0,native
4727,1.0,18,0.01,0.1,True,0,native
4728,1.0,74,0.01,0.1,True,0,native
4729,1.0,53,0.01,0.1,True,0,native
4730,1.0,65,0.01,0.1,True,0,native
4731,1.0,45,0.01,0.1,True,0,native
4732,1.0,63,0.01,0.1,True,0,native
4733,1.0,40,0.01,0.1,True,0,native
4734,1.0,36,0.01,0.1,True,0,native
4735,1.0,51,0.01,0.1,True,0,native
4736,1.0,16,0.01,0.1,True,0,native
4737,1.0,52,0.01,0.1,True,0,native
4738,1.0,19,0.01,0.1,True,0,native
4739,1.0,16,0.01,0.1,True,0,native
4740,1.0,13,0.01,0.1,True,0,native
4741,1.0,71,0.01,0.1,True,0,native
4742,1.0,76,0.01,0.1,True,0,native
4743,1.0,40,0.01,0.1,True,0,native
4744,1.0,23,0.01,0.1,True,0,native
4745,1.0,35,0.01,0.1,True,0,native
4746,1.0,12,0.01,0.1,True,0,native
4747,1.0,69,0.01,0.1,True,0,native
4748,1.0,27,0.01,0.1,True,0,native
4749,1.0,39,0.01,0.1,True,0,native
4750,1.0,28,0.01,0.1,True,0,native
4751,1.0,14,0.01,0.1,True,0,native
4752,1.0,23,0.01,0.1,True,0,native
4753,1.0,75,0.01,0.1,True,0,native
4754,1.0,12,0.01,0.1,True,0,native
4755,1.0,29,0.01,0.1,True,0,native
4756,1.0,42,0.01,0.1,True,0,native
4757,1.0,32,0.01,0.1,True,0,native
4758,1.0,17,0.01,0.1,True,0,native
4759,1.0,32,0.01,0.1,True,0,native
4760,1.0,21,0.01,0.1,True,0,native
4761,1.0,59,0.01,0.1,True,0,native
4762,1.0,11,0.01,0.1,True,0,native
4763,1.0,41,0.01,0.1,True,0,native
4764,1.0,38,0.01,0.1,True,0,native
4765,1.0,17,0.01,0.1,True,0,native
4766,1.0,28,0.01,0.1,True,0,native
4767,1.0,64,0.01,0.1,True,0,native
4768,1.0,51,0.01,0.1,True,0,native
4769,1.0,52,0.01,0.1,True,0,native
4770,1.0,26,0.01,0.1,True,0,native
4771,1.0,17,0.01,0.1,True,0,native
4772,1.0,30,0.01,0.1,True,0,native
4773,1.0,44,0.01,0.1,True,0,native
4774,1.0,44,0.01,0.1,True,0,native
4775,1.0,29,0.01,0.1,True,0,native
4776,1.0,45,0.01,0.1,True,0,native
4777,1.0,33,0.01,0.1,True,0,native
4778,1.0,21,0.01,0.1,True,0,native
4779,1.0,21,0.01,0.1,True,0,native
4780,1.0,32,0.01,0.1,True,0,native
4781,1.0,23,0.01,0.1,True,0,native
4782,1.0,20,0.01,0.1,True,0,native
4783,1.0,59,0.01,0.1,True,0,native
4784,1.0,25,0.01,0.1,True,0,native
4785,1.0,19,0.01,0.1,True,0,native
4786,1.0,24,0.01,0.1,True,0,native
4787,1.0,26,0.01,0.1,True,0,native
4788,1.0,26,0.01,0.1,True,0,native
4789,1.0,16,0.01,0.1,True,0,native
4790,1.0,21,0.01,0.1,True,0,native
4791,1.0,25,0.01,0.1,True,0,native
4792,1.0,14,0.01,0.1,True,0,native
4793,1.0,54,0.01,0.1,True,0,native
4794,1.0,34,0.01,0.1,True,0,native
4795,1.0,32,0.01,0.1,True,0,native
4796,1.0,31,0.01,0.1,True,0,native
4797,0.0,19,0.01,0.1,True,0,native
4798,1.0,15,0.01,0.1,True,0,native
4799,1.0,32,0.01,0.1,True,0,native
4800,1.0,32,0.01,0.1,True,0,native
4801,1.0,35,0.01,0.1,True,0,native
4802,1.0,20,0.01,0.1,True,0,native
4803,1.0,50,0.01,0.1,True,0,native
4804,1.0,63,0.01,0.1,True,0,native
4805,1.0,43,0.01,0.1,True,0,native
4806,1.0,18,0.01,0.1,True,0,native
4807,1.0,38,0.01,0.1,True,0,native
4808,1.0,41,0.01,0.1,True,0,native
4809,1.0,37,0.01,0.1,True,0,native
4810,1.0,56,0.01,0.1,True,0,native
4811,1.0,38,0.01,0.1,True,0,native
4812,1.0,52,0.01,0.1,True,0,native
4813,1.0,53,0.01,0.1,True,0,native
4814,1.0,10,0.01,0.1,True,0,native
4815,1.0,46,0.01,0.1,True,0,native
4816,1.0,30,0.01,0.1,True,0,native
4817,1.0,70,0.01,0.1,True,0,native
4818,1.0,38,0.01,0.1,True,0,native
4819,1.0,19,0.01,0.1,True,0,native
4820,1.0,26,0.01,0.1,True,0,native
4821,1.0,26,0.01,0.1,True,0,native
4822,1.0,13,0.01,0.1,True,0,native
4823,1.0,23,0.01,0.1,True,0,native
4824,1.0,13,0.01,0.1,True,0,native
4825,1.0,11,0.01,0.1,True,0,native
4826,1.0,17,0.01,0.1,True,0,native
4827,1.0,41,0.01,0.1,True,0,native
4828,1.0,28,0.01,0.1,True,0,native
4829,1.0,20,0.01,0.1,True,0,native
4830,1.0,22,0.01,0.1,True,0,native
4831,1.0,66,0.01,0.1,True,0,native
4832,1.0,18,0.01,0.1,True,0,native
4833,1.0,32,0.01,0.1,True,0,native
4834,1.0,48,0.01,0.1,True,0,native
4835,1.0,17,0.01,0.1,True,0,native
4836,1.0,25,0.01,0.1,True,0,native
4837,1.0,30,0.01,0.1,True,0,native
4838,1.0,27,0.01,0.1,True,0,native
4839,1.0,55,0.01,0.1,True,0,native
4840,1.0,40,0.01,0.1,True,0,native
4841,1.0,57,0.01,0.1,True,0,native
4842,1.0,32,0.01,0.1,True,0,native
4843,1.0,26,0.01,0.1,True,0,native
4844,0.0,24,0.01,0.1,True,0,native
4845,1.0,33,0.01,0.1,True,0,native
4846,1.0,16,0.01,0.1,True,0,native
4847,0.0,100,0.01,0.1,True,0,native
4848,1.0,40,0.01,0.1,True,0,native
4849,1.0,31,0.01,0.1,True,0,native
4850,1.0,46,0.01,0.1,True,0,native
4851,1.0,20,0.01,0.1,True,0,native
4852,1.0,59,0.01,0.1,True,0,native
4853,1.0,18,0.01,0.1,True,0,native
4854,1.0,56,0.01,0.1,True,0,native
4855,1.0,71,0.01,0.1,True,0,native
4856,1.0,24,0.01,0.1,True,0,native
4857,1.0,30,0.01,0.1,True,0,native
4858,1.0,17,0.01,0.1,True,0,native
4859,1.0,21,0.01,0.1,True,0,native
4860,1.0,69,0.01,0.1,True,0,native
4861,1.0,36,0.01,0.1,True,0,native
4862,1.0,50,0.01,0.1,True,0,native
4863,1.0,13,0.01,0.1,True,0,native
4864,0.0,22,0.01,0.1,True,0,native
4865,1.0,64,0.01,0.1,True,0,native
4866,1.0,75,0.01,0.1,True,0,native
4867,1.0,26,0.01,0.1,True,0,native
4868,0.0,100,0.01,0.1,True,0,native
4869,1.0,36,0.01,0.1,True,0,native
4870,1.0,33,0.01,0.1,True,0,native
4871,1.0,43,0.01,0.1,True,0,native
4872,1.0,25,0.01,0.1,True,0,native
4873,1.0,31,0.01,0.1,True,0,native
4874,1.0,23,0.01,0.1,True,0,native
4875,1.0,48,0.01,0.1,True,0,native
4876,1.0,20,0.01,0.1,True,0,native
4877,1.0,23,0.01,0.1,True,0,native
4878,1.0,11,0.01,0.1,True,0,native
4879,1.0,81,0.01,0.1,True,0,native
4880,1.0,14,0.01,0.1,True,0,native
4881,1.0,20,0.01,0.1,True,0,native
4882,1.0,17,0.01,0.1,True,0,native
4883,1.0,63,0.01,0.1,True,0,native
4884,1.0,30,0.01,0.1,True,0,native
4885,0.0,24,0.01,0.1,True,0,native
4886,1.0,27,0.01,0.1,True,0,native
4887,1.0,29,0.01,0.1,True,0,native
4888,1.0,18,0.01,0.1,True,0,native
4889,1.0,22,0.01,0.1,True,0,native
4890,1.0,31,0.01,0.1,True,0,native
4891,1.0,33,0.01,0.1,True,0,native
4892,1.0,38,0.01,0.1,True,0,native
4893,1.0,54,0.01,0.1,True,0,native
4894,1.0,26,0.01,0.1,True,0,native
4895,1.0,20,0.01,0.1,True,0,native
4896,1.0,16,0.01,0.1,True,0,native
4897,1.0,25,0.01,0.1,True,0,native
4898,1.0,16,0.01,0.1,True,0,native
4899,1.0,18,0.01,0.1,True,0,native
4900,1.0,30,0.01,0.1,True,0,native
4901,1.0,47,0.01,0.1,True,0,native
4902,1.0,28,0.01,0.1,True,0,native
4903,1.0,30,0.01,0.1,True,0,native
4904,1.0,23,0.01,0.1,True,0,native
4905,1.0,31,0.01,0.1,True,0,native
4906,1.0,26,0.01,0.1,True,0,native
4907,1.0,18,0.01,0.1,True,0,native
4908,1.0,48,0.01,0.1,True,0,native
4909,1.0,53,0.01,0.1,True,0,native
4910,1.0,13,0.01,0.1,True,0,native
4911,1.0,27,0.01,0.1,True,0,native
4912,1.0,25,0.01,0.1,True,0,native
4913,1.0,35,0.01,0.1,True,0,native
4914,1.0,20,0.01,0.1,True,0,native
4915,1.0,56,0.01,0.1,True,0,native
4916,1.0,20,0.01,0.1,True,0,native
4917,1.0,48,0.01,0.1,True,0,native
4918,1.0,45,0.01,0.1,True,0,native
4919,1.0,33,0.01,0.1,True,0,native
4920,0.0,29,0.01,0.1,True,0,native
4921,1.0,38,0.01,0.1,True,0,native
4922,1.0,54,0.01,0.1,True,0,native
4923,1.0,40,0.01,0.1,True,0,native
4924,1.0,23,0.01,0.1,True,0,native
4925,1.0,21,0.01,0.1,True,0,native
4926,1.0,33,0.01,0.1,True,0,native
4927,1.0,17,0.01,0.1,True,0,native
4928,1.0,12,0.01,0.1,True,0,native
4929,1.0,30,0.01,0.1,True,0,native
4930,1.0,50,0.01,0.1,True,0,native
4931,1.0,23,0.01,0.1,True,0,native
4932,1.0,15,0.01,0.1,True,0,native
4933,1.0,57,0.01,0.1,True,0,native
4934,1.0,15,0.01,0.1,True,0,native
4935,1.0,27,0.01,0.1,True,0,native
4936,1.0,39,0.01,0.1,True,0,native
4937,1.0,53,0.01,0.1,True,0,native
4938,1.0,32,0.01,0.1,True,0,native
4939,1.0,85,0.01,0.1,True,0,native
4940,1.0,18,0.01,0.1,True,0,native
4941,1.0,41,0.01,0.1,True,0,native
4942,1.0,30,0.01,0.1,True,0,native
4943,1.0,34,0.01,0.1,True,0,native
4944,1.0,15,0.01,0.1,True,0,native
4945,1.0,11,0.01,0.1,True,0,native
4946,1.0,29,0.01,0.1,True,0,native
4947,1.0,52,0.01,0.1,True,0,native
4948,1.0,30,0.01,0.1,True,0,native
4949,1.0,56,0.01,0.1,True,0,native
4950,1.0,16,0.01,0.1,True,0,native
4951,1.0,35,0.01,0.1,True,0,native
4952,1.0,18,0.01,0.1,True,0,native
4953,1.0,17,0.01,0.1,True,0,native
4954,1.0,15,0.01,0.1,True,0,native
4955,1.0,22,0.01,0.1,True,0,native
4956,1.0,27,0.01,0.1,True,0,native
4957,1.0,17,0.01,0.1,True,0,native
4958,1.0,25,0.01,0.1,True,0,native
4959,1.0,21,0.01,0.1,True,0,native
4960,1.0,24,0.01,0.1,True,0,native
4961,1.0,33,0.01,0.1,True,0,native
4962,1.0,68,0.01,0.1,True,0,native
4963,1.0,26,0.01,0.1,True,0,native
4964,1.0,23,0.01,0.1,True,0,native
4965,1.0,14,0.01,0.1,True,0,native
4966,1.0,12,0.01,0.1,True,0,native
4967,1.0,25,0.01,0.1,True,0,native
4968,1.0,50,0.01,0.1,True,0,native
4969,1.0,62,0.01,0.1,True,0,native
4970,1.0,35,0.01,0.1,True,0,native
4971,1.0,35,0.01,0.1,True,0,native
4972,1.0,27,0.01,0.1,True,0,native
4973,1.0,25,0.01,0.1,True,0,native
4974,1.0,29,0.01,0.1,True,0,native
4975,0.0,11,0.01,0.1,True,0,native
4976,1.0,20,0.01,0.1,True,0,native
4977,1.0,35,0.01,0.1,True,0,native
4978,1.0,19,0.01,0.1,True,0,native
4979,1.0,16,0.01,0.1,True,0,native
4980,1.0,41,0.01,0.1,True,0,native
4981,1.0,25,0.01,0.1,True,0,native
4982,1.0,25,0.01,0.1,True,0,native
4983,1.0,22,0.01,0.1,True,0,native
4984,1.0,66,0.01,0.1,True,0,native
4985,1.0,49,0.01,0.1,True,0,native
4986,1.0,58,0.01,0.1,True,0,native
4987,1.0,11,0.01,0.1,True,0,native
4988,1.0,37,0.01,0.1,True,0,native
4989,1.0,32,0.01,0.1,True,0,native
4990,1.0,21,0.01,0.1,True,0,native
4991,0.0,8,0.01,0.1,True,0,native
4992,1.0,73,0.01,0.1,True,0,native
4993,1.0,44,0.01,0.1,True,0,native
4994,1.0,43,0.01,0.1,True,0,native
4995,1.0,41,0.01,0.1,True,0,native
4996,1.0,28,0.01,0.1,True,0,native
4997,1.0,25,0.01,0.1,True,0,native
4998,1.0,44,0.01,0.1,True,0,native
4999,1.0,32,0.01,0.1,True,0,native
5000,1.0,15,0.01,0.1,True,0,native
