algorithm,display_algorithm,frozen_prob,map_id,map_label,seed,episode,success_rate,suite,map_size,oracle_success,holes
q_learning,Q-learning,0.8,0,p0.80_m0,0,0,0.02,random8,8x8,1.0,7
q_learning,Q-learning,0.8,0,p0.80_m0,0,500,0.44,random8,8x8,1.0,7
q_learning,Q-learning,0.8,0,p0.80_m0,0,1000,0.64,random8,8x8,1.0,7
q_learning,Q-learning,0.8,0,p0.80_m0,0,1500,0.64,random8,8x8,1.0,7
q_learning,Q-learning,0.8,0,p0.80_m0,0,2000,0.74,random8,8x8,1.0,7
q_learning,Q-learning,0.8,0,p0.80_m0,0,2500,0.88,random8,8x8,1.0,7
q_learning,Q-learning,0.8,0,p0.80_m0,0,3000,0.94,random8,8x8,1.0,7
q_learning,Q-learning,0.8,0,p0.80_m0,0,3500,0.88,random8,8x8,1.0,7
q_learning,Q-learning,0.8,0,p0.80_m0,0,4000,0.9,random8,8x8,1.0,7
q_learning,Q-learning,0.8,0,p0.80_m0,0,4500,0.92,random8,8x8,1.0,7
q_learning,Q-learning,0.8,0,p0.80_m0,0,5000,0.96,random8,8x8,1.0,7
q_learning,Q-learning,0.8,0,p0.80_m0,0,5500,0.88,random8,8x8,1.0,7
q_learning,Q-learning,0.8,0,p0.80_m0,0,6000,0.92,random8,8x8,1.0,7
q_learning,Q-learning,0.8,0,p0.80_m0,0,6500,1.0,random8,8x8,1.0,7
q_learning,Q-learning,0.8,0,p0.80_m0,0,7000,0.98,random8,8x8,1.0,7
q_learning,Q-learning,0.8,0,p0.80_m0,0,7500,0.94,random8,8x8,1.0,7
q_learning,Q-learning,0.8,0,p0.80_m0,0,8000,0.98,random8,8x8,1.0,7
q_learning,Q-learning,0.8,0,p0.80_m0,0,8500,0.98,random8,8x8,1.0,7
q_learning,Q-learning,0.8,0,p0.80_m0,0,9000,0.98,random8,8x8,1.0,7
q_learning,Q-learning,0.8,0,p0.80_m0,0,9500,1.0,random8,8x8,1.0,7
q_learning,Q-learning,0.8,0,p0.80_m0,0,10000,1.0,random8,8x8,1.0,7
sarsa,SARSA,0.8,0,p0.80_m0,0,0,0.02,random8,8x8,1.0,7
sarsa,SARSA,0.8,0,p0.80_m0,0,500,0.28,random8,8x8,1.0,7
sarsa,SARSA,0.8,0,p0.80_m0,0,1000,0.22,random8,8x8,1.0,7
sarsa,SARSA,0.8,0,p0.80_m0,0,1500,0.32,random8,8x8,1.0,7
sarsa,SARSA,0.8,0,p0.80_m0,0,2000,0.4,random8,8x8,1.0,7
sarsa,SARSA,0.8,0,p0.80_m0,0,2500,0.48,random8,8x8,1.0,7
sarsa,SARSA,0.8,0,p0.80_m0,0,3000,0.64,random8,8x8,1.0,7
sarsa,SARSA,0.8,0,p0.80_m0,0,3500,0.9,random8,8x8,1.0,7
sarsa,SARSA,0.8,0,p0.80_m0,0,4000,0.82,random8,8x8,1.0,7
sarsa,SARSA,0.8,0,p0.80_m0,0,4500,0.8,random8,8x8,1.0,7
sarsa,SARSA,0.8,0,p0.80_m0,0,5000,0.92,random8,8x8,1.0,7
sarsa,SARSA,0.8,0,p0.80_m0,0,5500,0.78,random8,8x8,1.0,7
sarsa,SARSA,0.8,0,p0.80_m0,0,6000,0.82,random8,8x8,1.0,7
sarsa,SARSA,0.8,0,p0.80_m0,0,6500,0.88,random8,8x8,1.0,7
sarsa,SARSA,0.8,0,p0.80_m0,0,7000,0.84,random8,8x8,1.0,7
sarsa,SARSA,0.8,0,p0.80_m0,0,7500,0.78,random8,8x8,1.0,7
sarsa,SARSA,0.8,0,p0.80_m0,0,8000,0.84,random8,8x8,1.0,7
sarsa,SARSA,0.8,0,p0.80_m0,0,8500,0.86,random8,8x8,1.0,7
sarsa,SARSA,0.8,0,p0.80_m0,0,9000,0.92,random8,8x8,1.0,7
sarsa,SARSA,0.8,0,p0.80_m0,0,9500,0.92,random8,8x8,1.0,7
sarsa,SARSA,0.8,0,p0.80_m0,0,10000,0.9,random8,8x8,1.0,7
expected_sarsa,Expected SARSA,0.8,0,p0.80_m0,0,0,0.02,random8,8x8,1.0,7
expected_sarsa,Expected SARSA,0.8,0,p0.80_m0,0,500,0.16,random8,8x8,1.0,7
expected_sarsa,Expected SARSA,0.8,0,p0.80_m0,0,1000,0.12,random8,8x8,1.0,7
expected_sarsa,Expected SARSA,0.8,0,p0.80_m0,0,1500,0.18,random8,8x8,1.0,7
expected_sarsa,Expected SARSA,0.8,0,p0.80_m0,0,2000,0.22,random8,8x8,1.0,7
expected_sarsa,Expected SARSA,0.8,0,p0.80_m0,0,2500,0.34,random8,8x8,1.0,7
expected_sarsa,Expected SARSA,0.8,0,p0.80_m0,0,3000,0.32,random8,8x8,1.0,7
expected_sarsa,Expected SARSA,0.8,0,p0.80_m0,0,3500,0.3,random8,8x8,1.0,7
expected_sarsa,Expected SARSA,0.8,0,p0.80_m0,0,4000,0.42,random8,8x8,1.0,7
expected_sarsa,Expected SARSA,0.8,0,p0.80_m0,0,4500,0.58,random8,8x8,1.0,7
expected_sarsa,Expected SARSA,0.8,0,p0.80_m0,0,5000,0.62,random8,8x8,1.0,7
expected_sarsa,Expected SARSA,0.8,0,p0.80_m0,0,5500,0.76,random8,8x8,1.0,7
expected_sarsa,Expected SARSA,0.8,0,p0.80_m0,0,6000,0.82,random8,8x8,1.0,7
expected_sarsa,Expected SARSA,0.8,0,p0.80_m0,0,6500,0.9,random8,8x8,1.0,7
expected_sarsa,Expected SARSA,0.8,0,p0.80_m0,0,7000,0.84,random8,8x8,1.0,7
expected_sarsa,Expected SARSA,0.8,0,p0.80_m0,0,7500,0.92,random8,8x8,1.0,7
expected_sarsa,Expected SARSA,0.8,0,p0.80_m0,0,8000,1.0,random8,8x8,1.0,7
expected_sarsa,Expected SARSA,0.8,0,p0.80_m0,0,8500,1.0,random8,8x8,1.0,7
expected_sarsa,Expected SARSA,0.8,0,p0.80_m0,0,9000,0.98,random8,8x8,1.0,7
expected_sarsa,Expected SARSA,0.8,0,p0.80_m0,0,9500,0.96,random8,8x8,1.0,7
expected_sarsa,Expected SARSA,0.8,0,p0.80_m0,0,10000,0.9,random8,8x8,1.0,7
sarsa_lambda,SARSA(lambda),0.8,0,p0.80_m0,0,0,0.02,random8,8x8,1.0,7
sarsa_lambda,SARSA(lambda),0.8,0,p0.80_m0,0,500,0.5,random8,8x8,1.0,7
sarsa_lambda,SARSA(lambda),0.8,0,p0.80_m0,0,1000,0.68,random8,8x8,1.0,7
sarsa_lambda,SARSA(lambda),0.8,0,p0.80_m0,0,1500,0.9,random8,8x8,1.0,7
sarsa_lambda,SARSA(lambda),0.8,0,p0.80_m0,0,2000,0.88,random8,8x8,1.0,7
sarsa_lambda,SARSA(lambda),0.8,0,p0.80_m0,0,2500,0.84,random8,8x8,1.0,7
sarsa_lambda,SARSA(lambda),0.8,0,p0.80_m0,0,3000,0.96,random8,8x8,1.0,7
sarsa_lambda,SARSA(lambda),0.8,0,p0.80_m0,0,3500,0.88,random8,8x8,1.0,7
sarsa_lambda,SARSA(lambda),0.8,0,p0.80_m0,0,4000,0.98,random8,8x8,1.0,7
sarsa_lambda,SARSA(lambda),0.8,0,p0.80_m0,0,4500,0.72,random8,8x8,1.0,7
sarsa_lambda,SARSA(lambda),0.8,0,p0.80_m0,0,5000,0.68,random8,8x8,1.0,7
sarsa_lambda,SARSA(lambda),0.8,0,p0.80_m0,0,5500,0.84,random8,8x8,1.0,7
sarsa_lambda,SARSA(lambda),0.8,0,p0.80_m0,0,6000,0.98,random8,8x8,1.0,7
sarsa_lambda,SARSA(lambda),0.8,0,p0.80_m0,0,6500,0.56,random8,8x8,1.0,7
sarsa_lambda,SARSA(lambda),0.8,0,p0.80_m0,0,7000,0.92,random8,8x8,1.0,7
sarsa_lambda,SARSA(lambda),0.8,0,p0.80_m0,0,7500,0.9,random8,8x8,1.0,7
sarsa_lambda,SARSA(lambda),0.8,0,p0.80_m0,0,8000,0.98,random8,8x8,1.0,7
sarsa_lambda,SARSA(lambda),0.8,0,p0.80_m0,0,8500,0.94,random8,8x8,1.0,7
sarsa_lambda,SARSA(lambda),0.8,0,p0.80_m0,0,9000,0.96,random8,8x8,1.0,7
sarsa_lambda,SARSA(lambda),0.8,0,p0.80_m0,0,9500,0.96,random8,8x8,1.0,7
sarsa_lambda,SARSA(lambda),0.8,0,p0.80_m0,0,10000,0.96,random8,8x8,1.0,7
q_lambda,Q(lambda),0.8,0,p0.80_m0,0,0,0.02,random8,8x8,1.0,7
q_lambda,Q(lambda),0.8,0,p0.80_m0,0,500,0.18,random8,8x8,1.0,7
q_lambda,Q(lambda),0.8,0,p0.80_m0,0,1000,0.56,random8,8x8,1.0,7
q_lambda,Q(lambda),0.8,0,p0.80_m0,0,1500,0.58,random8,8x8,1.0,7
q_lambda,Q(lambda),0.8,0,p0.80_m0,0,2000,0.74,random8,8x8,1.0,7
q_lambda,Q(lambda),0.8,0,p0.80_m0,0,2500,0.66,random8,8x8,1.0,7
q_lambda,Q(lambda),0.8,0,p0.80_m0,0,3000,0.8,random8,8x8,1.0,7
q_lambda,Q(lambda),0.8,0,p0.80_m0,0,3500,0.78,random8,8x8,1.0,7
q_lambda,Q(lambda),0.8,0,p0.80_m0,0,4000,0.66,random8,8x8,1.0,7
q_lambda,Q(lambda),0.8,0,p0.80_m0,0,4500,0.88,random8,8x8,1.0,7
q_lambda,Q(lambda),0.8,0,p0.80_m0,0,5000,0.74,random8,8x8,1.0,7
q_lambda,Q(lambda),0.8,0,p0.80_m0,0,5500,0.88,random8,8x8,1.0,7
q_lambda,Q(lambda),0.8,0,p0.80_m0,0,6000,0.96,random8,8x8,1.0,7
q_lambda,Q(lambda),0.8,0,p0.80_m0,0,6500,0.98,random8,8x8,1.0,7
q_lambda,Q(lambda),0.8,0,p0.80_m0,0,7000,0.96,random8,8x8,1.0,7
q_lambda,Q(lambda),0.8,0,p0.80_m0,0,7500,0.94,random8,8x8,1.0,7
q_lambda,Q(lambda),0.8,0,p0.80_m0,0,8000,0.88,random8,8x8,1.0,7
q_lambda,Q(lambda),0.8,0,p0.80_m0,0,8500,0.92,random8,8x8,1.0,7
q_lambda,Q(lambda),0.8,0,p0.80_m0,0,9000,0.94,random8,8x8,1.0,7
q_lambda,Q(lambda),0.8,0,p0.80_m0,0,9500,0.96,random8,8x8,1.0,7
q_lambda,Q(lambda),0.8,0,p0.80_m0,0,10000,0.98,random8,8x8,1.0,7
optimistic_q,Optimistic Q,0.8,0,p0.80_m0,0,0,0.02,random8,8x8,1.0,7
optimistic_q,Optimistic Q,0.8,0,p0.80_m0,0,500,0.7,random8,8x8,1.0,7
optimistic_q,Optimistic Q,0.8,0,p0.80_m0,0,1000,1.0,random8,8x8,1.0,7
optimistic_q,Optimistic Q,0.8,0,p0.80_m0,0,1500,1.0,random8,8x8,1.0,7
optimistic_q,Optimistic Q,0.8,0,p0.80_m0,0,2000,1.0,random8,8x8,1.0,7
optimistic_q,Optimistic Q,0.8,0,p0.80_m0,0,2500,1.0,random8,8x8,1.0,7
optimistic_q,Optimistic Q,0.8,0,p0.80_m0,0,3000,1.0,random8,8x8,1.0,7
optimistic_q,Optimistic Q,0.8,0,p0.80_m0,0,3500,0.94,random8,8x8,1.0,7
optimistic_q,Optimistic Q,0.8,0,p0.80_m0,0,4000,0.98,random8,8x8,1.0,7
optimistic_q,Optimistic Q,0.8,0,p0.80_m0,0,4500,0.98,random8,8x8,1.0,7
optimistic_q,Optimistic Q,0.8,0,p0.80_m0,0,5000,1.0,random8,8x8,1.0,7
optimistic_q,Optimistic Q,0.8,0,p0.80_m0,0,5500,1.0,random8,8x8,1.0,7
optimistic_q,Optimistic Q,0.8,0,p0.80_m0,0,6000,0.98,random8,8x8,1.0,7
optimistic_q,Optimistic Q,0.8,0,p0.80_m0,0,6500,1.0,random8,8x8,1.0,7
optimistic_q,Optimistic Q,0.8,0,p0.80_m0,0,7000,1.0,random8,8x8,1.0,7
optimistic_q,Optimistic Q,0.8,0,p0.80_m0,0,7500,0.96,random8,8x8,1.0,7
optimistic_q,Optimistic Q,0.8,0,p0.80_m0,0,8000,0.98,random8,8x8,1.0,7
optimistic_q,Optimistic Q,0.8,0,p0.80_m0,0,8500,0.98,random8,8x8,1.0,7
optimistic_q,Optimistic Q,0.8,0,p0.80_m0,0,9000,1.0,random8,8x8,1.0,7
optimistic_q,Optimistic Q,0.8,0,p0.80_m0,0,9500,0.96,random8,8x8,1.0,7
optimistic_q,Optimistic Q,0.8,0,p0.80_m0,0,10000,1.0,random8,8x8,1.0,7
dyna_q,Dyna-Q,0.8,0,p0.80_m0,0,0,0.02,random8,8x8,1.0,7
dyna_q,Dyna-Q,0.8,0,p0.80_m0,0,500,0.36,random8,8x8,1.0,7
dyna_q,Dyna-Q,0.8,0,p0.80_m0,0,1000,0.72,random8,8x8,1.0,7
dyna_q,Dyna-Q,0.8,0,p0.80_m0,0,1500,0.64,random8,8x8,1.0,7
dyna_q,Dyna-Q,0.8,0,p0.80_m0,0,2000,0.9,random8,8x8,1.0,7
dyna_q,Dyna-Q,0.8,0,p0.80_m0,0,2500,0.92,random8,8x8,1.0,7
dyna_q,Dyna-Q,0.8,0,p0.80_m0,0,3000,0.46,random8,8x8,1.0,7
dyna_q,Dyna-Q,0.8,0,p0.80_m0,0,3500,0.98,random8,8x8,1.0,7
dyna_q,Dyna-Q,0.8,0,p0.80_m0,0,4000,0.94,random8,8x8,1.0,7
dyna_q,Dyna-Q,0.8,0,p0.80_m0,0,4500,1.0,random8,8x8,1.0,7
dyna_q,Dyna-Q,0.8,0,p0.80_m0,0,5000,0.78,random8,8x8,1.0,7
dyna_q,Dyna-Q,0.8,0,p0.80_m0,0,5500,0.98,random8,8x8,1.0,7
dyna_q,Dyna-Q,0.8,0,p0.80_m0,0,6000,0.88,random8,8x8,1.0,7
dyna_q,Dyna-Q,0.8,0,p0.80_m0,0,6500,0.98,random8,8x8,1.0,7
dyna_q,Dyna-Q,0.8,0,p0.80_m0,0,7000,0.98,random8,8x8,1.0,7
dyna_q,Dyna-Q,0.8,0,p0.80_m0,0,7500,0.96,random8,8x8,1.0,7
dyna_q,Dyna-Q,0.8,0,p0.80_m0,0,8000,0.9,random8,8x8,1.0,7
dyna_q,Dyna-Q,0.8,0,p0.80_m0,0,8500,0.82,random8,8x8,1.0,7
dyna_q,Dyna-Q,0.8,0,p0.80_m0,0,9000,0.94,random8,8x8,1.0,7
dyna_q,Dyna-Q,0.8,0,p0.80_m0,0,9500,0.74,random8,8x8,1.0,7
dyna_q,Dyna-Q,0.8,0,p0.80_m0,0,10000,0.88,random8,8x8,1.0,7
q_learning,Q-learning,0.8,1,p0.80_m1,0,0,0.0,random8,8x8,0.9933333333333332,11
q_learning,Q-learning,0.8,1,p0.80_m1,0,500,0.0,random8,8x8,0.9933333333333332,11
q_learning,Q-learning,0.8,1,p0.80_m1,0,1000,0.08,random8,8x8,0.9933333333333332,11
q_learning,Q-learning,0.8,1,p0.80_m1,0,1500,0.08,random8,8x8,0.9933333333333332,11
q_learning,Q-learning,0.8,1,p0.80_m1,0,2000,0.08,random8,8x8,0.9933333333333332,11
q_learning,Q-learning,0.8,1,p0.80_m1,0,2500,0.14,random8,8x8,0.9933333333333332,11
q_learning,Q-learning,0.8,1,p0.80_m1,0,3000,0.2,random8,8x8,0.9933333333333332,11
q_learning,Q-learning,0.8,1,p0.80_m1,0,3500,0.14,random8,8x8,0.9933333333333332,11
q_learning,Q-learning,0.8,1,p0.80_m1,0,4000,0.3,random8,8x8,0.9933333333333332,11
q_learning,Q-learning,0.8,1,p0.80_m1,0,4500,0.3,random8,8x8,0.9933333333333332,11
q_learning,Q-learning,0.8,1,p0.80_m1,0,5000,0.38,random8,8x8,0.9933333333333332,11
q_learning,Q-learning,0.8,1,p0.80_m1,0,5500,0.5,random8,8x8,0.9933333333333332,11
q_learning,Q-learning,0.8,1,p0.80_m1,0,6000,0.6,random8,8x8,0.9933333333333332,11
q_learning,Q-learning,0.8,1,p0.80_m1,0,6500,0.74,random8,8x8,0.9933333333333332,11
q_learning,Q-learning,0.8,1,p0.80_m1,0,7000,0.7,random8,8x8,0.9933333333333332,11
q_learning,Q-learning,0.8,1,p0.80_m1,0,7500,0.64,random8,8x8,0.9933333333333332,11
q_learning,Q-learning,0.8,1,p0.80_m1,0,8000,0.7,random8,8x8,0.9933333333333332,11
q_learning,Q-learning,0.8,1,p0.80_m1,0,8500,0.76,random8,8x8,0.9933333333333332,11
q_learning,Q-learning,0.8,1,p0.80_m1,0,9000,0.64,random8,8x8,0.9933333333333332,11
q_learning,Q-learning,0.8,1,p0.80_m1,0,9500,0.76,random8,8x8,0.9933333333333332,11
q_learning,Q-learning,0.8,1,p0.80_m1,0,10000,0.86,random8,8x8,0.9933333333333332,11
sarsa,SARSA,0.8,1,p0.80_m1,0,0,0.0,random8,8x8,0.9933333333333332,11
sarsa,SARSA,0.8,1,p0.80_m1,0,500,0.0,random8,8x8,0.9933333333333332,11
sarsa,SARSA,0.8,1,p0.80_m1,0,1000,0.14,random8,8x8,0.9933333333333332,11
sarsa,SARSA,0.8,1,p0.80_m1,0,1500,0.18,random8,8x8,0.9933333333333332,11
sarsa,SARSA,0.8,1,p0.80_m1,0,2000,0.18,random8,8x8,0.9933333333333332,11
sarsa,SARSA,0.8,1,p0.80_m1,0,2500,0.18,random8,8x8,0.9933333333333332,11
sarsa,SARSA,0.8,1,p0.80_m1,0,3000,0.44,random8,8x8,0.9933333333333332,11
sarsa,SARSA,0.8,1,p0.80_m1,0,3500,0.84,random8,8x8,0.9933333333333332,11
sarsa,SARSA,0.8,1,p0.80_m1,0,4000,0.7,random8,8x8,0.9933333333333332,11
sarsa,SARSA,0.8,1,p0.80_m1,0,4500,0.9,random8,8x8,0.9933333333333332,11
sarsa,SARSA,0.8,1,p0.80_m1,0,5000,0.88,random8,8x8,0.9933333333333332,11
sarsa,SARSA,0.8,1,p0.80_m1,0,5500,0.92,random8,8x8,0.9933333333333332,11
sarsa,SARSA,0.8,1,p0.80_m1,0,6000,0.88,random8,8x8,0.9933333333333332,11
sarsa,SARSA,0.8,1,p0.80_m1,0,6500,0.96,random8,8x8,0.9933333333333332,11
sarsa,SARSA,0.8,1,p0.80_m1,0,7000,0.94,random8,8x8,0.9933333333333332,11
sarsa,SARSA,0.8,1,p0.80_m1,0,7500,0.98,random8,8x8,0.9933333333333332,11
sarsa,SARSA,0.8,1,p0.80_m1,0,8000,0.88,random8,8x8,0.9933333333333332,11
sarsa,SARSA,0.8,1,p0.80_m1,0,8500,1.0,random8,8x8,0.9933333333333332,11
sarsa,SARSA,0.8,1,p0.80_m1,0,9000,0.98,random8,8x8,0.9933333333333332,11
sarsa,SARSA,0.8,1,p0.80_m1,0,9500,0.94,random8,8x8,0.9933333333333332,11
sarsa,SARSA,0.8,1,p0.80_m1,0,10000,0.96,random8,8x8,0.9933333333333332,11
expected_sarsa,Expected SARSA,0.8,1,p0.80_m1,0,0,0.0,random8,8x8,0.9933333333333332,11
expected_sarsa,Expected SARSA,0.8,1,p0.80_m1,0,500,0.0,random8,8x8,0.9933333333333332,11
expected_sarsa,Expected SARSA,0.8,1,p0.80_m1,0,1000,0.04,random8,8x8,0.9933333333333332,11
expected_sarsa,Expected SARSA,0.8,1,p0.80_m1,0,1500,0.0,random8,8x8,0.9933333333333332,11
expected_sarsa,Expected SARSA,0.8,1,p0.80_m1,0,2000,0.0,random8,8x8,0.9933333333333332,11
expected_sarsa,Expected SARSA,0.8,1,p0.80_m1,0,2500,0.0,random8,8x8,0.9933333333333332,11
expected_sarsa,Expected SARSA,0.8,1,p0.80_m1,0,3000,0.02,random8,8x8,0.9933333333333332,11
expected_sarsa,Expected SARSA,0.8,1,p0.80_m1,0,3500,0.04,random8,8x8,0.9933333333333332,11
expected_sarsa,Expected SARSA,0.8,1,p0.80_m1,0,4000,0.04,random8,8x8,0.9933333333333332,11
expected_sarsa,Expected SARSA,0.8,1,p0.80_m1,0,4500,0.06,random8,8x8,0.9933333333333332,11
expected_sarsa,Expected SARSA,0.8,1,p0.80_m1,0,5000,0.16,random8,8x8,0.9933333333333332,11
expected_sarsa,Expected SARSA,0.8,1,p0.80_m1,0,5500,0.4,random8,8x8,0.9933333333333332,11
expected_sarsa,Expected SARSA,0.8,1,p0.80_m1,0,6000,0.68,random8,8x8,0.9933333333333332,11
expected_sarsa,Expected SARSA,0.8,1,p0.80_m1,0,6500,0.92,random8,8x8,0.9933333333333332,11
expected_sarsa,Expected SARSA,0.8,1,p0.80_m1,0,7000,0.96,random8,8x8,0.9933333333333332,11
expected_sarsa,Expected SARSA,0.8,1,p0.80_m1,0,7500,0.94,random8,8x8,0.9933333333333332,11
expected_sarsa,Expected SARSA,0.8,1,p0.80_m1,0,8000,0.98,random8,8x8,0.9933333333333332,11
expected_sarsa,Expected SARSA,0.8,1,p0.80_m1,0,8500,0.96,random8,8x8,0.9933333333333332,11
expected_sarsa,Expected SARSA,0.8,1,p0.80_m1,0,9000,0.92,random8,8x8,0.9933333333333332,11
expected_sarsa,Expected SARSA,0.8,1,p0.80_m1,0,9500,0.98,random8,8x8,0.9933333333333332,11
expected_sarsa,Expected SARSA,0.8,1,p0.80_m1,0,10000,0.96,random8,8x8,0.9933333333333332,11
sarsa_lambda,SARSA(lambda),0.8,1,p0.80_m1,0,0,0.0,random8,8x8,0.9933333333333332,11
sarsa_lambda,SARSA(lambda),0.8,1,p0.80_m1,0,500,0.36,random8,8x8,0.9933333333333332,11
sarsa_lambda,SARSA(lambda),0.8,1,p0.80_m1,0,1000,0.34,random8,8x8,0.9933333333333332,11
sarsa_lambda,SARSA(lambda),0.8,1,p0.80_m1,0,1500,0.52,random8,8x8,0.9933333333333332,11
sarsa_lambda,SARSA(lambda),0.8,1,p0.80_m1,0,2000,0.4,random8,8x8,0.9933333333333332,11
sarsa_lambda,SARSA(lambda),0.8,1,p0.80_m1,0,2500,0.74,random8,8x8,0.9933333333333332,11
sarsa_lambda,SARSA(lambda),0.8,1,p0.80_m1,0,3000,0.6,random8,8x8,0.9933333333333332,11
sarsa_lambda,SARSA(lambda),0.8,1,p0.80_m1,0,3500,0.84,random8,8x8,0.9933333333333332,11
sarsa_lambda,SARSA(lambda),0.8,1,p0.80_m1,0,4000,0.7,random8,8x8,0.9933333333333332,11
sarsa_lambda,SARSA(lambda),0.8,1,p0.80_m1,0,4500,0.7,random8,8x8,0.9933333333333332,11
sarsa_lambda,SARSA(lambda),0.8,1,p0.80_m1,0,5000,0.6,random8,8x8,0.9933333333333332,11
sarsa_lambda,SARSA(lambda),0.8,1,p0.80_m1,0,5500,0.84,random8,8x8,0.9933333333333332,11
sarsa_lambda,SARSA(lambda),0.8,1,p0.80_m1,0,6000,0.78,random8,8x8,0.9933333333333332,11
sarsa_lambda,SARSA(lambda),0.8,1,p0.80_m1,0,6500,0.92,random8,8x8,0.9933333333333332,11
sarsa_lambda,SARSA(lambda),0.8,1,p0.80_m1,0,7000,0.92,random8,8x8,0.9933333333333332,11
sarsa_lambda,SARSA(lambda),0.8,1,p0.80_m1,0,7500,0.72,random8,8x8,0.9933333333333332,11
sarsa_lambda,SARSA(lambda),0.8,1,p0.80_m1,0,8000,0.96,random8,8x8,0.9933333333333332,11
sarsa_lambda,SARSA(lambda),0.8,1,p0.80_m1,0,8500,0.92,random8,8x8,0.9933333333333332,11
sarsa_lambda,SARSA(lambda),0.8,1,p0.80_m1,0,9000,0.8,random8,8x8,0.9933333333333332,11
sarsa_lambda,SARSA(lambda),0.8,1,p0.80_m1,0,9500,0.74,random8,8x8,0.9933333333333332,11
sarsa_lambda,SARSA(lambda),0.8,1,p0.80_m1,0,10000,0.46,random8,8x8,0.9933333333333332,11
q_lambda,Q(lambda),0.8,1,p0.80_m1,0,0,0.0,random8,8x8,0.9933333333333332,11
q_lambda,Q(lambda),0.8,1,p0.80_m1,0,500,0.0,random8,8x8,0.9933333333333332,11
q_lambda,Q(lambda),0.8,1,p0.80_m1,0,1000,0.18,random8,8x8,0.9933333333333332,11
q_lambda,Q(lambda),0.8,1,p0.80_m1,0,1500,0.24,random8,8x8,0.9933333333333332,11
q_lambda,Q(lambda),0.8,1,p0.80_m1,0,2000,0.34,random8,8x8,0.9933333333333332,11
q_lambda,Q(lambda),0.8,1,p0.80_m1,0,2500,0.72,random8,8x8,0.9933333333333332,11
q_lambda,Q(lambda),0.8,1,p0.80_m1,0,3000,0.58,random8,8x8,0.9933333333333332,11
q_lambda,Q(lambda),0.8,1,p0.80_m1,0,3500,0.8,random8,8x8,0.9933333333333332,11
q_lambda,Q(lambda),0.8,1,p0.80_m1,0,4000,0.72,random8,8x8,0.9933333333333332,11
q_lambda,Q(lambda),0.8,1,p0.80_m1,0,4500,0.7,random8,8x8,0.9933333333333332,11
q_lambda,Q(lambda),0.8,1,p0.80_m1,0,5000,0.72,random8,8x8,0.9933333333333332,11
q_lambda,Q(lambda),0.8,1,p0.80_m1,0,5500,0.76,random8,8x8,0.9933333333333332,11
q_lambda,Q(lambda),0.8,1,p0.80_m1,0,6000,0.8,random8,8x8,0.9933333333333332,11
q_lambda,Q(lambda),0.8,1,p0.80_m1,0,6500,0.68,random8,8x8,0.9933333333333332,11
q_lambda,Q(lambda),0.8,1,p0.80_m1,0,7000,0.72,random8,8x8,0.9933333333333332,11
q_lambda,Q(lambda),0.8,1,p0.80_m1,0,7500,0.82,random8,8x8,0.9933333333333332,11
q_lambda,Q(lambda),0.8,1,p0.80_m1,0,8000,0.88,random8,8x8,0.9933333333333332,11
q_lambda,Q(lambda),0.8,1,p0.80_m1,0,8500,0.9,random8,8x8,0.9933333333333332,11
q_lambda,Q(lambda),0.8,1,p0.80_m1,0,9000,0.98,random8,8x8,0.9933333333333332,11
q_lambda,Q(lambda),0.8,1,p0.80_m1,0,9500,0.98,random8,8x8,0.9933333333333332,11
q_lambda,Q(lambda),0.8,1,p0.80_m1,0,10000,0.98,random8,8x8,0.9933333333333332,11
optimistic_q,Optimistic Q,0.8,1,p0.80_m1,0,0,0.0,random8,8x8,0.9933333333333332,11
optimistic_q,Optimistic Q,0.8,1,p0.80_m1,0,500,0.54,random8,8x8,0.9933333333333332,11
optimistic_q,Optimistic Q,0.8,1,p0.80_m1,0,1000,0.98,random8,8x8,0.9933333333333332,11
optimistic_q,Optimistic Q,0.8,1,p0.80_m1,0,1500,1.0,random8,8x8,0.9933333333333332,11
optimistic_q,Optimistic Q,0.8,1,p0.80_m1,0,2000,0.98,random8,8x8,0.9933333333333332,11
optimistic_q,Optimistic Q,0.8,1,p0.80_m1,0,2500,0.7,random8,8x8,0.9933333333333332,11
optimistic_q,Optimistic Q,0.8,1,p0.80_m1,0,3000,1.0,random8,8x8,0.9933333333333332,11
optimistic_q,Optimistic Q,0.8,1,p0.80_m1,0,3500,0.96,random8,8x8,0.9933333333333332,11
optimistic_q,Optimistic Q,0.8,1,p0.80_m1,0,4000,0.98,random8,8x8,0.9933333333333332,11
optimistic_q,Optimistic Q,0.8,1,p0.80_m1,0,4500,0.98,random8,8x8,0.9933333333333332,11
optimistic_q,Optimistic Q,0.8,1,p0.80_m1,0,5000,0.94,random8,8x8,0.9933333333333332,11
optimistic_q,Optimistic Q,0.8,1,p0.80_m1,0,5500,0.98,random8,8x8,0.9933333333333332,11
optimistic_q,Optimistic Q,0.8,1,p0.80_m1,0,6000,0.9,random8,8x8,0.9933333333333332,11
optimistic_q,Optimistic Q,0.8,1,p0.80_m1,0,6500,0.98,random8,8x8,0.9933333333333332,11
optimistic_q,Optimistic Q,0.8,1,p0.80_m1,0,7000,0.98,random8,8x8,0.9933333333333332,11
optimistic_q,Optimistic Q,0.8,1,p0.80_m1,0,7500,0.96,random8,8x8,0.9933333333333332,11
optimistic_q,Optimistic Q,0.8,1,p0.80_m1,0,8000,0.94,random8,8x8,0.9933333333333332,11
optimistic_q,Optimistic Q,0.8,1,p0.80_m1,0,8500,0.98,random8,8x8,0.9933333333333332,11
optimistic_q,Optimistic Q,0.8,1,p0.80_m1,0,9000,0.84,random8,8x8,0.9933333333333332,11
optimistic_q,Optimistic Q,0.8,1,p0.80_m1,0,9500,0.96,random8,8x8,0.9933333333333332,11
optimistic_q,Optimistic Q,0.8,1,p0.80_m1,0,10000,1.0,random8,8x8,0.9933333333333332,11
dyna_q,Dyna-Q,0.8,1,p0.80_m1,0,0,0.0,random8,8x8,0.9933333333333332,11
dyna_q,Dyna-Q,0.8,1,p0.80_m1,0,500,0.64,random8,8x8,0.9933333333333332,11
dyna_q,Dyna-Q,0.8,1,p0.80_m1,0,1000,0.76,random8,8x8,0.9933333333333332,11
dyna_q,Dyna-Q,0.8,1,p0.80_m1,0,1500,0.96,random8,8x8,0.9933333333333332,11
dyna_q,Dyna-Q,0.8,1,p0.80_m1,0,2000,0.94,random8,8x8,0.9933333333333332,11
dyna_q,Dyna-Q,0.8,1,p0.80_m1,0,2500,0.78,random8,8x8,0.9933333333333332,11
dyna_q,Dyna-Q,0.8,1,p0.80_m1,0,3000,0.7,random8,8x8,0.9933333333333332,11
dyna_q,Dyna-Q,0.8,1,p0.80_m1,0,3500,0.92,random8,8x8,0.9933333333333332,11
dyna_q,Dyna-Q,0.8,1,p0.80_m1,0,4000,0.98,random8,8x8,0.9933333333333332,11
dyna_q,Dyna-Q,0.8,1,p0.80_m1,0,4500,0.68,random8,8x8,0.9933333333333332,11
dyna_q,Dyna-Q,0.8,1,p0.80_m1,0,5000,0.82,random8,8x8,0.9933333333333332,11
dyna_q,Dyna-Q,0.8,1,p0.80_m1,0,5500,0.68,random8,8x8,0.9933333333333332,11
dyna_q,Dyna-Q,0.8,1,p0.80_m1,0,6000,0.88,random8,8x8,0.9933333333333332,11
dyna_q,Dyna-Q,0.8,1,p0.80_m1,0,6500,0.66,random8,8x8,0.9933333333333332,11
dyna_q,Dyna-Q,0.8,1,p0.80_m1,0,7000,0.68,random8,8x8,0.9933333333333332,11
dyna_q,Dyna-Q,0.8,1,p0.80_m1,0,7500,0.52,random8,8x8,0.9933333333333332,11
dyna_q,Dyna-Q,0.8,1,p0.80_m1,0,8000,0.98,random8,8x8,0.9933333333333332,11
dyna_q,Dyna-Q,0.8,1,p0.80_m1,0,8500,0.28,random8,8x8,0.9933333333333332,11
dyna_q,Dyna-Q,0.8,1,p0.80_m1,0,9000,0.7,random8,8x8,0.9933333333333332,11
dyna_q,Dyna-Q,0.8,1,p0.80_m1,0,9500,0.96,random8,8x8,0.9933333333333332,11
dyna_q,Dyna-Q,0.8,1,p0.80_m1,0,10000,0.94,random8,8x8,0.9933333333333332,11
q_learning,Q-learning,0.8,2,p0.80_m2,0,0,0.0,random8,8x8,0.94,9
q_learning,Q-learning,0.8,2,p0.80_m2,0,500,0.0,random8,8x8,0.94,9
q_learning,Q-learning,0.8,2,p0.80_m2,0,1000,0.0,random8,8x8,0.94,9
q_learning,Q-learning,0.8,2,p0.80_m2,0,1500,0.0,random8,8x8,0.94,9
q_learning,Q-learning,0.8,2,p0.80_m2,0,2000,0.0,random8,8x8,0.94,9
q_learning,Q-learning,0.8,2,p0.80_m2,0,2500,0.0,random8,8x8,0.94,9
q_learning,Q-learning,0.8,2,p0.80_m2,0,3000,0.0,random8,8x8,0.94,9
q_learning,Q-learning,0.8,2,p0.80_m2,0,3500,0.0,random8,8x8,0.94,9
q_learning,Q-learning,0.8,2,p0.80_m2,0,4000,0.0,random8,8x8,0.94,9
q_learning,Q-learning,0.8,2,p0.80_m2,0,4500,0.04,random8,8x8,0.94,9
q_learning,Q-learning,0.8,2,p0.80_m2,0,5000,0.02,random8,8x8,0.94,9
q_learning,Q-learning,0.8,2,p0.80_m2,0,5500,0.02,random8,8x8,0.94,9
q_learning,Q-learning,0.8,2,p0.80_m2,0,6000,0.06,random8,8x8,0.94,9
q_learning,Q-learning,0.8,2,p0.80_m2,0,6500,0.06,random8,8x8,0.94,9
q_learning,Q-learning,0.8,2,p0.80_m2,0,7000,0.06,random8,8x8,0.94,9
q_learning,Q-learning,0.8,2,p0.80_m2,0,7500,0.08,random8,8x8,0.94,9
q_learning,Q-learning,0.8,2,p0.80_m2,0,8000,0.1,random8,8x8,0.94,9
q_learning,Q-learning,0.8,2,p0.80_m2,0,8500,0.24,random8,8x8,0.94,9
q_learning,Q-learning,0.8,2,p0.80_m2,0,9000,0.26,random8,8x8,0.94,9
q_learning,Q-learning,0.8,2,p0.80_m2,0,9500,0.12,random8,8x8,0.94,9
q_learning,Q-learning,0.8,2,p0.80_m2,0,10000,0.36,random8,8x8,0.94,9
sarsa,SARSA,0.8,2,p0.80_m2,0,0,0.0,random8,8x8,0.94,9
sarsa,SARSA,0.8,2,p0.80_m2,0,500,0.0,random8,8x8,0.94,9
sarsa,SARSA,0.8,2,p0.80_m2,0,1000,0.0,random8,8x8,0.94,9
sarsa,SARSA,0.8,2,p0.80_m2,0,1500,0.0,random8,8x8,0.94,9
sarsa,SARSA,0.8,2,p0.80_m2,0,2000,0.0,random8,8x8,0.94,9
sarsa,SARSA,0.8,2,p0.80_m2,0,2500,0.0,random8,8x8,0.94,9
sarsa,SARSA,0.8,2,p0.80_m2,0,3000,0.0,random8,8x8,0.94,9
sarsa,SARSA,0.8,2,p0.80_m2,0,3500,0.0,random8,8x8,0.94,9
sarsa,SARSA,0.8,2,p0.80_m2,0,4000,0.0,random8,8x8,0.94,9
sarsa,SARSA,0.8,2,p0.80_m2,0,4500,0.0,random8,8x8,0.94,9
sarsa,SARSA,0.8,2,p0.80_m2,0,5000,0.02,random8,8x8,0.94,9
sarsa,SARSA,0.8,2,p0.80_m2,0,5500,0.06,random8,8x8,0.94,9
sarsa,SARSA,0.8,2,p0.80_m2,0,6000,0.0,random8,8x8,0.94,9
sarsa,SARSA,0.8,2,p0.80_m2,0,6500,0.06,random8,8x8,0.94,9
sarsa,SARSA,0.8,2,p0.80_m2,0,7000,0.08,random8,8x8,0.94,9
sarsa,SARSA,0.8,2,p0.80_m2,0,7500,0.06,random8,8x8,0.94,9
sarsa,SARSA,0.8,2,p0.80_m2,0,8000,0.08,random8,8x8,0.94,9
sarsa,SARSA,0.8,2,p0.80_m2,0,8500,0.1,random8,8x8,0.94,9
sarsa,SARSA,0.8,2,p0.80_m2,0,9000,0.2,random8,8x8,0.94,9
sarsa,SARSA,0.8,2,p0.80_m2,0,9500,0.3,random8,8x8,0.94,9
sarsa,SARSA,0.8,2,p0.80_m2,0,10000,0.5,random8,8x8,0.94,9
expected_sarsa,Expected SARSA,0.8,2,p0.80_m2,0,0,0.0,random8,8x8,0.94,9
expected_sarsa,Expected SARSA,0.8,2,p0.80_m2,0,500,0.0,random8,8x8,0.94,9
expected_sarsa,Expected SARSA,0.8,2,p0.80_m2,0,1000,0.0,random8,8x8,0.94,9
expected_sarsa,Expected SARSA,0.8,2,p0.80_m2,0,1500,0.0,random8,8x8,0.94,9
expected_sarsa,Expected SARSA,0.8,2,p0.80_m2,0,2000,0.0,random8,8x8,0.94,9
expected_sarsa,Expected SARSA,0.8,2,p0.80_m2,0,2500,0.0,random8,8x8,0.94,9
expected_sarsa,Expected SARSA,0.8,2,p0.80_m2,0,3000,0.04,random8,8x8,0.94,9
expected_sarsa,Expected SARSA,0.8,2,p0.80_m2,0,3500,0.02,random8,8x8,0.94,9
expected_sarsa,Expected SARSA,0.8,2,p0.80_m2,0,4000,0.0,random8,8x8,0.94,9
expected_sarsa,Expected SARSA,0.8,2,p0.80_m2,0,4500,0.02,random8,8x8,0.94,9
expected_sarsa,Expected SARSA,0.8,2,p0.80_m2,0,5000,0.04,random8,8x8,0.94,9
expected_sarsa,Expected SARSA,0.8,2,p0.80_m2,0,5500,0.06,random8,8x8,0.94,9
expected_sarsa,Expected SARSA,0.8,2,p0.80_m2,0,6000,0.26,random8,8x8,0.94,9
expected_sarsa,Expected SARSA,0.8,2,p0.80_m2,0,6500,0.5,random8,8x8,0.94,9
expected_sarsa,Expected SARSA,0.8,2,p0.80_m2,0,7000,0.56,random8,8x8,0.94,9
expected_sarsa,Expected SARSA,0.8,2,p0.80_m2,0,7500,0.58,random8,8x8,0.94,9
expected_sarsa,Expected SARSA,0.8,2,p0.80_m2,0,8000,0.72,random8,8x8,0.94,9
expected_sarsa,Expected SARSA,0.8,2,p0.80_m2,0,8500,0.74,random8,8x8,0.94,9
expected_sarsa,Expected SARSA,0.8,2,p0.80_m2,0,9000,0.58,random8,8x8,0.94,9
expected_sarsa,Expected SARSA,0.8,2,p0.80_m2,0,9500,0.74,random8,8x8,0.94,9
expected_sarsa,Expected SARSA,0.8,2,p0.80_m2,0,10000,0.84,random8,8x8,0.94,9
sarsa_lambda,SARSA(lambda),0.8,2,p0.80_m2,0,0,0.0,random8,8x8,0.94,9
sarsa_lambda,SARSA(lambda),0.8,2,p0.80_m2,0,500,0.0,random8,8x8,0.94,9
sarsa_lambda,SARSA(lambda),0.8,2,p0.80_m2,0,1000,0.0,random8,8x8,0.94,9
sarsa_lambda,SARSA(lambda),0.8,2,p0.80_m2,0,1500,0.0,random8,8x8,0.94,9
sarsa_lambda,SARSA(lambda),0.8,2,p0.80_m2,0,2000,0.0,random8,8x8,0.94,9
sarsa_lambda,SARSA(lambda),0.8,2,p0.80_m2,0,2500,0.0,random8,8x8,0.94,9
sarsa_lambda,SARSA(lambda),0.8,2,p0.80_m2,0,3000,0.02,random8,8x8,0.94,9
sarsa_lambda,SARSA(lambda),0.8,2,p0.80_m2,0,3500,0.04,random8,8x8,0.94,9
sarsa_lambda,SARSA(lambda),0.8,2,p0.80_m2,0,4000,0.06,random8,8x8,0.94,9
sarsa_lambda,SARSA(lambda),0.8,2,p0.80_m2,0,4500,0.16,random8,8x8,0.94,9
sarsa_lambda,SARSA(lambda),0.8,2,p0.80_m2,0,5000,0.12,random8,8x8,0.94,9
sarsa_lambda,SARSA(lambda),0.8,2,p0.80_m2,0,5500,0.08,random8,8x8,0.94,9
sarsa_lambda,SARSA(lambda),0.8,2,p0.80_m2,0,6000,0.16,random8,8x8,0.94,9
sarsa_lambda,SARSA(lambda),0.8,2,p0.80_m2,0,6500,0.34,random8,8x8,0.94,9
sarsa_lambda,SARSA(lambda),0.8,2,p0.80_m2,0,7000,0.38,random8,8x8,0.94,9
sarsa_lambda,SARSA(lambda),0.8,2,p0.80_m2,0,7500,0.2,random8,8x8,0.94,9
sarsa_lambda,SARSA(lambda),0.8,2,p0.80_m2,0,8000,0.34,random8,8x8,0.94,9
sarsa_lambda,SARSA(lambda),0.8,2,p0.80_m2,0,8500,0.3,random8,8x8,0.94,9
sarsa_lambda,SARSA(lambda),0.8,2,p0.80_m2,0,9000,0.2,random8,8x8,0.94,9
sarsa_lambda,SARSA(lambda),0.8,2,p0.80_m2,0,9500,0.5,random8,8x8,0.94,9
sarsa_lambda,SARSA(lambda),0.8,2,p0.80_m2,0,10000,0.02,random8,8x8,0.94,9
q_lambda,Q(lambda),0.8,2,p0.80_m2,0,0,0.0,random8,8x8,0.94,9
q_lambda,Q(lambda),0.8,2,p0.80_m2,0,500,0.0,random8,8x8,0.94,9
q_lambda,Q(lambda),0.8,2,p0.80_m2,0,1000,0.0,random8,8x8,0.94,9
q_lambda,Q(lambda),0.8,2,p0.80_m2,0,1500,0.0,random8,8x8,0.94,9
q_lambda,Q(lambda),0.8,2,p0.80_m2,0,2000,0.0,random8,8x8,0.94,9
q_lambda,Q(lambda),0.8,2,p0.80_m2,0,2500,0.0,random8,8x8,0.94,9
q_lambda,Q(lambda),0.8,2,p0.80_m2,0,3000,0.0,random8,8x8,0.94,9
q_lambda,Q(lambda),0.8,2,p0.80_m2,0,3500,0.0,random8,8x8,0.94,9
q_lambda,Q(lambda),0.8,2,p0.80_m2,0,4000,0.0,random8,8x8,0.94,9
q_lambda,Q(lambda),0.8,2,p0.80_m2,0,4500,0.06,random8,8x8,0.94,9
q_lambda,Q(lambda),0.8,2,p0.80_m2,0,5000,0.02,random8,8x8,0.94,9
q_lambda,Q(lambda),0.8,2,p0.80_m2,0,5500,0.02,random8,8x8,0.94,9
q_lambda,Q(lambda),0.8,2,p0.80_m2,0,6000,0.04,random8,8x8,0.94,9
q_lambda,Q(lambda),0.8,2,p0.80_m2,0,6500,0.02,random8,8x8,0.94,9
q_lambda,Q(lambda),0.8,2,p0.80_m2,0,7000,0.04,random8,8x8,0.94,9
q_lambda,Q(lambda),0.8,2,p0.80_m2,0,7500,0.04,random8,8x8,0.94,9
q_lambda,Q(lambda),0.8,2,p0.80_m2,0,8000,0.14,random8,8x8,0.94,9
q_lambda,Q(lambda),0.8,2,p0.80_m2,0,8500,0.16,random8,8x8,0.94,9
q_lambda,Q(lambda),0.8,2,p0.80_m2,0,9000,0.32,random8,8x8,0.94,9
q_lambda,Q(lambda),0.8,2,p0.80_m2,0,9500,0.14,random8,8x8,0.94,9
q_lambda,Q(lambda),0.8,2,p0.80_m2,0,10000,0.46,random8,8x8,0.94,9
optimistic_q,Optimistic Q,0.8,2,p0.80_m2,0,0,0.0,random8,8x8,0.94,9
optimistic_q,Optimistic Q,0.8,2,p0.80_m2,0,500,0.62,random8,8x8,0.94,9
optimistic_q,Optimistic Q,0.8,2,p0.80_m2,0,1000,0.78,random8,8x8,0.94,9
optimistic_q,Optimistic Q,0.8,2,p0.80_m2,0,1500,0.86,random8,8x8,0.94,9
optimistic_q,Optimistic Q,0.8,2,p0.80_m2,0,2000,0.92,random8,8x8,0.94,9
optimistic_q,Optimistic Q,0.8,2,p0.80_m2,0,2500,0.96,random8,8x8,0.94,9
optimistic_q,Optimistic Q,0.8,2,p0.80_m2,0,3000,0.56,random8,8x8,0.94,9
optimistic_q,Optimistic Q,0.8,2,p0.80_m2,0,3500,0.7,random8,8x8,0.94,9
optimistic_q,Optimistic Q,0.8,2,p0.80_m2,0,4000,0.84,random8,8x8,0.94,9
optimistic_q,Optimistic Q,0.8,2,p0.80_m2,0,4500,0.84,random8,8x8,0.94,9
optimistic_q,Optimistic Q,0.8,2,p0.80_m2,0,5000,0.94,random8,8x8,0.94,9
optimistic_q,Optimistic Q,0.8,2,p0.80_m2,0,5500,0.92,random8,8x8,0.94,9
optimistic_q,Optimistic Q,0.8,2,p0.80_m2,0,6000,0.84,random8,8x8,0.94,9
optimistic_q,Optimistic Q,0.8,2,p0.80_m2,0,6500,0.9,random8,8x8,0.94,9
optimistic_q,Optimistic Q,0.8,2,p0.80_m2,0,7000,0.84,random8,8x8,0.94,9
optimistic_q,Optimistic Q,0.8,2,p0.80_m2,0,7500,0.94,random8,8x8,0.94,9
optimistic_q,Optimistic Q,0.8,2,p0.80_m2,0,8000,0.76,random8,8x8,0.94,9
optimistic_q,Optimistic Q,0.8,2,p0.80_m2,0,8500,0.9,random8,8x8,0.94,9
optimistic_q,Optimistic Q,0.8,2,p0.80_m2,0,9000,0.82,random8,8x8,0.94,9
optimistic_q,Optimistic Q,0.8,2,p0.80_m2,0,9500,0.94,random8,8x8,0.94,9
optimistic_q,Optimistic Q,0.8,2,p0.80_m2,0,10000,0.94,random8,8x8,0.94,9
q_learning,Q-learning,0.85,0,p0.85_m0,0,0,0.04,random8,8x8,1.0,3
q_learning,Q-learning,0.85,0,p0.85_m0,0,500,0.92,random8,8x8,1.0,3
q_learning,Q-learning,0.85,0,p0.85_m0,0,1000,0.9,random8,8x8,1.0,3
q_learning,Q-learning,0.85,0,p0.85_m0,0,1500,0.96,random8,8x8,1.0,3
q_learning,Q-learning,0.85,0,p0.85_m0,0,2000,0.98,random8,8x8,1.0,3
q_learning,Q-learning,0.85,0,p0.85_m0,0,2500,0.88,random8,8x8,1.0,3
q_learning,Q-learning,0.85,0,p0.85_m0,0,3000,0.96,random8,8x8,1.0,3
q_learning,Q-learning,0.85,0,p0.85_m0,0,3500,0.76,random8,8x8,1.0,3
q_learning,Q-learning,0.85,0,p0.85_m0,0,4000,0.96,random8,8x8,1.0,3
q_learning,Q-learning,0.85,0,p0.85_m0,0,4500,0.96,random8,8x8,1.0,3
q_learning,Q-learning,0.85,0,p0.85_m0,0,5000,1.0,random8,8x8,1.0,3
q_learning,Q-learning,0.85,0,p0.85_m0,0,5500,0.98,random8,8x8,1.0,3
q_learning,Q-learning,0.85,0,p0.85_m0,0,6000,0.96,random8,8x8,1.0,3
q_learning,Q-learning,0.85,0,p0.85_m0,0,6500,0.94,random8,8x8,1.0,3
q_learning,Q-learning,0.85,0,p0.85_m0,0,7000,0.96,random8,8x8,1.0,3
q_learning,Q-learning,0.85,0,p0.85_m0,0,7500,0.98,random8,8x8,1.0,3
q_learning,Q-learning,0.85,0,p0.85_m0,0,8000,0.92,random8,8x8,1.0,3
q_learning,Q-learning,0.85,0,p0.85_m0,0,8500,0.94,random8,8x8,1.0,3
q_learning,Q-learning,0.85,0,p0.85_m0,0,9000,0.96,random8,8x8,1.0,3
q_learning,Q-learning,0.85,0,p0.85_m0,0,9500,1.0,random8,8x8,1.0,3
q_learning,Q-learning,0.85,0,p0.85_m0,0,10000,0.98,random8,8x8,1.0,3
dyna_q,Dyna-Q,0.8,2,p0.80_m2,0,0,0.0,random8,8x8,0.94,9
dyna_q,Dyna-Q,0.8,2,p0.80_m2,0,500,0.1,random8,8x8,0.94,9
dyna_q,Dyna-Q,0.8,2,p0.80_m2,0,1000,0.3,random8,8x8,0.94,9
dyna_q,Dyna-Q,0.8,2,p0.80_m2,0,1500,0.86,random8,8x8,0.94,9
dyna_q,Dyna-Q,0.8,2,p0.80_m2,0,2000,0.68,random8,8x8,0.94,9
dyna_q,Dyna-Q,0.8,2,p0.80_m2,0,2500,0.56,random8,8x8,0.94,9
dyna_q,Dyna-Q,0.8,2,p0.80_m2,0,3000,0.28,random8,8x8,0.94,9
dyna_q,Dyna-Q,0.8,2,p0.80_m2,0,3500,0.64,random8,8x8,0.94,9
dyna_q,Dyna-Q,0.8,2,p0.80_m2,0,4000,0.44,random8,8x8,0.94,9
dyna_q,Dyna-Q,0.8,2,p0.80_m2,0,4500,0.72,random8,8x8,0.94,9
dyna_q,Dyna-Q,0.8,2,p0.80_m2,0,5000,0.46,random8,8x8,0.94,9
dyna_q,Dyna-Q,0.8,2,p0.80_m2,0,5500,0.24,random8,8x8,0.94,9
dyna_q,Dyna-Q,0.8,2,p0.80_m2,0,6000,0.68,random8,8x8,0.94,9
dyna_q,Dyna-Q,0.8,2,p0.80_m2,0,6500,0.82,random8,8x8,0.94,9
dyna_q,Dyna-Q,0.8,2,p0.80_m2,0,7000,0.64,random8,8x8,0.94,9
dyna_q,Dyna-Q,0.8,2,p0.80_m2,0,7500,0.28,random8,8x8,0.94,9
dyna_q,Dyna-Q,0.8,2,p0.80_m2,0,8000,0.62,random8,8x8,0.94,9
dyna_q,Dyna-Q,0.8,2,p0.80_m2,0,8500,0.82,random8,8x8,0.94,9
dyna_q,Dyna-Q,0.8,2,p0.80_m2,0,9000,0.62,random8,8x8,0.94,9
dyna_q,Dyna-Q,0.8,2,p0.80_m2,0,9500,0.7,random8,8x8,0.94,9
dyna_q,Dyna-Q,0.8,2,p0.80_m2,0,10000,0.84,random8,8x8,0.94,9
q_learning,Q-learning,0.8,3,p0.80_m3,0,0,0.0,random8,8x8,0.9966666666666667,8
q_learning,Q-learning,0.8,3,p0.80_m3,0,500,0.14,random8,8x8,0.9966666666666667,8
q_learning,Q-learning,0.8,3,p0.80_m3,0,1000,0.2,random8,8x8,0.9966666666666667,8
q_learning,Q-learning,0.8,3,p0.80_m3,0,1500,0.24,random8,8x8,0.9966666666666667,8
q_learning,Q-learning,0.8,3,p0.80_m3,0,2000,0.2,random8,8x8,0.9966666666666667,8
q_learning,Q-learning,0.8,3,p0.80_m3,0,2500,0.32,random8,8x8,0.9966666666666667,8
q_learning,Q-learning,0.8,3,p0.80_m3,0,3000,0.34,random8,8x8,0.9966666666666667,8
q_learning,Q-learning,0.8,3,p0.80_m3,0,3500,0.5,random8,8x8,0.9966666666666667,8
q_learning,Q-learning,0.8,3,p0.80_m3,0,4000,0.5,random8,8x8,0.9966666666666667,8
q_learning,Q-learning,0.8,3,p0.80_m3,0,4500,0.58,random8,8x8,0.9966666666666667,8
q_learning,Q-learning,0.8,3,p0.80_m3,0,5000,0.66,random8,8x8,0.9966666666666667,8
q_learning,Q-learning,0.8,3,p0.80_m3,0,5500,0.74,random8,8x8,0.9966666666666667,8
q_learning,Q-learning,0.8,3,p0.80_m3,0,6000,0.66,random8,8x8,0.9966666666666667,8
q_learning,Q-learning,0.8,3,p0.80_m3,0,6500,0.66,random8,8x8,0.9966666666666667,8
q_learning,Q-learning,0.8,3,p0.80_m3,0,7000,0.82,random8,8x8,0.9966666666666667,8
q_learning,Q-learning,0.8,3,p0.80_m3,0,7500,0.8,random8,8x8,0.9966666666666667,8
q_learning,Q-learning,0.8,3,p0.80_m3,0,8000,0.76,random8,8x8,0.9966666666666667,8
q_learning,Q-learning,0.8,3,p0.80_m3,0,8500,0.8,random8,8x8,0.9966666666666667,8
q_learning,Q-learning,0.8,3,p0.80_m3,0,9000,0.7,random8,8x8,0.9966666666666667,8
q_learning,Q-learning,0.8,3,p0.80_m3,0,9500,0.84,random8,8x8,0.9966666666666667,8
q_learning,Q-learning,0.8,3,p0.80_m3,0,10000,0.66,random8,8x8,0.9966666666666667,8
sarsa,SARSA,0.8,3,p0.80_m3,0,0,0.0,random8,8x8,0.9966666666666667,8
sarsa,SARSA,0.8,3,p0.80_m3,0,500,0.14,random8,8x8,0.9966666666666667,8
sarsa,SARSA,0.8,3,p0.80_m3,0,1000,0.08,random8,8x8,0.9966666666666667,8
sarsa,SARSA,0.8,3,p0.80_m3,0,1500,0.04,random8,8x8,0.9966666666666667,8
sarsa,SARSA,0.8,3,p0.80_m3,0,2000,0.2,random8,8x8,0.9966666666666667,8
sarsa,SARSA,0.8,3,p0.80_m3,0,2500,0.3,random8,8x8,0.9966666666666667,8
sarsa,SARSA,0.8,3,p0.80_m3,0,3000,0.22,random8,8x8,0.9966666666666667,8
sarsa,SARSA,0.8,3,p0.80_m3,0,3500,0.32,random8,8x8,0.9966666666666667,8
sarsa,SARSA,0.8,3,p0.80_m3,0,4000,0.5,random8,8x8,0.9966666666666667,8
sarsa,SARSA,0.8,3,p0.80_m3,0,4500,0.46,random8,8x8,0.9966666666666667,8
sarsa,SARSA,0.8,3,p0.80_m3,0,5000,0.52,random8,8x8,0.9966666666666667,8
sarsa,SARSA,0.8,3,p0.80_m3,0,5500,0.6,random8,8x8,0.9966666666666667,8
sarsa,SARSA,0.8,3,p0.80_m3,0,6000,0.84,random8,8x8,0.9966666666666667,8
sarsa,SARSA,0.8,3,p0.80_m3,0,6500,0.9,random8,8x8,0.9966666666666667,8
sarsa,SARSA,0.8,3,p0.80_m3,0,7000,0.88,random8,8x8,0.9966666666666667,8
sarsa,SARSA,0.8,3,p0.80_m3,0,7500,0.92,random8,8x8,0.9966666666666667,8
sarsa,SARSA,0.8,3,p0.80_m3,0,8000,0.88,random8,8x8,0.9966666666666667,8
sarsa,SARSA,0.8,3,p0.80_m3,0,8500,0.96,random8,8x8,0.9966666666666667,8
sarsa,SARSA,0.8,3,p0.80_m3,0,9000,0.96,random8,8x8,0.9966666666666667,8
sarsa,SARSA,0.8,3,p0.80_m3,0,9500,0.8,random8,8x8,0.9966666666666667,8
sarsa,SARSA,0.8,3,p0.80_m3,0,10000,0.86,random8,8x8,0.9966666666666667,8
expected_sarsa,Expected SARSA,0.8,3,p0.80_m3,0,0,0.0,random8,8x8,0.9966666666666667,8
expected_sarsa,Expected SARSA,0.8,3,p0.80_m3,0,500,0.06,random8,8x8,0.9966666666666667,8
expected_sarsa,Expected SARSA,0.8,3,p0.80_m3,0,1000,0.06,random8,8x8,0.9966666666666667,8
expected_sarsa,Expected SARSA,0.8,3,p0.80_m3,0,1500,0.06,random8,8x8,0.9966666666666667,8
expected_sarsa,Expected SARSA,0.8,3,p0.80_m3,0,2000,0.1,random8,8x8,0.9966666666666667,8
expected_sarsa,Expected SARSA,0.8,3,p0.80_m3,0,2500,0.16,random8,8x8,0.9966666666666667,8
expected_sarsa,Expected SARSA,0.8,3,p0.80_m3,0,3000,0.04,random8,8x8,0.9966666666666667,8
expected_sarsa,Expected SARSA,0.8,3,p0.80_m3,0,3500,0.2,random8,8x8,0.9966666666666667,8
expected_sarsa,Expected SARSA,0.8,3,p0.80_m3,0,4000,0.12,random8,8x8,0.9966666666666667,8
expected_sarsa,Expected SARSA,0.8,3,p0.80_m3,0,4500,0.26,random8,8x8,0.9966666666666667,8
expected_sarsa,Expected SARSA,0.8,3,p0.80_m3,0,5000,0.22,random8,8x8,0.9966666666666667,8
expected_sarsa,Expected SARSA,0.8,3,p0.80_m3,0,5500,0.36,random8,8x8,0.9966666666666667,8
expected_sarsa,Expected SARSA,0.8,3,p0.80_m3,0,6000,0.44,random8,8x8,0.9966666666666667,8
expected_sarsa,Expected SARSA,0.8,3,p0.80_m3,0,6500,0.56,random8,8x8,0.9966666666666667,8
expected_sarsa,Expected SARSA,0.8,3,p0.80_m3,0,7000,0.64,random8,8x8,0.9966666666666667,8
expected_sarsa,Expected SARSA,0.8,3,p0.80_m3,0,7500,0.68,random8,8x8,0.9966666666666667,8
expected_sarsa,Expected SARSA,0.8,3,p0.80_m3,0,8000,0.68,random8,8x8,0.9966666666666667,8
expected_sarsa,Expected SARSA,0.8,3,p0.80_m3,0,8500,0.8,random8,8x8,0.9966666666666667,8
expected_sarsa,Expected SARSA,0.8,3,p0.80_m3,0,9000,0.62,random8,8x8,0.9966666666666667,8
expected_sarsa,Expected SARSA,0.8,3,p0.80_m3,0,9500,0.76,random8,8x8,0.9966666666666667,8
expected_sarsa,Expected SARSA,0.8,3,p0.80_m3,0,10000,0.74,random8,8x8,0.9966666666666667,8
sarsa_lambda,SARSA(lambda),0.8,3,p0.80_m3,0,0,0.0,random8,8x8,0.9966666666666667,8
sarsa_lambda,SARSA(lambda),0.8,3,p0.80_m3,0,500,0.56,random8,8x8,0.9966666666666667,8
sarsa_lambda,SARSA(lambda),0.8,3,p0.80_m3,0,1000,0.9,random8,8x8,0.9966666666666667,8
sarsa_lambda,SARSA(lambda),0.8,3,p0.80_m3,0,1500,0.92,random8,8x8,0.9966666666666667,8
sarsa_lambda,SARSA(lambda),0.8,3,p0.80_m3,0,2000,0.8,random8,8x8,0.9966666666666667,8
sarsa_lambda,SARSA(lambda),0.8,3,p0.80_m3,0,2500,0.94,random8,8x8,0.9966666666666667,8
sarsa_lambda,SARSA(lambda),0.8,3,p0.80_m3,0,3000,0.9,random8,8x8,0.9966666666666667,8
sarsa_lambda,SARSA(lambda),0.8,3,p0.80_m3,0,3500,0.94,random8,8x8,0.9966666666666667,8
sarsa_lambda,SARSA(lambda),0.8,3,p0.80_m3,0,4000,0.66,random8,8x8,0.9966666666666667,8
sarsa_lambda,SARSA(lambda),0.8,3,p0.80_m3,0,4500,0.92,random8,8x8,0.9966666666666667,8
sarsa_lambda,SARSA(lambda),0.8,3,p0.80_m3,0,5000,0.92,random8,8x8,0.9966666666666667,8
sarsa_lambda,SARSA(lambda),0.8,3,p0.80_m3,0,5500,0.62,random8,8x8,0.9966666666666667,8
sarsa_lambda,SARSA(lambda),0.8,3,p0.80_m3,0,6000,0.86,random8,8x8,0.9966666666666667,8
sarsa_lambda,SARSA(lambda),0.8,3,p0.80_m3,0,6500,0.92,random8,8x8,0.9966666666666667,8
sarsa_lambda,SARSA(lambda),0.8,3,p0.80_m3,0,7000,0.94,random8,8x8,0.9966666666666667,8
sarsa_lambda,SARSA(lambda),0.8,3,p0.80_m3,0,7500,0.9,random8,8x8,0.9966666666666667,8
sarsa_lambda,SARSA(lambda),0.8,3,p0.80_m3,0,8000,0.92,random8,8x8,0.9966666666666667,8
sarsa_lambda,SARSA(lambda),0.8,3,p0.80_m3,0,8500,0.94,random8,8x8,0.9966666666666667,8
sarsa_lambda,SARSA(lambda),0.8,3,p0.80_m3,0,9000,0.88,random8,8x8,0.9966666666666667,8
sarsa_lambda,SARSA(lambda),0.8,3,p0.80_m3,0,9500,1.0,random8,8x8,0.9966666666666667,8
sarsa_lambda,SARSA(lambda),0.8,3,p0.80_m3,0,10000,0.98,random8,8x8,0.9966666666666667,8
q_lambda,Q(lambda),0.8,3,p0.80_m3,0,0,0.0,random8,8x8,0.9966666666666667,8
q_lambda,Q(lambda),0.8,3,p0.80_m3,0,500,0.34,random8,8x8,0.9966666666666667,8
q_lambda,Q(lambda),0.8,3,p0.80_m3,0,1000,0.62,random8,8x8,0.9966666666666667,8
q_lambda,Q(lambda),0.8,3,p0.80_m3,0,1500,0.42,random8,8x8,0.9966666666666667,8
q_lambda,Q(lambda),0.8,3,p0.80_m3,0,2000,0.64,random8,8x8,0.9966666666666667,8
q_lambda,Q(lambda),0.8,3,p0.80_m3,0,2500,0.58,random8,8x8,0.9966666666666667,8
q_lambda,Q(lambda),0.8,3,p0.80_m3,0,3000,0.86,random8,8x8,0.9966666666666667,8
q_lambda,Q(lambda),0.8,3,p0.80_m3,0,3500,0.86,random8,8x8,0.9966666666666667,8
q_lambda,Q(lambda),0.8,3,p0.80_m3,0,4000,0.9,random8,8x8,0.9966666666666667,8
q_lambda,Q(lambda),0.8,3,p0.80_m3,0,4500,0.94,random8,8x8,0.9966666666666667,8
q_lambda,Q(lambda),0.8,3,p0.80_m3,0,5000,0.88,random8,8x8,0.9966666666666667,8
q_lambda,Q(lambda),0.8,3,p0.80_m3,0,5500,0.88,random8,8x8,0.9966666666666667,8
q_lambda,Q(lambda),0.8,3,p0.80_m3,0,6000,0.84,random8,8x8,0.9966666666666667,8
q_lambda,Q(lambda),0.8,3,p0.80_m3,0,6500,0.8,random8,8x8,0.9966666666666667,8
q_lambda,Q(lambda),0.8,3,p0.80_m3,0,7000,0.94,random8,8x8,0.9966666666666667,8
q_lambda,Q(lambda),0.8,3,p0.80_m3,0,7500,0.92,random8,8x8,0.9966666666666667,8
q_lambda,Q(lambda),0.8,3,p0.80_m3,0,8000,0.86,random8,8x8,0.9966666666666667,8
q_lambda,Q(lambda),0.8,3,p0.80_m3,0,8500,0.8,random8,8x8,0.9966666666666667,8
q_lambda,Q(lambda),0.8,3,p0.80_m3,0,9000,0.96,random8,8x8,0.9966666666666667,8
q_lambda,Q(lambda),0.8,3,p0.80_m3,0,9500,0.96,random8,8x8,0.9966666666666667,8
q_lambda,Q(lambda),0.8,3,p0.80_m3,0,10000,0.94,random8,8x8,0.9966666666666667,8
optimistic_q,Optimistic Q,0.8,3,p0.80_m3,0,0,0.0,random8,8x8,0.9966666666666667,8
optimistic_q,Optimistic Q,0.8,3,p0.80_m3,0,500,0.46,random8,8x8,0.9966666666666667,8
optimistic_q,Optimistic Q,0.8,3,p0.80_m3,0,1000,1.0,random8,8x8,0.9966666666666667,8
optimistic_q,Optimistic Q,0.8,3,p0.80_m3,0,1500,0.7,random8,8x8,0.9966666666666667,8
optimistic_q,Optimistic Q,0.8,3,p0.80_m3,0,2000,1.0,random8,8x8,0.9966666666666667,8
optimistic_q,Optimistic Q,0.8,3,p0.80_m3,0,2500,1.0,random8,8x8,0.9966666666666667,8
optimistic_q,Optimistic Q,0.8,3,p0.80_m3,0,3000,1.0,random8,8x8,0.9966666666666667,8
optimistic_q,Optimistic Q,0.8,3,p0.80_m3,0,3500,1.0,random8,8x8,0.9966666666666667,8
optimistic_q,Optimistic Q,0.8,3,p0.80_m3,0,4000,1.0,random8,8x8,0.9966666666666667,8
optimistic_q,Optimistic Q,0.8,3,p0.80_m3,0,4500,0.96,random8,8x8,0.9966666666666667,8
optimistic_q,Optimistic Q,0.8,3,p0.80_m3,0,5000,1.0,random8,8x8,0.9966666666666667,8
optimistic_q,Optimistic Q,0.8,3,p0.80_m3,0,5500,1.0,random8,8x8,0.9966666666666667,8
optimistic_q,Optimistic Q,0.8,3,p0.80_m3,0,6000,0.98,random8,8x8,0.9966666666666667,8
optimistic_q,Optimistic Q,0.8,3,p0.80_m3,0,6500,1.0,random8,8x8,0.9966666666666667,8
optimistic_q,Optimistic Q,0.8,3,p0.80_m3,0,7000,1.0,random8,8x8,0.9966666666666667,8
optimistic_q,Optimistic Q,0.8,3,p0.80_m3,0,7500,1.0,random8,8x8,0.9966666666666667,8
optimistic_q,Optimistic Q,0.8,3,p0.80_m3,0,8000,1.0,random8,8x8,0.9966666666666667,8
optimistic_q,Optimistic Q,0.8,3,p0.80_m3,0,8500,1.0,random8,8x8,0.9966666666666667,8
optimistic_q,Optimistic Q,0.8,3,p0.80_m3,0,9000,1.0,random8,8x8,0.9966666666666667,8
optimistic_q,Optimistic Q,0.8,3,p0.80_m3,0,9500,1.0,random8,8x8,0.9966666666666667,8
optimistic_q,Optimistic Q,0.8,3,p0.80_m3,0,10000,1.0,random8,8x8,0.9966666666666667,8
dyna_q,Dyna-Q,0.8,3,p0.80_m3,0,0,0.0,random8,8x8,0.9966666666666667,8
dyna_q,Dyna-Q,0.8,3,p0.80_m3,0,500,0.54,random8,8x8,0.9966666666666667,8
dyna_q,Dyna-Q,0.8,3,p0.80_m3,0,1000,0.84,random8,8x8,0.9966666666666667,8
dyna_q,Dyna-Q,0.8,3,p0.80_m3,0,1500,0.94,random8,8x8,0.9966666666666667,8
dyna_q,Dyna-Q,0.8,3,p0.80_m3,0,2000,0.88,random8,8x8,0.9966666666666667,8
dyna_q,Dyna-Q,0.8,3,p0.80_m3,0,2500,0.94,random8,8x8,0.9966666666666667,8
dyna_q,Dyna-Q,0.8,3,p0.80_m3,0,3000,1.0,random8,8x8,0.9966666666666667,8
dyna_q,Dyna-Q,0.8,3,p0.80_m3,0,3500,0.98,random8,8x8,0.9966666666666667,8
dyna_q,Dyna-Q,0.8,3,p0.80_m3,0,4000,0.94,random8,8x8,0.9966666666666667,8
dyna_q,Dyna-Q,0.8,3,p0.80_m3,0,4500,0.8,random8,8x8,0.9966666666666667,8
dyna_q,Dyna-Q,0.8,3,p0.80_m3,0,5000,0.88,random8,8x8,0.9966666666666667,8
dyna_q,Dyna-Q,0.8,3,p0.80_m3,0,5500,0.98,random8,8x8,0.9966666666666667,8
dyna_q,Dyna-Q,0.8,3,p0.80_m3,0,6000,0.66,random8,8x8,0.9966666666666667,8
dyna_q,Dyna-Q,0.8,3,p0.80_m3,0,6500,1.0,random8,8x8,0.9966666666666667,8
dyna_q,Dyna-Q,0.8,3,p0.80_m3,0,7000,0.96,random8,8x8,0.9966666666666667,8
dyna_q,Dyna-Q,0.8,3,p0.80_m3,0,7500,0.84,random8,8x8,0.9966666666666667,8
dyna_q,Dyna-Q,0.8,3,p0.80_m3,0,8000,1.0,random8,8x8,0.9966666666666667,8
dyna_q,Dyna-Q,0.8,3,p0.80_m3,0,8500,0.96,random8,8x8,0.9966666666666667,8
dyna_q,Dyna-Q,0.8,3,p0.80_m3,0,9000,0.94,random8,8x8,0.9966666666666667,8
dyna_q,Dyna-Q,0.8,3,p0.80_m3,0,9500,1.0,random8,8x8,0.9966666666666667,8
dyna_q,Dyna-Q,0.8,3,p0.80_m3,0,10000,0.8,random8,8x8,0.9966666666666667,8
q_learning,Q-learning,0.8,4,p0.80_m4,0,0,0.0,random8,8x8,1.0,10
q_learning,Q-learning,0.8,4,p0.80_m4,0,500,0.0,random8,8x8,1.0,10
q_learning,Q-learning,0.8,4,p0.80_m4,0,1000,0.0,random8,8x8,1.0,10
q_learning,Q-learning,0.8,4,p0.80_m4,0,1500,0.0,random8,8x8,1.0,10
q_learning,Q-learning,0.8,4,p0.80_m4,0,2000,0.0,random8,8x8,1.0,10
q_learning,Q-learning,0.8,4,p0.80_m4,0,2500,0.0,random8,8x8,1.0,10
q_learning,Q-learning,0.8,4,p0.80_m4,0,3000,0.0,random8,8x8,1.0,10
q_learning,Q-learning,0.8,4,p0.80_m4,0,3500,0.02,random8,8x8,1.0,10
q_learning,Q-learning,0.8,4,p0.80_m4,0,4000,0.04,random8,8x8,1.0,10
q_learning,Q-learning,0.8,4,p0.80_m4,0,4500,0.08,random8,8x8,1.0,10
q_learning,Q-learning,0.8,4,p0.80_m4,0,5000,0.08,random8,8x8,1.0,10
q_learning,Q-learning,0.8,4,p0.80_m4,0,5500,0.04,random8,8x8,1.0,10
q_learning,Q-learning,0.8,4,p0.80_m4,0,6000,0.1,random8,8x8,1.0,10
q_learning,Q-learning,0.8,4,p0.80_m4,0,6500,0.06,random8,8x8,1.0,10
q_learning,Q-learning,0.8,4,p0.80_m4,0,7000,0.24,random8,8x8,1.0,10
q_learning,Q-learning,0.8,4,p0.80_m4,0,7500,0.38,random8,8x8,1.0,10
q_learning,Q-learning,0.8,4,p0.80_m4,0,8000,0.38,random8,8x8,1.0,10
q_learning,Q-learning,0.8,4,p0.80_m4,0,8500,0.64,random8,8x8,1.0,10
q_learning,Q-learning,0.8,4,p0.80_m4,0,9000,0.58,random8,8x8,1.0,10
q_learning,Q-learning,0.8,4,p0.80_m4,0,9500,0.64,random8,8x8,1.0,10
q_learning,Q-learning,0.8,4,p0.80_m4,0,10000,0.54,random8,8x8,1.0,10
sarsa,SARSA,0.8,4,p0.80_m4,0,0,0.0,random8,8x8,1.0,10
sarsa,SARSA,0.8,4,p0.80_m4,0,500,0.0,random8,8x8,1.0,10
sarsa,SARSA,0.8,4,p0.80_m4,0,1000,0.0,random8,8x8,1.0,10
sarsa,SARSA,0.8,4,p0.80_m4,0,1500,0.0,random8,8x8,1.0,10
sarsa,SARSA,0.8,4,p0.80_m4,0,2000,0.0,random8,8x8,1.0,10
sarsa,SARSA,0.8,4,p0.80_m4,0,2500,0.0,random8,8x8,1.0,10
sarsa,SARSA,0.8,4,p0.80_m4,0,3000,0.0,random8,8x8,1.0,10
sarsa,SARSA,0.8,4,p0.80_m4,0,3500,0.02,random8,8x8,1.0,10
sarsa,SARSA,0.8,4,p0.80_m4,0,4000,0.0,random8,8x8,1.0,10
sarsa,SARSA,0.8,4,p0.80_m4,0,4500,0.04,random8,8x8,1.0,10
sarsa,SARSA,0.8,4,p0.80_m4,0,5000,0.02,random8,8x8,1.0,10
sarsa,SARSA,0.8,4,p0.80_m4,0,5500,0.08,random8,8x8,1.0,10
sarsa,SARSA,0.8,4,p0.80_m4,0,6000,0.06,random8,8x8,1.0,10
sarsa,SARSA,0.8,4,p0.80_m4,0,6500,0.22,random8,8x8,1.0,10
sarsa,SARSA,0.8,4,p0.80_m4,0,7000,0.16,random8,8x8,1.0,10
sarsa,SARSA,0.8,4,p0.80_m4,0,7500,0.2,random8,8x8,1.0,10
sarsa,SARSA,0.8,4,p0.80_m4,0,8000,0.12,random8,8x8,1.0,10
sarsa,SARSA,0.8,4,p0.80_m4,0,8500,0.22,random8,8x8,1.0,10
sarsa,SARSA,0.8,4,p0.80_m4,0,9000,0.38,random8,8x8,1.0,10
sarsa,SARSA,0.8,4,p0.80_m4,0,9500,0.54,random8,8x8,1.0,10
sarsa,SARSA,0.8,4,p0.80_m4,0,10000,0.68,random8,8x8,1.0,10
expected_sarsa,Expected SARSA,0.8,4,p0.80_m4,0,0,0.0,random8,8x8,1.0,10
expected_sarsa,Expected SARSA,0.8,4,p0.80_m4,0,500,0.0,random8,8x8,1.0,10
expected_sarsa,Expected SARSA,0.8,4,p0.80_m4,0,1000,0.0,random8,8x8,1.0,10
expected_sarsa,Expected SARSA,0.8,4,p0.80_m4,0,1500,0.0,random8,8x8,1.0,10
expected_sarsa,Expected SARSA,0.8,4,p0.80_m4,0,2000,0.0,random8,8x8,1.0,10
expected_sarsa,Expected SARSA,0.8,4,p0.80_m4,0,2500,0.0,random8,8x8,1.0,10
expected_sarsa,Expected SARSA,0.8,4,p0.80_m4,0,3000,0.0,random8,8x8,1.0,10
expected_sarsa,Expected SARSA,0.8,4,p0.80_m4,0,3500,0.0,random8,8x8,1.0,10
expected_sarsa,Expected SARSA,0.8,4,p0.80_m4,0,4000,0.0,random8,8x8,1.0,10
expected_sarsa,Expected SARSA,0.8,4,p0.80_m4,0,4500,0.0,random8,8x8,1.0,10
expected_sarsa,Expected SARSA,0.8,4,p0.80_m4,0,5000,0.0,random8,8x8,1.0,10
expected_sarsa,Expected SARSA,0.8,4,p0.80_m4,0,5500,0.06,random8,8x8,1.0,10
expected_sarsa,Expected SARSA,0.8,4,p0.80_m4,0,6000,0.04,random8,8x8,1.0,10
expected_sarsa,Expected SARSA,0.8,4,p0.80_m4,0,6500,0.14,random8,8x8,1.0,10
expected_sarsa,Expected SARSA,0.8,4,p0.80_m4,0,7000,0.12,random8,8x8,1.0,10
expected_sarsa,Expected SARSA,0.8,4,p0.80_m4,0,7500,0.3,random8,8x8,1.0,10
expected_sarsa,Expected SARSA,0.8,4,p0.80_m4,0,8000,0.42,random8,8x8,1.0,10
expected_sarsa,Expected SARSA,0.8,4,p0.80_m4,0,8500,0.5,random8,8x8,1.0,10
expected_sarsa,Expected SARSA,0.8,4,p0.80_m4,0,9000,0.66,random8,8x8,1.0,10
expected_sarsa,Expected SARSA,0.8,4,p0.80_m4,0,9500,0.64,random8,8x8,1.0,10
expected_sarsa,Expected SARSA,0.8,4,p0.80_m4,0,10000,0.7,random8,8x8,1.0,10
sarsa_lambda,SARSA(lambda),0.8,4,p0.80_m4,0,0,0.0,random8,8x8,1.0,10
sarsa_lambda,SARSA(lambda),0.8,4,p0.80_m4,0,500,0.0,random8,8x8,1.0,10
sarsa_lambda,SARSA(lambda),0.8,4,p0.80_m4,0,1000,0.0,random8,8x8,1.0,10
sarsa_lambda,SARSA(lambda),0.8,4,p0.80_m4,0,1500,0.0,random8,8x8,1.0,10
sarsa_lambda,SARSA(lambda),0.8,4,p0.80_m4,0,2000,0.0,random8,8x8,1.0,10
sarsa_lambda,SARSA(lambda),0.8,4,p0.80_m4,0,2500,0.02,random8,8x8,1.0,10
sarsa_lambda,SARSA(lambda),0.8,4,p0.80_m4,0,3000,0.0,random8,8x8,1.0,10
sarsa_lambda,SARSA(lambda),0.8,4,p0.80_m4,0,3500,0.0,random8,8x8,1.0,10
sarsa_lambda,SARSA(lambda),0.8,4,p0.80_m4,0,4000,0.04,random8,8x8,1.0,10
sarsa_lambda,SARSA(lambda),0.8,4,p0.80_m4,0,4500,0.12,random8,8x8,1.0,10
sarsa_lambda,SARSA(lambda),0.8,4,p0.80_m4,0,5000,0.1,random8,8x8,1.0,10
sarsa_lambda,SARSA(lambda),0.8,4,p0.80_m4,0,5500,0.12,random8,8x8,1.0,10
sarsa_lambda,SARSA(lambda),0.8,4,p0.80_m4,0,6000,0.12,random8,8x8,1.0,10
sarsa_lambda,SARSA(lambda),0.8,4,p0.80_m4,0,6500,0.16,random8,8x8,1.0,10
sarsa_lambda,SARSA(lambda),0.8,4,p0.80_m4,0,7000,0.36,random8,8x8,1.0,10
sarsa_lambda,SARSA(lambda),0.8,4,p0.80_m4,0,7500,0.4,random8,8x8,1.0,10
sarsa_lambda,SARSA(lambda),0.8,4,p0.80_m4,0,8000,0.44,random8,8x8,1.0,10
sarsa_lambda,SARSA(lambda),0.8,4,p0.80_m4,0,8500,0.52,random8,8x8,1.0,10
sarsa_lambda,SARSA(lambda),0.8,4,p0.80_m4,0,9000,0.86,random8,8x8,1.0,10
sarsa_lambda,SARSA(lambda),0.8,4,p0.80_m4,0,9500,0.84,random8,8x8,1.0,10
sarsa_lambda,SARSA(lambda),0.8,4,p0.80_m4,0,10000,0.76,random8,8x8,1.0,10
q_lambda,Q(lambda),0.8,4,p0.80_m4,0,0,0.0,random8,8x8,1.0,10
q_lambda,Q(lambda),0.8,4,p0.80_m4,0,500,0.0,random8,8x8,1.0,10
q_lambda,Q(lambda),0.8,4,p0.80_m4,0,1000,0.0,random8,8x8,1.0,10
q_lambda,Q(lambda),0.8,4,p0.80_m4,0,1500,0.0,random8,8x8,1.0,10
q_lambda,Q(lambda),0.8,4,p0.80_m4,0,2000,0.0,random8,8x8,1.0,10
q_lambda,Q(lambda),0.8,4,p0.80_m4,0,2500,0.0,random8,8x8,1.0,10
q_lambda,Q(lambda),0.8,4,p0.80_m4,0,3000,0.0,random8,8x8,1.0,10
q_lambda,Q(lambda),0.8,4,p0.80_m4,0,3500,0.0,random8,8x8,1.0,10
q_lambda,Q(lambda),0.8,4,p0.80_m4,0,4000,0.04,random8,8x8,1.0,10
q_lambda,Q(lambda),0.8,4,p0.80_m4,0,4500,0.04,random8,8x8,1.0,10
q_lambda,Q(lambda),0.8,4,p0.80_m4,0,5000,0.04,random8,8x8,1.0,10
q_lambda,Q(lambda),0.8,4,p0.80_m4,0,5500,0.02,random8,8x8,1.0,10
q_lambda,Q(lambda),0.8,4,p0.80_m4,0,6000,0.08,random8,8x8,1.0,10
q_lambda,Q(lambda),0.8,4,p0.80_m4,0,6500,0.26,random8,8x8,1.0,10
q_lambda,Q(lambda),0.8,4,p0.80_m4,0,7000,0.54,random8,8x8,1.0,10
q_lambda,Q(lambda),0.8,4,p0.80_m4,0,7500,0.54,random8,8x8,1.0,10
q_lambda,Q(lambda),0.8,4,p0.80_m4,0,8000,0.6,random8,8x8,1.0,10
q_lambda,Q(lambda),0.8,4,p0.80_m4,0,8500,0.84,random8,8x8,1.0,10
q_lambda,Q(lambda),0.8,4,p0.80_m4,0,9000,0.84,random8,8x8,1.0,10
q_lambda,Q(lambda),0.8,4,p0.80_m4,0,9500,0.74,random8,8x8,1.0,10
q_lambda,Q(lambda),0.8,4,p0.80_m4,0,10000,0.56,random8,8x8,1.0,10
optimistic_q,Optimistic Q,0.8,4,p0.80_m4,0,0,0.0,random8,8x8,1.0,10
optimistic_q,Optimistic Q,0.8,4,p0.80_m4,0,500,0.68,random8,8x8,1.0,10
optimistic_q,Optimistic Q,0.8,4,p0.80_m4,0,1000,0.92,random8,8x8,1.0,10
optimistic_q,Optimistic Q,0.8,4,p0.80_m4,0,1500,1.0,random8,8x8,1.0,10
optimistic_q,Optimistic Q,0.8,4,p0.80_m4,0,2000,0.98,random8,8x8,1.0,10
optimistic_q,Optimistic Q,0.8,4,p0.80_m4,0,2500,1.0,random8,8x8,1.0,10
optimistic_q,Optimistic Q,0.8,4,p0.80_m4,0,3000,1.0,random8,8x8,1.0,10
optimistic_q,Optimistic Q,0.8,4,p0.80_m4,0,3500,0.98,random8,8x8,1.0,10
optimistic_q,Optimistic Q,0.8,4,p0.80_m4,0,4000,1.0,random8,8x8,1.0,10
optimistic_q,Optimistic Q,0.8,4,p0.80_m4,0,4500,0.54,random8,8x8,1.0,10
optimistic_q,Optimistic Q,0.8,4,p0.80_m4,0,5000,1.0,random8,8x8,1.0,10
optimistic_q,Optimistic Q,0.8,4,p0.80_m4,0,5500,1.0,random8,8x8,1.0,10
optimistic_q,Optimistic Q,0.8,4,p0.80_m4,0,6000,1.0,random8,8x8,1.0,10
optimistic_q,Optimistic Q,0.8,4,p0.80_m4,0,6500,1.0,random8,8x8,1.0,10
optimistic_q,Optimistic Q,0.8,4,p0.80_m4,0,7000,1.0,random8,8x8,1.0,10
optimistic_q,Optimistic Q,0.8,4,p0.80_m4,0,7500,1.0,random8,8x8,1.0,10
optimistic_q,Optimistic Q,0.8,4,p0.80_m4,0,8000,1.0,random8,8x8,1.0,10
optimistic_q,Optimistic Q,0.8,4,p0.80_m4,0,8500,1.0,random8,8x8,1.0,10
optimistic_q,Optimistic Q,0.8,4,p0.80_m4,0,9000,1.0,random8,8x8,1.0,10
optimistic_q,Optimistic Q,0.8,4,p0.80_m4,0,9500,1.0,random8,8x8,1.0,10
optimistic_q,Optimistic Q,0.8,4,p0.80_m4,0,10000,1.0,random8,8x8,1.0,10
dyna_q,Dyna-Q,0.8,4,p0.80_m4,0,0,0.0,random8,8x8,1.0,10
dyna_q,Dyna-Q,0.8,4,p0.80_m4,0,500,0.0,random8,8x8,1.0,10
dyna_q,Dyna-Q,0.8,4,p0.80_m4,0,1000,0.0,random8,8x8,1.0,10
dyna_q,Dyna-Q,0.8,4,p0.80_m4,0,1500,0.84,random8,8x8,1.0,10
dyna_q,Dyna-Q,0.8,4,p0.80_m4,0,2000,0.4,random8,8x8,1.0,10
dyna_q,Dyna-Q,0.8,4,p0.80_m4,0,2500,1.0,random8,8x8,1.0,10
dyna_q,Dyna-Q,0.8,4,p0.80_m4,0,3000,0.84,random8,8x8,1.0,10
dyna_q,Dyna-Q,0.8,4,p0.80_m4,0,3500,0.92,random8,8x8,1.0,10
dyna_q,Dyna-Q,0.8,4,p0.80_m4,0,4000,1.0,random8,8x8,1.0,10
dyna_q,Dyna-Q,0.8,4,p0.80_m4,0,4500,0.94,random8,8x8,1.0,10
dyna_q,Dyna-Q,0.8,4,p0.80_m4,0,5000,0.98,random8,8x8,1.0,10
dyna_q,Dyna-Q,0.8,4,p0.80_m4,0,5500,0.94,random8,8x8,1.0,10
dyna_q,Dyna-Q,0.8,4,p0.80_m4,0,6000,0.98,random8,8x8,1.0,10
dyna_q,Dyna-Q,0.8,4,p0.80_m4,0,6500,0.98,random8,8x8,1.0,10
dyna_q,Dyna-Q,0.8,4,p0.80_m4,0,7000,0.4,random8,8x8,1.0,10
dyna_q,Dyna-Q,0.8,4,p0.80_m4,0,7500,0.98,random8,8x8,1.0,10
dyna_q,Dyna-Q,0.8,4,p0.80_m4,0,8000,0.64,random8,8x8,1.0,10
dyna_q,Dyna-Q,0.8,4,p0.80_m4,0,8500,0.82,random8,8x8,1.0,10
dyna_q,Dyna-Q,0.8,4,p0.80_m4,0,9000,0.94,random8,8x8,1.0,10
dyna_q,Dyna-Q,0.8,4,p0.80_m4,0,9500,0.98,random8,8x8,1.0,10
dyna_q,Dyna-Q,0.8,4,p0.80_m4,0,10000,0.9,random8,8x8,1.0,10
sarsa,SARSA,0.85,0,p0.85_m0,0,0,0.04,random8,8x8,1.0,3
sarsa,SARSA,0.85,0,p0.85_m0,0,500,0.64,random8,8x8,1.0,3
sarsa,SARSA,0.85,0,p0.85_m0,0,1000,0.68,random8,8x8,1.0,3
sarsa,SARSA,0.85,0,p0.85_m0,0,1500,0.78,random8,8x8,1.0,3
sarsa,SARSA,0.85,0,p0.85_m0,0,2000,0.72,random8,8x8,1.0,3
sarsa,SARSA,0.85,0,p0.85_m0,0,2500,0.9,random8,8x8,1.0,3
sarsa,SARSA,0.85,0,p0.85_m0,0,3000,0.96,random8,8x8,1.0,3
sarsa,SARSA,0.85,0,p0.85_m0,0,3500,0.76,random8,8x8,1.0,3
sarsa,SARSA,0.85,0,p0.85_m0,0,4000,0.9,random8,8x8,1.0,3
sarsa,SARSA,0.85,0,p0.85_m0,0,4500,0.92,random8,8x8,1.0,3
sarsa,SARSA,0.85,0,p0.85_m0,0,5000,0.8,random8,8x8,1.0,3
sarsa,SARSA,0.85,0,p0.85_m0,0,5500,0.88,random8,8x8,1.0,3
sarsa,SARSA,0.85,0,p0.85_m0,0,6000,0.86,random8,8x8,1.0,3
sarsa,SARSA,0.85,0,p0.85_m0,0,6500,0.9,random8,8x8,1.0,3
sarsa,SARSA,0.85,0,p0.85_m0,0,7000,0.98,random8,8x8,1.0,3
sarsa,SARSA,0.85,0,p0.85_m0,0,7500,0.96,random8,8x8,1.0,3
sarsa,SARSA,0.85,0,p0.85_m0,0,8000,0.96,random8,8x8,1.0,3
sarsa,SARSA,0.85,0,p0.85_m0,0,8500,0.96,random8,8x8,1.0,3
sarsa,SARSA,0.85,0,p0.85_m0,0,9000,0.94,random8,8x8,1.0,3
sarsa,SARSA,0.85,0,p0.85_m0,0,9500,0.96,random8,8x8,1.0,3
sarsa,SARSA,0.85,0,p0.85_m0,0,10000,0.9,random8,8x8,1.0,3
expected_sarsa,Expected SARSA,0.85,0,p0.85_m0,0,0,0.04,random8,8x8,1.0,3
expected_sarsa,Expected SARSA,0.85,0,p0.85_m0,0,500,0.72,random8,8x8,1.0,3
expected_sarsa,Expected SARSA,0.85,0,p0.85_m0,0,1000,0.8,random8,8x8,1.0,3
expected_sarsa,Expected SARSA,0.85,0,p0.85_m0,0,1500,0.78,random8,8x8,1.0,3
expected_sarsa,Expected SARSA,0.85,0,p0.85_m0,0,2000,0.76,random8,8x8,1.0,3
expected_sarsa,Expected SARSA,0.85,0,p0.85_m0,0,2500,0.76,random8,8x8,1.0,3
expected_sarsa,Expected SARSA,0.85,0,p0.85_m0,0,3000,0.94,random8,8x8,1.0,3
expected_sarsa,Expected SARSA,0.85,0,p0.85_m0,0,3500,1.0,random8,8x8,1.0,3
expected_sarsa,Expected SARSA,0.85,0,p0.85_m0,0,4000,1.0,random8,8x8,1.0,3
expected_sarsa,Expected SARSA,0.85,0,p0.85_m0,0,4500,1.0,random8,8x8,1.0,3
expected_sarsa,Expected SARSA,0.85,0,p0.85_m0,0,5000,0.98,random8,8x8,1.0,3
expected_sarsa,Expected SARSA,0.85,0,p0.85_m0,0,5500,1.0,random8,8x8,1.0,3
expected_sarsa,Expected SARSA,0.85,0,p0.85_m0,0,6000,0.98,random8,8x8,1.0,3
expected_sarsa,Expected SARSA,0.85,0,p0.85_m0,0,6500,1.0,random8,8x8,1.0,3
expected_sarsa,Expected SARSA,0.85,0,p0.85_m0,0,7000,0.96,random8,8x8,1.0,3
expected_sarsa,Expected SARSA,0.85,0,p0.85_m0,0,7500,0.94,random8,8x8,1.0,3
expected_sarsa,Expected SARSA,0.85,0,p0.85_m0,0,8000,1.0,random8,8x8,1.0,3
expected_sarsa,Expected SARSA,0.85,0,p0.85_m0,0,8500,1.0,random8,8x8,1.0,3
expected_sarsa,Expected SARSA,0.85,0,p0.85_m0,0,9000,0.96,random8,8x8,1.0,3
expected_sarsa,Expected SARSA,0.85,0,p0.85_m0,0,9500,1.0,random8,8x8,1.0,3
expected_sarsa,Expected SARSA,0.85,0,p0.85_m0,0,10000,0.96,random8,8x8,1.0,3
sarsa_lambda,SARSA(lambda),0.85,0,p0.85_m0,0,0,0.04,random8,8x8,1.0,3
sarsa_lambda,SARSA(lambda),0.85,0,p0.85_m0,0,500,1.0,random8,8x8,1.0,3
sarsa_lambda,SARSA(lambda),0.85,0,p0.85_m0,0,1000,1.0,random8,8x8,1.0,3
sarsa_lambda,SARSA(lambda),0.85,0,p0.85_m0,0,1500,1.0,random8,8x8,1.0,3
sarsa_lambda,SARSA(lambda),0.85,0,p0.85_m0,0,2000,1.0,random8,8x8,1.0,3
sarsa_lambda,SARSA(lambda),0.85,0,p0.85_m0,0,2500,1.0,random8,8x8,1.0,3
sarsa_lambda,SARSA(lambda),0.85,0,p0.85_m0,0,3000,0.98,random8,8x8,1.0,3
sarsa_lambda,SARSA(lambda),0.85,0,p0.85_m0,0,3500,1.0,random8,8x8,1.0,3
sarsa_lambda,SARSA(lambda),0.85,0,p0.85_m0,0,4000,1.0,random8,8x8,1.0,3
sarsa_lambda,SARSA(lambda),0.85,0,p0.85_m0,0,4500,1.0,random8,8x8,1.0,3
sarsa_lambda,SARSA(lambda),0.85,0,p0.85_m0,0,5000,1.0,random8,8x8,1.0,3
sarsa_lambda,SARSA(lambda),0.85,0,p0.85_m0,0,5500,0.9,random8,8x8,1.0,3
sarsa_lambda,SARSA(lambda),0.85,0,p0.85_m0,0,6000,0.98,random8,8x8,1.0,3
sarsa_lambda,SARSA(lambda),0.85,0,p0.85_m0,0,6500,1.0,random8,8x8,1.0,3
sarsa_lambda,SARSA(lambda),0.85,0,p0.85_m0,0,7000,1.0,random8,8x8,1.0,3
sarsa_lambda,SARSA(lambda),0.85,0,p0.85_m0,0,7500,1.0,random8,8x8,1.0,3
sarsa_lambda,SARSA(lambda),0.85,0,p0.85_m0,0,8000,1.0,random8,8x8,1.0,3
sarsa_lambda,SARSA(lambda),0.85,0,p0.85_m0,0,8500,1.0,random8,8x8,1.0,3
sarsa_lambda,SARSA(lambda),0.85,0,p0.85_m0,0,9000,0.9,random8,8x8,1.0,3
sarsa_lambda,SARSA(lambda),0.85,0,p0.85_m0,0,9500,1.0,random8,8x8,1.0,3
sarsa_lambda,SARSA(lambda),0.85,0,p0.85_m0,0,10000,1.0,random8,8x8,1.0,3
q_lambda,Q(lambda),0.85,0,p0.85_m0,0,0,0.04,random8,8x8,1.0,3
q_lambda,Q(lambda),0.85,0,p0.85_m0,0,500,0.18,random8,8x8,1.0,3
q_lambda,Q(lambda),0.85,0,p0.85_m0,0,1000,1.0,random8,8x8,1.0,3
q_lambda,Q(lambda),0.85,0,p0.85_m0,0,1500,1.0,random8,8x8,1.0,3
q_lambda,Q(lambda),0.85,0,p0.85_m0,0,2000,1.0,random8,8x8,1.0,3
q_lambda,Q(lambda),0.85,0,p0.85_m0,0,2500,1.0,random8,8x8,1.0,3
q_lambda,Q(lambda),0.85,0,p0.85_m0,0,3000,1.0,random8,8x8,1.0,3
q_lambda,Q(lambda),0.85,0,p0.85_m0,0,3500,1.0,random8,8x8,1.0,3
q_lambda,Q(lambda),0.85,0,p0.85_m0,0,4000,1.0,random8,8x8,1.0,3
q_lambda,Q(lambda),0.85,0,p0.85_m0,0,4500,1.0,random8,8x8,1.0,3
q_lambda,Q(lambda),0.85,0,p0.85_m0,0,5000,1.0,random8,8x8,1.0,3
q_lambda,Q(lambda),0.85,0,p0.85_m0,0,5500,1.0,random8,8x8,1.0,3
q_lambda,Q(lambda),0.85,0,p0.85_m0,0,6000,1.0,random8,8x8,1.0,3
q_lambda,Q(lambda),0.85,0,p0.85_m0,0,6500,1.0,random8,8x8,1.0,3
q_lambda,Q(lambda),0.85,0,p0.85_m0,0,7000,1.0,random8,8x8,1.0,3
q_lambda,Q(lambda),0.85,0,p0.85_m0,0,7500,1.0,random8,8x8,1.0,3
q_lambda,Q(lambda),0.85,0,p0.85_m0,0,8000,1.0,random8,8x8,1.0,3
q_lambda,Q(lambda),0.85,0,p0.85_m0,0,8500,1.0,random8,8x8,1.0,3
q_lambda,Q(lambda),0.85,0,p0.85_m0,0,9000,1.0,random8,8x8,1.0,3
q_lambda,Q(lambda),0.85,0,p0.85_m0,0,9500,1.0,random8,8x8,1.0,3
q_lambda,Q(lambda),0.85,0,p0.85_m0,0,10000,1.0,random8,8x8,1.0,3
optimistic_q,Optimistic Q,0.85,0,p0.85_m0,0,0,0.04,random8,8x8,1.0,3
optimistic_q,Optimistic Q,0.85,0,p0.85_m0,0,500,0.96,random8,8x8,1.0,3
optimistic_q,Optimistic Q,0.85,0,p0.85_m0,0,1000,1.0,random8,8x8,1.0,3
optimistic_q,Optimistic Q,0.85,0,p0.85_m0,0,1500,1.0,random8,8x8,1.0,3
optimistic_q,Optimistic Q,0.85,0,p0.85_m0,0,2000,1.0,random8,8x8,1.0,3
optimistic_q,Optimistic Q,0.85,0,p0.85_m0,0,2500,1.0,random8,8x8,1.0,3
optimistic_q,Optimistic Q,0.85,0,p0.85_m0,0,3000,1.0,random8,8x8,1.0,3
optimistic_q,Optimistic Q,0.85,0,p0.85_m0,0,3500,1.0,random8,8x8,1.0,3
optimistic_q,Optimistic Q,0.85,0,p0.85_m0,0,4000,1.0,random8,8x8,1.0,3
optimistic_q,Optimistic Q,0.85,0,p0.85_m0,0,4500,1.0,random8,8x8,1.0,3
optimistic_q,Optimistic Q,0.85,0,p0.85_m0,0,5000,1.0,random8,8x8,1.0,3
optimistic_q,Optimistic Q,0.85,0,p0.85_m0,0,5500,1.0,random8,8x8,1.0,3
optimistic_q,Optimistic Q,0.85,0,p0.85_m0,0,6000,1.0,random8,8x8,1.0,3
optimistic_q,Optimistic Q,0.85,0,p0.85_m0,0,6500,1.0,random8,8x8,1.0,3
optimistic_q,Optimistic Q,0.85,0,p0.85_m0,0,7000,1.0,random8,8x8,1.0,3
optimistic_q,Optimistic Q,0.85,0,p0.85_m0,0,7500,1.0,random8,8x8,1.0,3
optimistic_q,Optimistic Q,0.85,0,p0.85_m0,0,8000,1.0,random8,8x8,1.0,3
optimistic_q,Optimistic Q,0.85,0,p0.85_m0,0,8500,1.0,random8,8x8,1.0,3
optimistic_q,Optimistic Q,0.85,0,p0.85_m0,0,9000,1.0,random8,8x8,1.0,3
optimistic_q,Optimistic Q,0.85,0,p0.85_m0,0,9500,1.0,random8,8x8,1.0,3
optimistic_q,Optimistic Q,0.85,0,p0.85_m0,0,10000,1.0,random8,8x8,1.0,3
dyna_q,Dyna-Q,0.85,0,p0.85_m0,0,0,0.04,random8,8x8,1.0,3
dyna_q,Dyna-Q,0.85,0,p0.85_m0,0,500,0.66,random8,8x8,1.0,3
dyna_q,Dyna-Q,0.85,0,p0.85_m0,0,1000,0.96,random8,8x8,1.0,3
dyna_q,Dyna-Q,0.85,0,p0.85_m0,0,1500,0.88,random8,8x8,1.0,3
dyna_q,Dyna-Q,0.85,0,p0.85_m0,0,2000,0.96,random8,8x8,1.0,3
dyna_q,Dyna-Q,0.85,0,p0.85_m0,0,2500,1.0,random8,8x8,1.0,3
dyna_q,Dyna-Q,0.85,0,p0.85_m0,0,3000,0.94,random8,8x8,1.0,3
dyna_q,Dyna-Q,0.85,0,p0.85_m0,0,3500,1.0,random8,8x8,1.0,3
dyna_q,Dyna-Q,0.85,0,p0.85_m0,0,4000,1.0,random8,8x8,1.0,3
dyna_q,Dyna-Q,0.85,0,p0.85_m0,0,4500,0.74,random8,8x8,1.0,3
dyna_q,Dyna-Q,0.85,0,p0.85_m0,0,5000,0.88,random8,8x8,1.0,3
dyna_q,Dyna-Q,0.85,0,p0.85_m0,0,5500,0.98,random8,8x8,1.0,3
dyna_q,Dyna-Q,0.85,0,p0.85_m0,0,6000,0.86,random8,8x8,1.0,3
dyna_q,Dyna-Q,0.85,0,p0.85_m0,0,6500,0.98,random8,8x8,1.0,3
dyna_q,Dyna-Q,0.85,0,p0.85_m0,0,7000,0.98,random8,8x8,1.0,3
dyna_q,Dyna-Q,0.85,0,p0.85_m0,0,7500,1.0,random8,8x8,1.0,3
dyna_q,Dyna-Q,0.85,0,p0.85_m0,0,8000,0.98,random8,8x8,1.0,3
dyna_q,Dyna-Q,0.85,0,p0.85_m0,0,8500,1.0,random8,8x8,1.0,3
dyna_q,Dyna-Q,0.85,0,p0.85_m0,0,9000,1.0,random8,8x8,1.0,3
dyna_q,Dyna-Q,0.85,0,p0.85_m0,0,9500,0.96,random8,8x8,1.0,3
dyna_q,Dyna-Q,0.85,0,p0.85_m0,0,10000,1.0,random8,8x8,1.0,3
q_learning,Q-learning,0.85,1,p0.85_m1,0,0,0.0,random8,8x8,0.9933333333333333,7
q_learning,Q-learning,0.85,1,p0.85_m1,0,500,0.0,random8,8x8,0.9933333333333333,7
q_learning,Q-learning,0.85,1,p0.85_m1,0,1000,0.18,random8,8x8,0.9933333333333333,7
q_learning,Q-learning,0.85,1,p0.85_m1,0,1500,0.28,random8,8x8,0.9933333333333333,7
q_learning,Q-learning,0.85,1,p0.85_m1,0,2000,0.56,random8,8x8,0.9933333333333333,7
q_learning,Q-learning,0.85,1,p0.85_m1,0,2500,0.54,random8,8x8,0.9933333333333333,7
q_learning,Q-learning,0.85,1,p0.85_m1,0,3000,0.72,random8,8x8,0.9933333333333333,7
q_learning,Q-learning,0.85,1,p0.85_m1,0,3500,0.78,random8,8x8,0.9933333333333333,7
q_learning,Q-learning,0.85,1,p0.85_m1,0,4000,0.7,random8,8x8,0.9933333333333333,7
q_learning,Q-learning,0.85,1,p0.85_m1,0,4500,0.92,random8,8x8,0.9933333333333333,7
q_learning,Q-learning,0.85,1,p0.85_m1,0,5000,0.9,random8,8x8,0.9933333333333333,7
q_learning,Q-learning,0.85,1,p0.85_m1,0,5500,0.88,random8,8x8,0.9933333333333333,7
q_learning,Q-learning,0.85,1,p0.85_m1,0,6000,0.9,random8,8x8,0.9933333333333333,7
q_learning,Q-learning,0.85,1,p0.85_m1,0,6500,0.98,random8,8x8,0.9933333333333333,7
q_learning,Q-learning,0.85,1,p0.85_m1,0,7000,0.98,random8,8x8,0.9933333333333333,7
q_learning,Q-learning,0.85,1,p0.85_m1,0,7500,0.92,random8,8x8,0.9933333333333333,7
q_learning,Q-learning,0.85,1,p0.85_m1,0,8000,1.0,random8,8x8,0.9933333333333333,7
q_learning,Q-learning,0.85,1,p0.85_m1,0,8500,0.94,random8,8x8,0.9933333333333333,7
q_learning,Q-learning,0.85,1,p0.85_m1,0,9000,0.9,random8,8x8,0.9933333333333333,7
q_learning,Q-learning,0.85,1,p0.85_m1,0,9500,1.0,random8,8x8,0.9933333333333333,7
q_learning,Q-learning,0.85,1,p0.85_m1,0,10000,0.94,random8,8x8,0.9933333333333333,7
sarsa,SARSA,0.85,1,p0.85_m1,0,0,0.0,random8,8x8,0.9933333333333333,7
sarsa,SARSA,0.85,1,p0.85_m1,0,500,0.0,random8,8x8,0.9933333333333333,7
sarsa,SARSA,0.85,1,p0.85_m1,0,1000,0.02,random8,8x8,0.9933333333333333,7
sarsa,SARSA,0.85,1,p0.85_m1,0,1500,0.02,random8,8x8,0.9933333333333333,7
sarsa,SARSA,0.85,1,p0.85_m1,0,2000,0.0,random8,8x8,0.9933333333333333,7
sarsa,SARSA,0.85,1,p0.85_m1,0,2500,0.02,random8,8x8,0.9933333333333333,7
sarsa,SARSA,0.85,1,p0.85_m1,0,3000,0.08,random8,8x8,0.9933333333333333,7
sarsa,SARSA,0.85,1,p0.85_m1,0,3500,0.04,random8,8x8,0.9933333333333333,7
sarsa,SARSA,0.85,1,p0.85_m1,0,4000,0.08,random8,8x8,0.9933333333333333,7
sarsa,SARSA,0.85,1,p0.85_m1,0,4500,0.22,random8,8x8,0.9933333333333333,7
sarsa,SARSA,0.85,1,p0.85_m1,0,5000,0.44,random8,8x8,0.9933333333333333,7
sarsa,SARSA,0.85,1,p0.85_m1,0,5500,0.34,random8,8x8,0.9933333333333333,7
sarsa,SARSA,0.85,1,p0.85_m1,0,6000,0.16,random8,8x8,0.9933333333333333,7
sarsa,SARSA,0.85,1,p0.85_m1,0,6500,0.38,random8,8x8,0.9933333333333333,7
sarsa,SARSA,0.85,1,p0.85_m1,0,7000,0.76,random8,8x8,0.9933333333333333,7
sarsa,SARSA,0.85,1,p0.85_m1,0,7500,0.78,random8,8x8,0.9933333333333333,7
sarsa,SARSA,0.85,1,p0.85_m1,0,8000,0.7,random8,8x8,0.9933333333333333,7
sarsa,SARSA,0.85,1,p0.85_m1,0,8500,0.74,random8,8x8,0.9933333333333333,7
sarsa,SARSA,0.85,1,p0.85_m1,0,9000,0.86,random8,8x8,0.9933333333333333,7
sarsa,SARSA,0.85,1,p0.85_m1,0,9500,0.96,random8,8x8,0.9933333333333333,7
sarsa,SARSA,0.85,1,p0.85_m1,0,10000,0.94,random8,8x8,0.9933333333333333,7
expected_sarsa,Expected SARSA,0.85,1,p0.85_m1,0,0,0.0,random8,8x8,0.9933333333333333,7
expected_sarsa,Expected SARSA,0.85,1,p0.85_m1,0,500,0.0,random8,8x8,0.9933333333333333,7
expected_sarsa,Expected SARSA,0.85,1,p0.85_m1,0,1000,0.16,random8,8x8,0.9933333333333333,7
expected_sarsa,Expected SARSA,0.85,1,p0.85_m1,0,1500,0.24,random8,8x8,0.9933333333333333,7
expected_sarsa,Expected SARSA,0.85,1,p0.85_m1,0,2000,0.26,random8,8x8,0.9933333333333333,7
expected_sarsa,Expected SARSA,0.85,1,p0.85_m1,0,2500,0.32,random8,8x8,0.9933333333333333,7
expected_sarsa,Expected SARSA,0.85,1,p0.85_m1,0,3000,0.4,random8,8x8,0.9933333333333333,7
expected_sarsa,Expected SARSA,0.85,1,p0.85_m1,0,3500,0.46,random8,8x8,0.9933333333333333,7
expected_sarsa,Expected SARSA,0.85,1,p0.85_m1,0,4000,0.72,random8,8x8,0.9933333333333333,7
expected_sarsa,Expected SARSA,0.85,1,p0.85_m1,0,4500,0.68,random8,8x8,0.9933333333333333,7
expected_sarsa,Expected SARSA,0.85,1,p0.85_m1,0,5000,0.82,random8,8x8,0.9933333333333333,7
expected_sarsa,Expected SARSA,0.85,1,p0.85_m1,0,5500,0.94,random8,8x8,0.9933333333333333,7
expected_sarsa,Expected SARSA,0.85,1,p0.85_m1,0,6000,0.96,random8,8x8,0.9933333333333333,7
expected_sarsa,Expected SARSA,0.85,1,p0.85_m1,0,6500,0.94,random8,8x8,0.9933333333333333,7
expected_sarsa,Expected SARSA,0.85,1,p0.85_m1,0,7000,0.98,random8,8x8,0.9933333333333333,7
expected_sarsa,Expected SARSA,0.85,1,p0.85_m1,0,7500,0.92,random8,8x8,0.9933333333333333,7
expected_sarsa,Expected SARSA,0.85,1,p0.85_m1,0,8000,0.92,random8,8x8,0.9933333333333333,7
expected_sarsa,Expected SARSA,0.85,1,p0.85_m1,0,8500,0.94,random8,8x8,0.9933333333333333,7
expected_sarsa,Expected SARSA,0.85,1,p0.85_m1,0,9000,0.96,random8,8x8,0.9933333333333333,7
expected_sarsa,Expected SARSA,0.85,1,p0.85_m1,0,9500,0.94,random8,8x8,0.9933333333333333,7
expected_sarsa,Expected SARSA,0.85,1,p0.85_m1,0,10000,0.94,random8,8x8,0.9933333333333333,7
sarsa_lambda,SARSA(lambda),0.85,1,p0.85_m1,0,0,0.0,random8,8x8,0.9933333333333333,7
sarsa_lambda,SARSA(lambda),0.85,1,p0.85_m1,0,500,0.16,random8,8x8,0.9933333333333333,7
sarsa_lambda,SARSA(lambda),0.85,1,p0.85_m1,0,1000,0.62,random8,8x8,0.9933333333333333,7
sarsa_lambda,SARSA(lambda),0.85,1,p0.85_m1,0,1500,0.52,random8,8x8,0.9933333333333333,7
sarsa_lambda,SARSA(lambda),0.85,1,p0.85_m1,0,2000,0.86,random8,8x8,0.9933333333333333,7
sarsa_lambda,SARSA(lambda),0.85,1,p0.85_m1,0,2500,0.84,random8,8x8,0.9933333333333333,7
sarsa_lambda,SARSA(lambda),0.85,1,p0.85_m1,0,3000,0.94,random8,8x8,0.9933333333333333,7
sarsa_lambda,SARSA(lambda),0.85,1,p0.85_m1,0,3500,0.94,random8,8x8,0.9933333333333333,7
sarsa_lambda,SARSA(lambda),0.85,1,p0.85_m1,0,4000,0.9,random8,8x8,0.9933333333333333,7
sarsa_lambda,SARSA(lambda),0.85,1,p0.85_m1,0,4500,0.66,random8,8x8,0.9933333333333333,7
sarsa_lambda,SARSA(lambda),0.85,1,p0.85_m1,0,5000,0.94,random8,8x8,0.9933333333333333,7
sarsa_lambda,SARSA(lambda),0.85,1,p0.85_m1,0,5500,0.92,random8,8x8,0.9933333333333333,7
sarsa_lambda,SARSA(lambda),0.85,1,p0.85_m1,0,6000,0.9,random8,8x8,0.9933333333333333,7
sarsa_lambda,SARSA(lambda),0.85,1,p0.85_m1,0,6500,0.8,random8,8x8,0.9933333333333333,7
sarsa_lambda,SARSA(lambda),0.85,1,p0.85_m1,0,7000,0.96,random8,8x8,0.9933333333333333,7
sarsa_lambda,SARSA(lambda),0.85,1,p0.85_m1,0,7500,0.82,random8,8x8,0.9933333333333333,7
sarsa_lambda,SARSA(lambda),0.85,1,p0.85_m1,0,8000,0.14,random8,8x8,0.9933333333333333,7
sarsa_lambda,SARSA(lambda),0.85,1,p0.85_m1,0,8500,0.86,random8,8x8,0.9933333333333333,7
sarsa_lambda,SARSA(lambda),0.85,1,p0.85_m1,0,9000,0.96,random8,8x8,0.9933333333333333,7
sarsa_lambda,SARSA(lambda),0.85,1,p0.85_m1,0,9500,0.96,random8,8x8,0.9933333333333333,7
sarsa_lambda,SARSA(lambda),0.85,1,p0.85_m1,0,10000,0.9,random8,8x8,0.9933333333333333,7
q_lambda,Q(lambda),0.85,1,p0.85_m1,0,0,0.0,random8,8x8,0.9933333333333333,7
q_lambda,Q(lambda),0.85,1,p0.85_m1,0,500,0.0,random8,8x8,0.9933333333333333,7
q_lambda,Q(lambda),0.85,1,p0.85_m1,0,1000,0.02,random8,8x8,0.9933333333333333,7
q_lambda,Q(lambda),0.85,1,p0.85_m1,0,1500,0.06,random8,8x8,0.9933333333333333,7
q_lambda,Q(lambda),0.85,1,p0.85_m1,0,2000,0.06,random8,8x8,0.9933333333333333,7
q_lambda,Q(lambda),0.85,1,p0.85_m1,0,2500,0.14,random8,8x8,0.9933333333333333,7
q_lambda,Q(lambda),0.85,1,p0.85_m1,0,3000,0.08,random8,8x8,0.9933333333333333,7
q_lambda,Q(lambda),0.85,1,p0.85_m1,0,3500,0.06,random8,8x8,0.9933333333333333,7
q_lambda,Q(lambda),0.85,1,p0.85_m1,0,4000,0.48,random8,8x8,0.9933333333333333,7
q_lambda,Q(lambda),0.85,1,p0.85_m1,0,4500,0.48,random8,8x8,0.9933333333333333,7
q_lambda,Q(lambda),0.85,1,p0.85_m1,0,5000,0.66,random8,8x8,0.9933333333333333,7
q_lambda,Q(lambda),0.85,1,p0.85_m1,0,5500,0.48,random8,8x8,0.9933333333333333,7
q_lambda,Q(lambda),0.85,1,p0.85_m1,0,6000,0.7,random8,8x8,0.9933333333333333,7
q_lambda,Q(lambda),0.85,1,p0.85_m1,0,6500,0.66,random8,8x8,0.9933333333333333,7
q_lambda,Q(lambda),0.85,1,p0.85_m1,0,7000,0.56,random8,8x8,0.9933333333333333,7
q_lambda,Q(lambda),0.85,1,p0.85_m1,0,7500,0.7,random8,8x8,0.9933333333333333,7
q_lambda,Q(lambda),0.85,1,p0.85_m1,0,8000,0.58,random8,8x8,0.9933333333333333,7
q_lambda,Q(lambda),0.85,1,p0.85_m1,0,8500,0.68,random8,8x8,0.9933333333333333,7
q_lambda,Q(lambda),0.85,1,p0.85_m1,0,9000,0.8,random8,8x8,0.9933333333333333,7
q_lambda,Q(lambda),0.85,1,p0.85_m1,0,9500,0.88,random8,8x8,0.9933333333333333,7
q_lambda,Q(lambda),0.85,1,p0.85_m1,0,10000,0.9,random8,8x8,0.9933333333333333,7
optimistic_q,Optimistic Q,0.85,1,p0.85_m1,0,0,0.0,random8,8x8,0.9933333333333333,7
optimistic_q,Optimistic Q,0.85,1,p0.85_m1,0,500,0.5,random8,8x8,0.9933333333333333,7
optimistic_q,Optimistic Q,0.85,1,p0.85_m1,0,1000,0.9,random8,8x8,0.9933333333333333,7
optimistic_q,Optimistic Q,0.85,1,p0.85_m1,0,1500,0.88,random8,8x8,0.9933333333333333,7
optimistic_q,Optimistic Q,0.85,1,p0.85_m1,0,2000,0.96,random8,8x8,0.9933333333333333,7
optimistic_q,Optimistic Q,0.85,1,p0.85_m1,0,2500,0.98,random8,8x8,0.9933333333333333,7
optimistic_q,Optimistic Q,0.85,1,p0.85_m1,0,3000,0.96,random8,8x8,0.9933333333333333,7
optimistic_q,Optimistic Q,0.85,1,p0.85_m1,0,3500,0.98,random8,8x8,0.9933333333333333,7
optimistic_q,Optimistic Q,0.85,1,p0.85_m1,0,4000,1.0,random8,8x8,0.9933333333333333,7
optimistic_q,Optimistic Q,0.85,1,p0.85_m1,0,4500,0.98,random8,8x8,0.9933333333333333,7
optimistic_q,Optimistic Q,0.85,1,p0.85_m1,0,5000,0.92,random8,8x8,0.9933333333333333,7
optimistic_q,Optimistic Q,0.85,1,p0.85_m1,0,5500,0.94,random8,8x8,0.9933333333333333,7
optimistic_q,Optimistic Q,0.85,1,p0.85_m1,0,6000,0.96,random8,8x8,0.9933333333333333,7
optimistic_q,Optimistic Q,0.85,1,p0.85_m1,0,6500,0.98,random8,8x8,0.9933333333333333,7
optimistic_q,Optimistic Q,0.85,1,p0.85_m1,0,7000,0.98,random8,8x8,0.9933333333333333,7
optimistic_q,Optimistic Q,0.85,1,p0.85_m1,0,7500,0.98,random8,8x8,0.9933333333333333,7
optimistic_q,Optimistic Q,0.85,1,p0.85_m1,0,8000,0.92,random8,8x8,0.9933333333333333,7
optimistic_q,Optimistic Q,0.85,1,p0.85_m1,0,8500,1.0,random8,8x8,0.9933333333333333,7
optimistic_q,Optimistic Q,0.85,1,p0.85_m1,0,9000,0.96,random8,8x8,0.9933333333333333,7
optimistic_q,Optimistic Q,0.85,1,p0.85_m1,0,9500,0.98,random8,8x8,0.9933333333333333,7
optimistic_q,Optimistic Q,0.85,1,p0.85_m1,0,10000,0.98,random8,8x8,0.9933333333333333,7
dyna_q,Dyna-Q,0.85,1,p0.85_m1,0,0,0.0,random8,8x8,0.9933333333333333,7
dyna_q,Dyna-Q,0.85,1,p0.85_m1,0,500,0.68,random8,8x8,0.9933333333333333,7
dyna_q,Dyna-Q,0.85,1,p0.85_m1,0,1000,0.78,random8,8x8,0.9933333333333333,7
dyna_q,Dyna-Q,0.85,1,p0.85_m1,0,1500,0.68,random8,8x8,0.9933333333333333,7
dyna_q,Dyna-Q,0.85,1,p0.85_m1,0,2000,0.46,random8,8x8,0.9933333333333333,7
dyna_q,Dyna-Q,0.85,1,p0.85_m1,0,2500,0.92,random8,8x8,0.9933333333333333,7
dyna_q,Dyna-Q,0.85,1,p0.85_m1,0,3000,0.86,random8,8x8,0.9933333333333333,7
dyna_q,Dyna-Q,0.85,1,p0.85_m1,0,3500,0.44,random8,8x8,0.9933333333333333,7
dyna_q,Dyna-Q,0.85,1,p0.85_m1,0,4000,0.86,random8,8x8,0.9933333333333333,7
dyna_q,Dyna-Q,0.85,1,p0.85_m1,0,4500,0.6,random8,8x8,0.9933333333333333,7
dyna_q,Dyna-Q,0.85,1,p0.85_m1,0,5000,0.76,random8,8x8,0.9933333333333333,7
dyna_q,Dyna-Q,0.85,1,p0.85_m1,0,5500,0.96,random8,8x8,0.9933333333333333,7
dyna_q,Dyna-Q,0.85,1,p0.85_m1,0,6000,0.92,random8,8x8,0.9933333333333333,7
dyna_q,Dyna-Q,0.85,1,p0.85_m1,0,6500,0.58,random8,8x8,0.9933333333333333,7
dyna_q,Dyna-Q,0.85,1,p0.85_m1,0,7000,0.96,random8,8x8,0.9933333333333333,7
dyna_q,Dyna-Q,0.85,1,p0.85_m1,0,7500,0.78,random8,8x8,0.9933333333333333,7
dyna_q,Dyna-Q,0.85,1,p0.85_m1,0,8000,0.78,random8,8x8,0.9933333333333333,7
dyna_q,Dyna-Q,0.85,1,p0.85_m1,0,8500,0.86,random8,8x8,0.9933333333333333,7
dyna_q,Dyna-Q,0.85,1,p0.85_m1,0,9000,0.8,random8,8x8,0.9933333333333333,7
dyna_q,Dyna-Q,0.85,1,p0.85_m1,0,9500,0.98,random8,8x8,0.9933333333333333,7
dyna_q,Dyna-Q,0.85,1,p0.85_m1,0,10000,0.94,random8,8x8,0.9933333333333333,7
q_learning,Q-learning,0.85,2,p0.85_m2,0,0,0.0,random8,8x8,0.9433333333333334,8
q_learning,Q-learning,0.85,2,p0.85_m2,0,500,0.0,random8,8x8,0.9433333333333334,8
q_learning,Q-learning,0.85,2,p0.85_m2,0,1000,0.0,random8,8x8,0.9433333333333334,8
q_learning,Q-learning,0.85,2,p0.85_m2,0,1500,0.02,random8,8x8,0.9433333333333334,8
q_learning,Q-learning,0.85,2,p0.85_m2,0,2000,0.06,random8,8x8,0.9433333333333334,8
q_learning,Q-learning,0.85,2,p0.85_m2,0,2500,0.28,random8,8x8,0.9433333333333334,8
q_learning,Q-learning,0.85,2,p0.85_m2,0,3000,0.32,random8,8x8,0.9433333333333334,8
q_learning,Q-learning,0.85,2,p0.85_m2,0,3500,0.76,random8,8x8,0.9433333333333334,8
q_learning,Q-learning,0.85,2,p0.85_m2,0,4000,0.84,random8,8x8,0.9433333333333334,8
q_learning,Q-learning,0.85,2,p0.85_m2,0,4500,0.7,random8,8x8,0.9433333333333334,8
q_learning,Q-learning,0.85,2,p0.85_m2,0,5000,0.84,random8,8x8,0.9433333333333334,8
q_learning,Q-learning,0.85,2,p0.85_m2,0,5500,0.7,random8,8x8,0.9433333333333334,8
q_learning,Q-learning,0.85,2,p0.85_m2,0,6000,0.62,random8,8x8,0.9433333333333334,8
q_learning,Q-learning,0.85,2,p0.85_m2,0,6500,0.6,random8,8x8,0.9433333333333334,8
q_learning,Q-learning,0.85,2,p0.85_m2,0,7000,0.8,random8,8x8,0.9433333333333334,8
q_learning,Q-learning,0.85,2,p0.85_m2,0,7500,0.74,random8,8x8,0.9433333333333334,8
q_learning,Q-learning,0.85,2,p0.85_m2,0,8000,0.74,random8,8x8,0.9433333333333334,8
q_learning,Q-learning,0.85,2,p0.85_m2,0,8500,0.74,random8,8x8,0.9433333333333334,8
q_learning,Q-learning,0.85,2,p0.85_m2,0,9000,0.76,random8,8x8,0.9433333333333334,8
q_learning,Q-learning,0.85,2,p0.85_m2,0,9500,0.74,random8,8x8,0.9433333333333334,8
q_learning,Q-learning,0.85,2,p0.85_m2,0,10000,0.76,random8,8x8,0.9433333333333334,8
sarsa,SARSA,0.85,2,p0.85_m2,0,0,0.0,random8,8x8,0.9433333333333334,8
sarsa,SARSA,0.85,2,p0.85_m2,0,500,0.0,random8,8x8,0.9433333333333334,8
sarsa,SARSA,0.85,2,p0.85_m2,0,1000,0.0,random8,8x8,0.9433333333333334,8
sarsa,SARSA,0.85,2,p0.85_m2,0,1500,0.02,random8,8x8,0.9433333333333334,8
sarsa,SARSA,0.85,2,p0.85_m2,0,2000,0.0,random8,8x8,0.9433333333333334,8
sarsa,SARSA,0.85,2,p0.85_m2,0,2500,0.04,random8,8x8,0.9433333333333334,8
sarsa,SARSA,0.85,2,p0.85_m2,0,3000,0.06,random8,8x8,0.9433333333333334,8
sarsa,SARSA,0.85,2,p0.85_m2,0,3500,0.86,random8,8x8,0.9433333333333334,8
sarsa,SARSA,0.85,2,p0.85_m2,0,4000,0.88,random8,8x8,0.9433333333333334,8
sarsa,SARSA,0.85,2,p0.85_m2,0,4500,0.86,random8,8x8,0.9433333333333334,8
sarsa,SARSA,0.85,2,p0.85_m2,0,5000,0.92,random8,8x8,0.9433333333333334,8
sarsa,SARSA,0.85,2,p0.85_m2,0,5500,0.82,random8,8x8,0.9433333333333334,8
sarsa,SARSA,0.85,2,p0.85_m2,0,6000,0.64,random8,8x8,0.9433333333333334,8
sarsa,SARSA,0.85,2,p0.85_m2,0,6500,0.84,random8,8x8,0.9433333333333334,8
sarsa,SARSA,0.85,2,p0.85_m2,0,7000,0.86,random8,8x8,0.9433333333333334,8
sarsa,SARSA,0.85,2,p0.85_m2,0,7500,0.76,random8,8x8,0.9433333333333334,8
sarsa,SARSA,0.85,2,p0.85_m2,0,8000,0.76,random8,8x8,0.9433333333333334,8
sarsa,SARSA,0.85,2,p0.85_m2,0,8500,0.9,random8,8x8,0.9433333333333334,8
sarsa,SARSA,0.85,2,p0.85_m2,0,9000,0.72,random8,8x8,0.9433333333333334,8
sarsa,SARSA,0.85,2,p0.85_m2,0,9500,0.88,random8,8x8,0.9433333333333334,8
sarsa,SARSA,0.85,2,p0.85_m2,0,10000,0.84,random8,8x8,0.9433333333333334,8
expected_sarsa,Expected SARSA,0.85,2,p0.85_m2,0,0,0.0,random8,8x8,0.9433333333333334,8
expected_sarsa,Expected SARSA,0.85,2,p0.85_m2,0,500,0.0,random8,8x8,0.9433333333333334,8
expected_sarsa,Expected SARSA,0.85,2,p0.85_m2,0,1000,0.0,random8,8x8,0.9433333333333334,8
expected_sarsa,Expected SARSA,0.85,2,p0.85_m2,0,1500,0.0,random8,8x8,0.9433333333333334,8
expected_sarsa,Expected SARSA,0.85,2,p0.85_m2,0,2000,0.0,random8,8x8,0.9433333333333334,8
expected_sarsa,Expected SARSA,0.85,2,p0.85_m2,0,2500,0.42,random8,8x8,0.9433333333333334,8
expected_sarsa,Expected SARSA,0.85,2,p0.85_m2,0,3000,0.56,random8,8x8,0.9433333333333334,8
expected_sarsa,Expected SARSA,0.85,2,p0.85_m2,0,3500,0.5,random8,8x8,0.9433333333333334,8
expected_sarsa,Expected SARSA,0.85,2,p0.85_m2,0,4000,0.54,random8,8x8,0.9433333333333334,8
expected_sarsa,Expected SARSA,0.85,2,p0.85_m2,0,4500,0.8,random8,8x8,0.9433333333333334,8
expected_sarsa,Expected SARSA,0.85,2,p0.85_m2,0,5000,0.72,random8,8x8,0.9433333333333334,8
expected_sarsa,Expected SARSA,0.85,2,p0.85_m2,0,5500,0.44,random8,8x8,0.9433333333333334,8
expected_sarsa,Expected SARSA,0.85,2,p0.85_m2,0,6000,0.34,random8,8x8,0.9433333333333334,8
expected_sarsa,Expected SARSA,0.85,2,p0.85_m2,0,6500,0.66,random8,8x8,0.9433333333333334,8
expected_sarsa,Expected SARSA,0.85,2,p0.85_m2,0,7000,0.7,random8,8x8,0.9433333333333334,8
expected_sarsa,Expected SARSA,0.85,2,p0.85_m2,0,7500,0.66,random8,8x8,0.9433333333333334,8
expected_sarsa,Expected SARSA,0.85,2,p0.85_m2,0,8000,0.74,random8,8x8,0.9433333333333334,8
expected_sarsa,Expected SARSA,0.85,2,p0.85_m2,0,8500,0.62,random8,8x8,0.9433333333333334,8
expected_sarsa,Expected SARSA,0.85,2,p0.85_m2,0,9000,0.82,random8,8x8,0.9433333333333334,8
expected_sarsa,Expected SARSA,0.85,2,p0.85_m2,0,9500,0.74,random8,8x8,0.9433333333333334,8
expected_sarsa,Expected SARSA,0.85,2,p0.85_m2,0,10000,0.64,random8,8x8,0.9433333333333334,8
sarsa_lambda,SARSA(lambda),0.85,2,p0.85_m2,0,0,0.0,random8,8x8,0.9433333333333334,8
sarsa_lambda,SARSA(lambda),0.85,2,p0.85_m2,0,500,0.02,random8,8x8,0.9433333333333334,8
sarsa_lambda,SARSA(lambda),0.85,2,p0.85_m2,0,1000,0.1,random8,8x8,0.9433333333333334,8
sarsa_lambda,SARSA(lambda),0.85,2,p0.85_m2,0,1500,0.22,random8,8x8,0.9433333333333334,8
sarsa_lambda,SARSA(lambda),0.85,2,p0.85_m2,0,2000,0.62,random8,8x8,0.9433333333333334,8
sarsa_lambda,SARSA(lambda),0.85,2,p0.85_m2,0,2500,0.5,random8,8x8,0.9433333333333334,8
sarsa_lambda,SARSA(lambda),0.85,2,p0.85_m2,0,3000,0.18,random8,8x8,0.9433333333333334,8
sarsa_lambda,SARSA(lambda),0.85,2,p0.85_m2,0,3500,0.5,random8,8x8,0.9433333333333334,8
sarsa_lambda,SARSA(lambda),0.85,2,p0.85_m2,0,4000,0.04,random8,8x8,0.9433333333333334,8
sarsa_lambda,SARSA(lambda),0.85,2,p0.85_m2,0,4500,0.46,random8,8x8,0.9433333333333334,8
sarsa_lambda,SARSA(lambda),0.85,2,p0.85_m2,0,5000,0.4,random8,8x8,0.9433333333333334,8
sarsa_lambda,SARSA(lambda),0.85,2,p0.85_m2,0,5500,0.26,random8,8x8,0.9433333333333334,8
sarsa_lambda,SARSA(lambda),0.85,2,p0.85_m2,0,6000,0.54,random8,8x8,0.9433333333333334,8
sarsa_lambda,SARSA(lambda),0.85,2,p0.85_m2,0,6500,0.08,random8,8x8,0.9433333333333334,8
sarsa_lambda,SARSA(lambda),0.85,2,p0.85_m2,0,7000,0.7,random8,8x8,0.9433333333333334,8
sarsa_lambda,SARSA(lambda),0.85,2,p0.85_m2,0,7500,0.8,random8,8x8,0.9433333333333334,8
sarsa_lambda,SARSA(lambda),0.85,2,p0.85_m2,0,8000,0.28,random8,8x8,0.9433333333333334,8
sarsa_lambda,SARSA(lambda),0.85,2,p0.85_m2,0,8500,0.66,random8,8x8,0.9433333333333334,8
sarsa_lambda,SARSA(lambda),0.85,2,p0.85_m2,0,9000,0.74,random8,8x8,0.9433333333333334,8
sarsa_lambda,SARSA(lambda),0.85,2,p0.85_m2,0,9500,0.02,random8,8x8,0.9433333333333334,8
sarsa_lambda,SARSA(lambda),0.85,2,p0.85_m2,0,10000,0.68,random8,8x8,0.9433333333333334,8
q_lambda,Q(lambda),0.85,2,p0.85_m2,0,0,0.0,random8,8x8,0.9433333333333334,8
q_lambda,Q(lambda),0.85,2,p0.85_m2,0,500,0.0,random8,8x8,0.9433333333333334,8
q_lambda,Q(lambda),0.85,2,p0.85_m2,0,1000,0.0,random8,8x8,0.9433333333333334,8
q_lambda,Q(lambda),0.85,2,p0.85_m2,0,1500,0.0,random8,8x8,0.9433333333333334,8
q_lambda,Q(lambda),0.85,2,p0.85_m2,0,2000,0.02,random8,8x8,0.9433333333333334,8
q_lambda,Q(lambda),0.85,2,p0.85_m2,0,2500,0.2,random8,8x8,0.9433333333333334,8
q_lambda,Q(lambda),0.85,2,p0.85_m2,0,3000,0.46,random8,8x8,0.9433333333333334,8
q_lambda,Q(lambda),0.85,2,p0.85_m2,0,3500,0.46,random8,8x8,0.9433333333333334,8
q_lambda,Q(lambda),0.85,2,p0.85_m2,0,4000,0.32,random8,8x8,0.9433333333333334,8
q_lambda,Q(lambda),0.85,2,p0.85_m2,0,4500,0.3,random8,8x8,0.9433333333333334,8
q_lambda,Q(lambda),0.85,2,p0.85_m2,0,5000,0.76,random8,8x8,0.9433333333333334,8
q_lambda,Q(lambda),0.85,2,p0.85_m2,0,5500,0.28,random8,8x8,0.9433333333333334,8
q_lambda,Q(lambda),0.85,2,p0.85_m2,0,6000,0.76,random8,8x8,0.9433333333333334,8
q_lambda,Q(lambda),0.85,2,p0.85_m2,0,6500,0.66,random8,8x8,0.9433333333333334,8
q_lambda,Q(lambda),0.85,2,p0.85_m2,0,7000,0.38,random8,8x8,0.9433333333333334,8
q_lambda,Q(lambda),0.85,2,p0.85_m2,0,7500,0.4,random8,8x8,0.9433333333333334,8
q_lambda,Q(lambda),0.85,2,p0.85_m2,0,8000,0.8,random8,8x8,0.9433333333333334,8
q_lambda,Q(lambda),0.85,2,p0.85_m2,0,8500,0.88,random8,8x8,0.9433333333333334,8
q_lambda,Q(lambda),0.85,2,p0.85_m2,0,9000,0.82,random8,8x8,0.9433333333333334,8
q_lambda,Q(lambda),0.85,2,p0.85_m2,0,9500,0.5,random8,8x8,0.9433333333333334,8
q_lambda,Q(lambda),0.85,2,p0.85_m2,0,10000,0.32,random8,8x8,0.9433333333333334,8
optimistic_q,Optimistic Q,0.85,2,p0.85_m2,0,0,0.0,random8,8x8,0.9433333333333334,8
optimistic_q,Optimistic Q,0.85,2,p0.85_m2,0,500,0.48,random8,8x8,0.9433333333333334,8
optimistic_q,Optimistic Q,0.85,2,p0.85_m2,0,1000,0.54,random8,8x8,0.9433333333333334,8
optimistic_q,Optimistic Q,0.85,2,p0.85_m2,0,1500,0.94,random8,8x8,0.9433333333333334,8
optimistic_q,Optimistic Q,0.85,2,p0.85_m2,0,2000,0.92,random8,8x8,0.9433333333333334,8
optimistic_q,Optimistic Q,0.85,2,p0.85_m2,0,2500,0.96,random8,8x8,0.9433333333333334,8
optimistic_q,Optimistic Q,0.85,2,p0.85_m2,0,3000,0.9,random8,8x8,0.9433333333333334,8
optimistic_q,Optimistic Q,0.85,2,p0.85_m2,0,3500,0.9,random8,8x8,0.9433333333333334,8
optimistic_q,Optimistic Q,0.85,2,p0.85_m2,0,4000,0.94,random8,8x8,0.9433333333333334,8
optimistic_q,Optimistic Q,0.85,2,p0.85_m2,0,4500,0.92,random8,8x8,0.9433333333333334,8
optimistic_q,Optimistic Q,0.85,2,p0.85_m2,0,5000,0.96,random8,8x8,0.9433333333333334,8
optimistic_q,Optimistic Q,0.85,2,p0.85_m2,0,5500,0.92,random8,8x8,0.9433333333333334,8
optimistic_q,Optimistic Q,0.85,2,p0.85_m2,0,6000,0.88,random8,8x8,0.9433333333333334,8
optimistic_q,Optimistic Q,0.85,2,p0.85_m2,0,6500,0.8,random8,8x8,0.9433333333333334,8
optimistic_q,Optimistic Q,0.85,2,p0.85_m2,0,7000,0.96,random8,8x8,0.9433333333333334,8
optimistic_q,Optimistic Q,0.85,2,p0.85_m2,0,7500,0.88,random8,8x8,0.9433333333333334,8
optimistic_q,Optimistic Q,0.85,2,p0.85_m2,0,8000,0.88,random8,8x8,0.9433333333333334,8
optimistic_q,Optimistic Q,0.85,2,p0.85_m2,0,8500,0.94,random8,8x8,0.9433333333333334,8
optimistic_q,Optimistic Q,0.85,2,p0.85_m2,0,9000,0.9,random8,8x8,0.9433333333333334,8
optimistic_q,Optimistic Q,0.85,2,p0.85_m2,0,9500,0.9,random8,8x8,0.9433333333333334,8
optimistic_q,Optimistic Q,0.85,2,p0.85_m2,0,10000,0.92,random8,8x8,0.9433333333333334,8
dyna_q,Dyna-Q,0.85,2,p0.85_m2,0,0,0.0,random8,8x8,0.9433333333333334,8
dyna_q,Dyna-Q,0.85,2,p0.85_m2,0,500,0.0,random8,8x8,0.9433333333333334,8
dyna_q,Dyna-Q,0.85,2,p0.85_m2,0,1000,0.4,random8,8x8,0.9433333333333334,8
dyna_q,Dyna-Q,0.85,2,p0.85_m2,0,1500,0.78,random8,8x8,0.9433333333333334,8
dyna_q,Dyna-Q,0.85,2,p0.85_m2,0,2000,0.82,random8,8x8,0.9433333333333334,8
dyna_q,Dyna-Q,0.85,2,p0.85_m2,0,2500,0.84,random8,8x8,0.9433333333333334,8
dyna_q,Dyna-Q,0.85,2,p0.85_m2,0,3000,0.74,random8,8x8,0.9433333333333334,8
dyna_q,Dyna-Q,0.85,2,p0.85_m2,0,3500,0.66,random8,8x8,0.9433333333333334,8
dyna_q,Dyna-Q,0.85,2,p0.85_m2,0,4000,0.58,random8,8x8,0.9433333333333334,8
dyna_q,Dyna-Q,0.85,2,p0.85_m2,0,4500,0.72,random8,8x8,0.9433333333333334,8
dyna_q,Dyna-Q,0.85,2,p0.85_m2,0,5000,0.66,random8,8x8,0.9433333333333334,8
dyna_q,Dyna-Q,0.85,2,p0.85_m2,0,5500,0.36,random8,8x8,0.9433333333333334,8
dyna_q,Dyna-Q,0.85,2,p0.85_m2,0,6000,0.78,random8,8x8,0.9433333333333334,8
dyna_q,Dyna-Q,0.85,2,p0.85_m2,0,6500,0.28,random8,8x8,0.9433333333333334,8
dyna_q,Dyna-Q,0.85,2,p0.85_m2,0,7000,0.76,random8,8x8,0.9433333333333334,8
dyna_q,Dyna-Q,0.85,2,p0.85_m2,0,7500,0.6,random8,8x8,0.9433333333333334,8
dyna_q,Dyna-Q,0.85,2,p0.85_m2,0,8000,0.2,random8,8x8,0.9433333333333334,8
dyna_q,Dyna-Q,0.85,2,p0.85_m2,0,8500,0.54,random8,8x8,0.9433333333333334,8
dyna_q,Dyna-Q,0.85,2,p0.85_m2,0,9000,0.58,random8,8x8,0.9433333333333334,8
dyna_q,Dyna-Q,0.85,2,p0.85_m2,0,9500,0.4,random8,8x8,0.9433333333333334,8
dyna_q,Dyna-Q,0.85,2,p0.85_m2,0,10000,0.96,random8,8x8,0.9433333333333334,8
q_learning,Q-learning,0.85,3,p0.85_m3,0,0,0.0,random8,8x8,0.98,8
q_learning,Q-learning,0.85,3,p0.85_m3,0,500,0.12,random8,8x8,0.98,8
q_learning,Q-learning,0.85,3,p0.85_m3,0,1000,0.24,random8,8x8,0.98,8
q_learning,Q-learning,0.85,3,p0.85_m3,0,1500,0.32,random8,8x8,0.98,8
q_learning,Q-learning,0.85,3,p0.85_m3,0,2000,0.54,random8,8x8,0.98,8
q_learning,Q-learning,0.85,3,p0.85_m3,0,2500,0.56,random8,8x8,0.98,8
q_learning,Q-learning,0.85,3,p0.85_m3,0,3000,0.5,random8,8x8,0.98,8
q_learning,Q-learning,0.85,3,p0.85_m3,0,3500,0.8,random8,8x8,0.98,8
q_learning,Q-learning,0.85,3,p0.85_m3,0,4000,0.84,random8,8x8,0.98,8
q_learning,Q-learning,0.85,3,p0.85_m3,0,4500,0.86,random8,8x8,0.98,8
q_learning,Q-learning,0.85,3,p0.85_m3,0,5000,0.78,random8,8x8,0.98,8
q_learning,Q-learning,0.85,3,p0.85_m3,0,5500,0.88,random8,8x8,0.98,8
q_learning,Q-learning,0.85,3,p0.85_m3,0,6000,0.86,random8,8x8,0.98,8
q_learning,Q-learning,0.85,3,p0.85_m3,0,6500,0.84,random8,8x8,0.98,8
q_learning,Q-learning,0.85,3,p0.85_m3,0,7000,0.9,random8,8x8,0.98,8
q_learning,Q-learning,0.85,3,p0.85_m3,0,7500,0.9,random8,8x8,0.98,8
q_learning,Q-learning,0.85,3,p0.85_m3,0,8000,0.9,random8,8x8,0.98,8
q_learning,Q-learning,0.85,3,p0.85_m3,0,8500,0.9,random8,8x8,0.98,8
q_learning,Q-learning,0.85,3,p0.85_m3,0,9000,0.82,random8,8x8,0.98,8
q_learning,Q-learning,0.85,3,p0.85_m3,0,9500,0.92,random8,8x8,0.98,8
q_learning,Q-learning,0.85,3,p0.85_m3,0,10000,0.88,random8,8x8,0.98,8
sarsa,SARSA,0.85,3,p0.85_m3,0,0,0.0,random8,8x8,0.98,8
sarsa,SARSA,0.85,3,p0.85_m3,0,500,0.04,random8,8x8,0.98,8
sarsa,SARSA,0.85,3,p0.85_m3,0,1000,0.26,random8,8x8,0.98,8
sarsa,SARSA,0.85,3,p0.85_m3,0,1500,0.28,random8,8x8,0.98,8
sarsa,SARSA,0.85,3,p0.85_m3,0,2000,0.16,random8,8x8,0.98,8
sarsa,SARSA,0.85,3,p0.85_m3,0,2500,0.52,random8,8x8,0.98,8
sarsa,SARSA,0.85,3,p0.85_m3,0,3000,0.48,random8,8x8,0.98,8
sarsa,SARSA,0.85,3,p0.85_m3,0,3500,0.82,random8,8x8,0.98,8
sarsa,SARSA,0.85,3,p0.85_m3,0,4000,0.7,random8,8x8,0.98,8
sarsa,SARSA,0.85,3,p0.85_m3,0,4500,0.78,random8,8x8,0.98,8
sarsa,SARSA,0.85,3,p0.85_m3,0,5000,0.88,random8,8x8,0.98,8
sarsa,SARSA,0.85,3,p0.85_m3,0,5500,0.88,random8,8x8,0.98,8
sarsa,SARSA,0.85,3,p0.85_m3,0,6000,0.98,random8,8x8,0.98,8
sarsa,SARSA,0.85,3,p0.85_m3,0,6500,0.88,random8,8x8,0.98,8
sarsa,SARSA,0.85,3,p0.85_m3,0,7000,0.84,random8,8x8,0.98,8
sarsa,SARSA,0.85,3,p0.85_m3,0,7500,0.9,random8,8x8,0.98,8
sarsa,SARSA,0.85,3,p0.85_m3,0,8000,0.88,random8,8x8,0.98,8
sarsa,SARSA,0.85,3,p0.85_m3,0,8500,0.88,random8,8x8,0.98,8
sarsa,SARSA,0.85,3,p0.85_m3,0,9000,0.96,random8,8x8,0.98,8
sarsa,SARSA,0.85,3,p0.85_m3,0,9500,0.82,random8,8x8,0.98,8
sarsa,SARSA,0.85,3,p0.85_m3,0,10000,0.94,random8,8x8,0.98,8
expected_sarsa,Expected SARSA,0.85,3,p0.85_m3,0,0,0.0,random8,8x8,0.98,8
expected_sarsa,Expected SARSA,0.85,3,p0.85_m3,0,500,0.02,random8,8x8,0.98,8
expected_sarsa,Expected SARSA,0.85,3,p0.85_m3,0,1000,0.04,random8,8x8,0.98,8
expected_sarsa,Expected SARSA,0.85,3,p0.85_m3,0,1500,0.08,random8,8x8,0.98,8
expected_sarsa,Expected SARSA,0.85,3,p0.85_m3,0,2000,0.1,random8,8x8,0.98,8
expected_sarsa,Expected SARSA,0.85,3,p0.85_m3,0,2500,0.14,random8,8x8,0.98,8
expected_sarsa,Expected SARSA,0.85,3,p0.85_m3,0,3000,0.3,random8,8x8,0.98,8
expected_sarsa,Expected SARSA,0.85,3,p0.85_m3,0,3500,0.32,random8,8x8,0.98,8
expected_sarsa,Expected SARSA,0.85,3,p0.85_m3,0,4000,0.62,random8,8x8,0.98,8
expected_sarsa,Expected SARSA,0.85,3,p0.85_m3,0,4500,0.68,random8,8x8,0.98,8
expected_sarsa,Expected SARSA,0.85,3,p0.85_m3,0,5000,0.84,random8,8x8,0.98,8
expected_sarsa,Expected SARSA,0.85,3,p0.85_m3,0,5500,0.84,random8,8x8,0.98,8
expected_sarsa,Expected SARSA,0.85,3,p0.85_m3,0,6000,0.82,random8,8x8,0.98,8
expected_sarsa,Expected SARSA,0.85,3,p0.85_m3,0,6500,0.84,random8,8x8,0.98,8
expected_sarsa,Expected SARSA,0.85,3,p0.85_m3,0,7000,0.84,random8,8x8,0.98,8
expected_sarsa,Expected SARSA,0.85,3,p0.85_m3,0,7500,0.86,random8,8x8,0.98,8
expected_sarsa,Expected SARSA,0.85,3,p0.85_m3,0,8000,0.82,random8,8x8,0.98,8
expected_sarsa,Expected SARSA,0.85,3,p0.85_m3,0,8500,0.84,random8,8x8,0.98,8
expected_sarsa,Expected SARSA,0.85,3,p0.85_m3,0,9000,0.9,random8,8x8,0.98,8
expected_sarsa,Expected SARSA,0.85,3,p0.85_m3,0,9500,0.86,random8,8x8,0.98,8
expected_sarsa,Expected SARSA,0.85,3,p0.85_m3,0,10000,0.64,random8,8x8,0.98,8
sarsa_lambda,SARSA(lambda),0.85,3,p0.85_m3,0,0,0.0,random8,8x8,0.98,8
sarsa_lambda,SARSA(lambda),0.85,3,p0.85_m3,0,500,0.56,random8,8x8,0.98,8
sarsa_lambda,SARSA(lambda),0.85,3,p0.85_m3,0,1000,0.12,random8,8x8,0.98,8
sarsa_lambda,SARSA(lambda),0.85,3,p0.85_m3,0,1500,0.76,random8,8x8,0.98,8
sarsa_lambda,SARSA(lambda),0.85,3,p0.85_m3,0,2000,0.84,random8,8x8,0.98,8
sarsa_lambda,SARSA(lambda),0.85,3,p0.85_m3,0,2500,0.48,random8,8x8,0.98,8
sarsa_lambda,SARSA(lambda),0.85,3,p0.85_m3,0,3000,0.92,random8,8x8,0.98,8
sarsa_lambda,SARSA(lambda),0.85,3,p0.85_m3,0,3500,0.42,random8,8x8,0.98,8
sarsa_lambda,SARSA(lambda),0.85,3,p0.85_m3,0,4000,0.86,random8,8x8,0.98,8
sarsa_lambda,SARSA(lambda),0.85,3,p0.85_m3,0,4500,0.92,random8,8x8,0.98,8
sarsa_lambda,SARSA(lambda),0.85,3,p0.85_m3,0,5000,0.74,random8,8x8,0.98,8
sarsa_lambda,SARSA(lambda),0.85,3,p0.85_m3,0,5500,0.88,random8,8x8,0.98,8
sarsa_lambda,SARSA(lambda),0.85,3,p0.85_m3,0,6000,0.78,random8,8x8,0.98,8
sarsa_lambda,SARSA(lambda),0.85,3,p0.85_m3,0,6500,0.92,random8,8x8,0.98,8
sarsa_lambda,SARSA(lambda),0.85,3,p0.85_m3,0,7000,0.44,random8,8x8,0.98,8
sarsa_lambda,SARSA(lambda),0.85,3,p0.85_m3,0,7500,0.66,random8,8x8,0.98,8
sarsa_lambda,SARSA(lambda),0.85,3,p0.85_m3,0,8000,0.88,random8,8x8,0.98,8
sarsa_lambda,SARSA(lambda),0.85,3,p0.85_m3,0,8500,0.94,random8,8x8,0.98,8
sarsa_lambda,SARSA(lambda),0.85,3,p0.85_m3,0,9000,0.78,random8,8x8,0.98,8
sarsa_lambda,SARSA(lambda),0.85,3,p0.85_m3,0,9500,0.98,random8,8x8,0.98,8
sarsa_lambda,SARSA(lambda),0.85,3,p0.85_m3,0,10000,0.56,random8,8x8,0.98,8
q_lambda,Q(lambda),0.85,3,p0.85_m3,0,0,0.0,random8,8x8,0.98,8
q_lambda,Q(lambda),0.85,3,p0.85_m3,0,500,0.02,random8,8x8,0.98,8
q_lambda,Q(lambda),0.85,3,p0.85_m3,0,1000,0.1,random8,8x8,0.98,8
q_lambda,Q(lambda),0.85,3,p0.85_m3,0,1500,0.08,random8,8x8,0.98,8
q_lambda,Q(lambda),0.85,3,p0.85_m3,0,2000,0.36,random8,8x8,0.98,8
q_lambda,Q(lambda),0.85,3,p0.85_m3,0,2500,0.16,random8,8x8,0.98,8
q_lambda,Q(lambda),0.85,3,p0.85_m3,0,3000,0.6,random8,8x8,0.98,8
q_lambda,Q(lambda),0.85,3,p0.85_m3,0,3500,0.6,random8,8x8,0.98,8
q_lambda,Q(lambda),0.85,3,p0.85_m3,0,4000,0.74,random8,8x8,0.98,8
q_lambda,Q(lambda),0.85,3,p0.85_m3,0,4500,0.62,random8,8x8,0.98,8
q_lambda,Q(lambda),0.85,3,p0.85_m3,0,5000,0.82,random8,8x8,0.98,8
q_lambda,Q(lambda),0.85,3,p0.85_m3,0,5500,0.8,random8,8x8,0.98,8
q_lambda,Q(lambda),0.85,3,p0.85_m3,0,6000,0.74,random8,8x8,0.98,8
q_lambda,Q(lambda),0.85,3,p0.85_m3,0,6500,0.92,random8,8x8,0.98,8
q_lambda,Q(lambda),0.85,3,p0.85_m3,0,7000,0.88,random8,8x8,0.98,8
q_lambda,Q(lambda),0.85,3,p0.85_m3,0,7500,0.92,random8,8x8,0.98,8
q_lambda,Q(lambda),0.85,3,p0.85_m3,0,8000,0.66,random8,8x8,0.98,8
q_lambda,Q(lambda),0.85,3,p0.85_m3,0,8500,0.9,random8,8x8,0.98,8
q_lambda,Q(lambda),0.85,3,p0.85_m3,0,9000,0.9,random8,8x8,0.98,8
q_lambda,Q(lambda),0.85,3,p0.85_m3,0,9500,0.88,random8,8x8,0.98,8
q_lambda,Q(lambda),0.85,3,p0.85_m3,0,10000,0.76,random8,8x8,0.98,8
optimistic_q,Optimistic Q,0.85,3,p0.85_m3,0,0,0.0,random8,8x8,0.98,8
optimistic_q,Optimistic Q,0.85,3,p0.85_m3,0,500,0.7,random8,8x8,0.98,8
optimistic_q,Optimistic Q,0.85,3,p0.85_m3,0,1000,0.98,random8,8x8,0.98,8
optimistic_q,Optimistic Q,0.85,3,p0.85_m3,0,1500,0.98,random8,8x8,0.98,8
optimistic_q,Optimistic Q,0.85,3,p0.85_m3,0,2000,0.9,random8,8x8,0.98,8
optimistic_q,Optimistic Q,0.85,3,p0.85_m3,0,2500,0.98,random8,8x8,0.98,8
optimistic_q,Optimistic Q,0.85,3,p0.85_m3,0,3000,0.98,random8,8x8,0.98,8
optimistic_q,Optimistic Q,0.85,3,p0.85_m3,0,3500,0.98,random8,8x8,0.98,8
optimistic_q,Optimistic Q,0.85,3,p0.85_m3,0,4000,0.98,random8,8x8,0.98,8
optimistic_q,Optimistic Q,0.85,3,p0.85_m3,0,4500,0.98,random8,8x8,0.98,8
optimistic_q,Optimistic Q,0.85,3,p0.85_m3,0,5000,1.0,random8,8x8,0.98,8
optimistic_q,Optimistic Q,0.85,3,p0.85_m3,0,5500,0.98,random8,8x8,0.98,8
optimistic_q,Optimistic Q,0.85,3,p0.85_m3,0,6000,0.94,random8,8x8,0.98,8
optimistic_q,Optimistic Q,0.85,3,p0.85_m3,0,6500,0.98,random8,8x8,0.98,8
optimistic_q,Optimistic Q,0.85,3,p0.85_m3,0,7000,1.0,random8,8x8,0.98,8
optimistic_q,Optimistic Q,0.85,3,p0.85_m3,0,7500,1.0,random8,8x8,0.98,8
optimistic_q,Optimistic Q,0.85,3,p0.85_m3,0,8000,1.0,random8,8x8,0.98,8
optimistic_q,Optimistic Q,0.85,3,p0.85_m3,0,8500,0.98,random8,8x8,0.98,8
optimistic_q,Optimistic Q,0.85,3,p0.85_m3,0,9000,1.0,random8,8x8,0.98,8
optimistic_q,Optimistic Q,0.85,3,p0.85_m3,0,9500,0.9,random8,8x8,0.98,8
optimistic_q,Optimistic Q,0.85,3,p0.85_m3,0,10000,0.98,random8,8x8,0.98,8
dyna_q,Dyna-Q,0.85,3,p0.85_m3,0,0,0.0,random8,8x8,0.98,8
dyna_q,Dyna-Q,0.85,3,p0.85_m3,0,500,0.0,random8,8x8,0.98,8
dyna_q,Dyna-Q,0.85,3,p0.85_m3,0,1000,0.8,random8,8x8,0.98,8
dyna_q,Dyna-Q,0.85,3,p0.85_m3,0,1500,0.78,random8,8x8,0.98,8
dyna_q,Dyna-Q,0.85,3,p0.85_m3,0,2000,0.92,random8,8x8,0.98,8
dyna_q,Dyna-Q,0.85,3,p0.85_m3,0,2500,0.66,random8,8x8,0.98,8
dyna_q,Dyna-Q,0.85,3,p0.85_m3,0,3000,0.62,random8,8x8,0.98,8
dyna_q,Dyna-Q,0.85,3,p0.85_m3,0,3500,0.96,random8,8x8,0.98,8
dyna_q,Dyna-Q,0.85,3,p0.85_m3,0,4000,0.6,random8,8x8,0.98,8
dyna_q,Dyna-Q,0.85,3,p0.85_m3,0,4500,1.0,random8,8x8,0.98,8
dyna_q,Dyna-Q,0.85,3,p0.85_m3,0,5000,0.76,random8,8x8,0.98,8
dyna_q,Dyna-Q,0.85,3,p0.85_m3,0,5500,0.92,random8,8x8,0.98,8
dyna_q,Dyna-Q,0.85,3,p0.85_m3,0,6000,0.68,random8,8x8,0.98,8
dyna_q,Dyna-Q,0.85,3,p0.85_m3,0,6500,0.74,random8,8x8,0.98,8
dyna_q,Dyna-Q,0.85,3,p0.85_m3,0,7000,0.94,random8,8x8,0.98,8
dyna_q,Dyna-Q,0.85,3,p0.85_m3,0,7500,0.8,random8,8x8,0.98,8
dyna_q,Dyna-Q,0.85,3,p0.85_m3,0,8000,1.0,random8,8x8,0.98,8
dyna_q,Dyna-Q,0.85,3,p0.85_m3,0,8500,0.82,random8,8x8,0.98,8
dyna_q,Dyna-Q,0.85,3,p0.85_m3,0,9000,0.42,random8,8x8,0.98,8
dyna_q,Dyna-Q,0.85,3,p0.85_m3,0,9500,1.0,random8,8x8,0.98,8
dyna_q,Dyna-Q,0.85,3,p0.85_m3,0,10000,0.4,random8,8x8,0.98,8
q_learning,Q-learning,0.85,4,p0.85_m4,0,0,0.0,random8,8x8,1.0,7
q_learning,Q-learning,0.85,4,p0.85_m4,0,500,0.02,random8,8x8,1.0,7
q_learning,Q-learning,0.85,4,p0.85_m4,0,1000,0.08,random8,8x8,1.0,7
q_learning,Q-learning,0.85,4,p0.85_m4,0,1500,0.12,random8,8x8,1.0,7
q_learning,Q-learning,0.85,4,p0.85_m4,0,2000,0.06,random8,8x8,1.0,7
q_learning,Q-learning,0.85,4,p0.85_m4,0,2500,0.12,random8,8x8,1.0,7
q_learning,Q-learning,0.85,4,p0.85_m4,0,3000,0.1,random8,8x8,1.0,7
q_learning,Q-learning,0.85,4,p0.85_m4,0,3500,0.28,random8,8x8,1.0,7
q_learning,Q-learning,0.85,4,p0.85_m4,0,4000,0.24,random8,8x8,1.0,7
q_learning,Q-learning,0.85,4,p0.85_m4,0,4500,0.46,random8,8x8,1.0,7
q_learning,Q-learning,0.85,4,p0.85_m4,0,5000,0.48,random8,8x8,1.0,7
q_learning,Q-learning,0.85,4,p0.85_m4,0,5500,0.48,random8,8x8,1.0,7
q_learning,Q-learning,0.85,4,p0.85_m4,0,6000,0.56,random8,8x8,1.0,7
q_learning,Q-learning,0.85,4,p0.85_m4,0,6500,0.66,random8,8x8,1.0,7
q_learning,Q-learning,0.85,4,p0.85_m4,0,7000,0.8,random8,8x8,1.0,7
q_learning,Q-learning,0.85,4,p0.85_m4,0,7500,0.82,random8,8x8,1.0,7
q_learning,Q-learning,0.85,4,p0.85_m4,0,8000,0.92,random8,8x8,1.0,7
q_learning,Q-learning,0.85,4,p0.85_m4,0,8500,0.9,random8,8x8,1.0,7
q_learning,Q-learning,0.85,4,p0.85_m4,0,9000,0.86,random8,8x8,1.0,7
q_learning,Q-learning,0.85,4,p0.85_m4,0,9500,0.9,random8,8x8,1.0,7
q_learning,Q-learning,0.85,4,p0.85_m4,0,10000,0.94,random8,8x8,1.0,7
sarsa,SARSA,0.85,4,p0.85_m4,0,0,0.0,random8,8x8,1.0,7
sarsa,SARSA,0.85,4,p0.85_m4,0,500,0.0,random8,8x8,1.0,7
sarsa,SARSA,0.85,4,p0.85_m4,0,1000,0.06,random8,8x8,1.0,7
sarsa,SARSA,0.85,4,p0.85_m4,0,1500,0.06,random8,8x8,1.0,7
sarsa,SARSA,0.85,4,p0.85_m4,0,2000,0.04,random8,8x8,1.0,7
sarsa,SARSA,0.85,4,p0.85_m4,0,2500,0.06,random8,8x8,1.0,7
sarsa,SARSA,0.85,4,p0.85_m4,0,3000,0.08,random8,8x8,1.0,7
sarsa,SARSA,0.85,4,p0.85_m4,0,3500,0.16,random8,8x8,1.0,7
sarsa,SARSA,0.85,4,p0.85_m4,0,4000,0.12,random8,8x8,1.0,7
sarsa,SARSA,0.85,4,p0.85_m4,0,4500,0.18,random8,8x8,1.0,7
sarsa,SARSA,0.85,4,p0.85_m4,0,5000,0.22,random8,8x8,1.0,7
sarsa,SARSA,0.85,4,p0.85_m4,0,5500,0.14,random8,8x8,1.0,7
sarsa,SARSA,0.85,4,p0.85_m4,0,6000,0.2,random8,8x8,1.0,7
sarsa,SARSA,0.85,4,p0.85_m4,0,6500,0.26,random8,8x8,1.0,7
sarsa,SARSA,0.85,4,p0.85_m4,0,7000,0.88,random8,8x8,1.0,7
sarsa,SARSA,0.85,4,p0.85_m4,0,7500,0.8,random8,8x8,1.0,7
sarsa,SARSA,0.85,4,p0.85_m4,0,8000,0.94,random8,8x8,1.0,7
sarsa,SARSA,0.85,4,p0.85_m4,0,8500,0.94,random8,8x8,1.0,7
sarsa,SARSA,0.85,4,p0.85_m4,0,9000,0.96,random8,8x8,1.0,7
sarsa,SARSA,0.85,4,p0.85_m4,0,9500,0.9,random8,8x8,1.0,7
sarsa,SARSA,0.85,4,p0.85_m4,0,10000,0.98,random8,8x8,1.0,7
expected_sarsa,Expected SARSA,0.85,4,p0.85_m4,0,0,0.0,random8,8x8,1.0,7
expected_sarsa,Expected SARSA,0.85,4,p0.85_m4,0,500,0.04,random8,8x8,1.0,7
expected_sarsa,Expected SARSA,0.85,4,p0.85_m4,0,1000,0.06,random8,8x8,1.0,7
expected_sarsa,Expected SARSA,0.85,4,p0.85_m4,0,1500,0.06,random8,8x8,1.0,7
expected_sarsa,Expected SARSA,0.85,4,p0.85_m4,0,2000,0.12,random8,8x8,1.0,7
expected_sarsa,Expected SARSA,0.85,4,p0.85_m4,0,2500,0.12,random8,8x8,1.0,7
expected_sarsa,Expected SARSA,0.85,4,p0.85_m4,0,3000,0.3,random8,8x8,1.0,7
expected_sarsa,Expected SARSA,0.85,4,p0.85_m4,0,3500,0.32,random8,8x8,1.0,7
expected_sarsa,Expected SARSA,0.85,4,p0.85_m4,0,4000,0.24,random8,8x8,1.0,7
expected_sarsa,Expected SARSA,0.85,4,p0.85_m4,0,4500,0.34,random8,8x8,1.0,7
expected_sarsa,Expected SARSA,0.85,4,p0.85_m4,0,5000,0.4,random8,8x8,1.0,7
expected_sarsa,Expected SARSA,0.85,4,p0.85_m4,0,5500,0.56,random8,8x8,1.0,7
expected_sarsa,Expected SARSA,0.85,4,p0.85_m4,0,6000,0.68,random8,8x8,1.0,7
expected_sarsa,Expected SARSA,0.85,4,p0.85_m4,0,6500,0.76,random8,8x8,1.0,7
expected_sarsa,Expected SARSA,0.85,4,p0.85_m4,0,7000,0.84,random8,8x8,1.0,7
expected_sarsa,Expected SARSA,0.85,4,p0.85_m4,0,7500,0.88,random8,8x8,1.0,7
expected_sarsa,Expected SARSA,0.85,4,p0.85_m4,0,8000,0.8,random8,8x8,1.0,7
expected_sarsa,Expected SARSA,0.85,4,p0.85_m4,0,8500,0.9,random8,8x8,1.0,7
expected_sarsa,Expected SARSA,0.85,4,p0.85_m4,0,9000,0.96,random8,8x8,1.0,7
expected_sarsa,Expected SARSA,0.85,4,p0.85_m4,0,9500,0.96,random8,8x8,1.0,7
expected_sarsa,Expected SARSA,0.85,4,p0.85_m4,0,10000,0.94,random8,8x8,1.0,7
sarsa_lambda,SARSA(lambda),0.85,4,p0.85_m4,0,0,0.0,random8,8x8,1.0,7
sarsa_lambda,SARSA(lambda),0.85,4,p0.85_m4,0,500,0.62,random8,8x8,1.0,7
sarsa_lambda,SARSA(lambda),0.85,4,p0.85_m4,0,1000,0.54,random8,8x8,1.0,7
sarsa_lambda,SARSA(lambda),0.85,4,p0.85_m4,0,1500,0.66,random8,8x8,1.0,7
sarsa_lambda,SARSA(lambda),0.85,4,p0.85_m4,0,2000,0.26,random8,8x8,1.0,7
sarsa_lambda,SARSA(lambda),0.85,4,p0.85_m4,0,2500,0.8,random8,8x8,1.0,7
sarsa_lambda,SARSA(lambda),0.85,4,p0.85_m4,0,3000,0.78,random8,8x8,1.0,7
sarsa_lambda,SARSA(lambda),0.85,4,p0.85_m4,0,3500,0.84,random8,8x8,1.0,7
sarsa_lambda,SARSA(lambda),0.85,4,p0.85_m4,0,4000,0.82,random8,8x8,1.0,7
sarsa_lambda,SARSA(lambda),0.85,4,p0.85_m4,0,4500,0.88,random8,8x8,1.0,7
sarsa_lambda,SARSA(lambda),0.85,4,p0.85_m4,0,5000,0.86,random8,8x8,1.0,7
sarsa_lambda,SARSA(lambda),0.85,4,p0.85_m4,0,5500,0.86,random8,8x8,1.0,7
sarsa_lambda,SARSA(lambda),0.85,4,p0.85_m4,0,6000,0.98,random8,8x8,1.0,7
sarsa_lambda,SARSA(lambda),0.85,4,p0.85_m4,0,6500,0.92,random8,8x8,1.0,7
sarsa_lambda,SARSA(lambda),0.85,4,p0.85_m4,0,7000,1.0,random8,8x8,1.0,7
sarsa_lambda,SARSA(lambda),0.85,4,p0.85_m4,0,7500,0.98,random8,8x8,1.0,7
sarsa_lambda,SARSA(lambda),0.85,4,p0.85_m4,0,8000,0.98,random8,8x8,1.0,7
sarsa_lambda,SARSA(lambda),0.85,4,p0.85_m4,0,8500,0.96,random8,8x8,1.0,7
sarsa_lambda,SARSA(lambda),0.85,4,p0.85_m4,0,9000,0.9,random8,8x8,1.0,7
sarsa_lambda,SARSA(lambda),0.85,4,p0.85_m4,0,9500,0.64,random8,8x8,1.0,7
sarsa_lambda,SARSA(lambda),0.85,4,p0.85_m4,0,10000,0.96,random8,8x8,1.0,7
q_lambda,Q(lambda),0.85,4,p0.85_m4,0,0,0.0,random8,8x8,1.0,7
q_lambda,Q(lambda),0.85,4,p0.85_m4,0,500,0.1,random8,8x8,1.0,7
q_lambda,Q(lambda),0.85,4,p0.85_m4,0,1000,0.18,random8,8x8,1.0,7
q_lambda,Q(lambda),0.85,4,p0.85_m4,0,1500,0.32,random8,8x8,1.0,7
q_lambda,Q(lambda),0.85,4,p0.85_m4,0,2000,0.56,random8,8x8,1.0,7
q_lambda,Q(lambda),0.85,4,p0.85_m4,0,2500,0.58,random8,8x8,1.0,7
q_lambda,Q(lambda),0.85,4,p0.85_m4,0,3000,0.48,random8,8x8,1.0,7
q_lambda,Q(lambda),0.85,4,p0.85_m4,0,3500,0.7,random8,8x8,1.0,7
q_lambda,Q(lambda),0.85,4,p0.85_m4,0,4000,0.78,random8,8x8,1.0,7
q_lambda,Q(lambda),0.85,4,p0.85_m4,0,4500,0.72,random8,8x8,1.0,7
q_lambda,Q(lambda),0.85,4,p0.85_m4,0,5000,0.9,random8,8x8,1.0,7
q_lambda,Q(lambda),0.85,4,p0.85_m4,0,5500,0.68,random8,8x8,1.0,7
q_lambda,Q(lambda),0.85,4,p0.85_m4,0,6000,0.84,random8,8x8,1.0,7
q_lambda,Q(lambda),0.85,4,p0.85_m4,0,6500,0.86,random8,8x8,1.0,7
q_lambda,Q(lambda),0.85,4,p0.85_m4,0,7000,0.94,random8,8x8,1.0,7
q_lambda,Q(lambda),0.85,4,p0.85_m4,0,7500,0.96,random8,8x8,1.0,7
q_lambda,Q(lambda),0.85,4,p0.85_m4,0,8000,0.96,random8,8x8,1.0,7
q_lambda,Q(lambda),0.85,4,p0.85_m4,0,8500,0.94,random8,8x8,1.0,7
q_lambda,Q(lambda),0.85,4,p0.85_m4,0,9000,1.0,random8,8x8,1.0,7
q_lambda,Q(lambda),0.85,4,p0.85_m4,0,9500,0.96,random8,8x8,1.0,7
q_lambda,Q(lambda),0.85,4,p0.85_m4,0,10000,1.0,random8,8x8,1.0,7
optimistic_q,Optimistic Q,0.85,4,p0.85_m4,0,0,0.0,random8,8x8,1.0,7
optimistic_q,Optimistic Q,0.85,4,p0.85_m4,0,500,0.84,random8,8x8,1.0,7
optimistic_q,Optimistic Q,0.85,4,p0.85_m4,0,1000,0.98,random8,8x8,1.0,7
optimistic_q,Optimistic Q,0.85,4,p0.85_m4,0,1500,1.0,random8,8x8,1.0,7
optimistic_q,Optimistic Q,0.85,4,p0.85_m4,0,2000,1.0,random8,8x8,1.0,7
optimistic_q,Optimistic Q,0.85,4,p0.85_m4,0,2500,1.0,random8,8x8,1.0,7
optimistic_q,Optimistic Q,0.85,4,p0.85_m4,0,3000,1.0,random8,8x8,1.0,7
optimistic_q,Optimistic Q,0.85,4,p0.85_m4,0,3500,1.0,random8,8x8,1.0,7
optimistic_q,Optimistic Q,0.85,4,p0.85_m4,0,4000,1.0,random8,8x8,1.0,7
optimistic_q,Optimistic Q,0.85,4,p0.85_m4,0,4500,1.0,random8,8x8,1.0,7
optimistic_q,Optimistic Q,0.85,4,p0.85_m4,0,5000,1.0,random8,8x8,1.0,7
optimistic_q,Optimistic Q,0.85,4,p0.85_m4,0,5500,1.0,random8,8x8,1.0,7
optimistic_q,Optimistic Q,0.85,4,p0.85_m4,0,6000,1.0,random8,8x8,1.0,7
optimistic_q,Optimistic Q,0.85,4,p0.85_m4,0,6500,1.0,random8,8x8,1.0,7
optimistic_q,Optimistic Q,0.85,4,p0.85_m4,0,7000,1.0,random8,8x8,1.0,7
optimistic_q,Optimistic Q,0.85,4,p0.85_m4,0,7500,1.0,random8,8x8,1.0,7
optimistic_q,Optimistic Q,0.85,4,p0.85_m4,0,8000,0.94,random8,8x8,1.0,7
optimistic_q,Optimistic Q,0.85,4,p0.85_m4,0,8500,1.0,random8,8x8,1.0,7
optimistic_q,Optimistic Q,0.85,4,p0.85_m4,0,9000,1.0,random8,8x8,1.0,7
optimistic_q,Optimistic Q,0.85,4,p0.85_m4,0,9500,1.0,random8,8x8,1.0,7
optimistic_q,Optimistic Q,0.85,4,p0.85_m4,0,10000,1.0,random8,8x8,1.0,7
dyna_q,Dyna-Q,0.85,4,p0.85_m4,0,0,0.0,random8,8x8,1.0,7
dyna_q,Dyna-Q,0.85,4,p0.85_m4,0,500,0.84,random8,8x8,1.0,7
dyna_q,Dyna-Q,0.85,4,p0.85_m4,0,1000,0.4,random8,8x8,1.0,7
dyna_q,Dyna-Q,0.85,4,p0.85_m4,0,1500,0.94,random8,8x8,1.0,7
dyna_q,Dyna-Q,0.85,4,p0.85_m4,0,2000,0.94,random8,8x8,1.0,7
dyna_q,Dyna-Q,0.85,4,p0.85_m4,0,2500,0.9,random8,8x8,1.0,7
dyna_q,Dyna-Q,0.85,4,p0.85_m4,0,3000,0.84,random8,8x8,1.0,7
dyna_q,Dyna-Q,0.85,4,p0.85_m4,0,3500,1.0,random8,8x8,1.0,7
dyna_q,Dyna-Q,0.85,4,p0.85_m4,0,4000,1.0,random8,8x8,1.0,7
dyna_q,Dyna-Q,0.85,4,p0.85_m4,0,4500,0.72,random8,8x8,1.0,7
dyna_q,Dyna-Q,0.85,4,p0.85_m4,0,5000,0.9,random8,8x8,1.0,7
dyna_q,Dyna-Q,0.85,4,p0.85_m4,0,5500,1.0,random8,8x8,1.0,7
dyna_q,Dyna-Q,0.85,4,p0.85_m4,0,6000,0.66,random8,8x8,1.0,7
dyna_q,Dyna-Q,0.85,4,p0.85_m4,0,6500,0.82,random8,8x8,1.0,7
dyna_q,Dyna-Q,0.85,4,p0.85_m4,0,7000,0.98,random8,8x8,1.0,7
dyna_q,Dyna-Q,0.85,4,p0.85_m4,0,7500,0.62,random8,8x8,1.0,7
dyna_q,Dyna-Q,0.85,4,p0.85_m4,0,8000,0.94,random8,8x8,1.0,7
dyna_q,Dyna-Q,0.85,4,p0.85_m4,0,8500,1.0,random8,8x8,1.0,7
dyna_q,Dyna-Q,0.85,4,p0.85_m4,0,9000,1.0,random8,8x8,1.0,7
dyna_q,Dyna-Q,0.85,4,p0.85_m4,0,9500,0.98,random8,8x8,1.0,7
dyna_q,Dyna-Q,0.85,4,p0.85_m4,0,10000,0.9,random8,8x8,1.0,7
q_learning,Q-learning,0.9,0,p0.90_m0,0,0,0.0,random8,8x8,0.9733333333333334,7
q_learning,Q-learning,0.9,0,p0.90_m0,0,500,0.04,random8,8x8,0.9733333333333334,7
q_learning,Q-learning,0.9,0,p0.90_m0,0,1000,0.0,random8,8x8,0.9733333333333334,7
q_learning,Q-learning,0.9,0,p0.90_m0,0,1500,0.04,random8,8x8,0.9733333333333334,7
q_learning,Q-learning,0.9,0,p0.90_m0,0,2000,0.12,random8,8x8,0.9733333333333334,7
q_learning,Q-learning,0.9,0,p0.90_m0,0,2500,0.28,random8,8x8,0.9733333333333334,7
q_learning,Q-learning,0.9,0,p0.90_m0,0,3000,0.36,random8,8x8,0.9733333333333334,7
q_learning,Q-learning,0.9,0,p0.90_m0,0,3500,0.46,random8,8x8,0.9733333333333334,7
q_learning,Q-learning,0.9,0,p0.90_m0,0,4000,0.54,random8,8x8,0.9733333333333334,7
q_learning,Q-learning,0.9,0,p0.90_m0,0,4500,0.68,random8,8x8,0.9733333333333334,7
q_learning,Q-learning,0.9,0,p0.90_m0,0,5000,0.72,random8,8x8,0.9733333333333334,7
q_learning,Q-learning,0.9,0,p0.90_m0,0,5500,0.74,random8,8x8,0.9733333333333334,7
q_learning,Q-learning,0.9,0,p0.90_m0,0,6000,0.7,random8,8x8,0.9733333333333334,7
q_learning,Q-learning,0.9,0,p0.90_m0,0,6500,0.8,random8,8x8,0.9733333333333334,7
q_learning,Q-learning,0.9,0,p0.90_m0,0,7000,0.66,random8,8x8,0.9733333333333334,7
q_learning,Q-learning,0.9,0,p0.90_m0,0,7500,0.8,random8,8x8,0.9733333333333334,7
q_learning,Q-learning,0.9,0,p0.90_m0,0,8000,0.82,random8,8x8,0.9733333333333334,7
q_learning,Q-learning,0.9,0,p0.90_m0,0,8500,0.78,random8,8x8,0.9733333333333334,7
q_learning,Q-learning,0.9,0,p0.90_m0,0,9000,0.92,random8,8x8,0.9733333333333334,7
q_learning,Q-learning,0.9,0,p0.90_m0,0,9500,0.78,random8,8x8,0.9733333333333334,7
q_learning,Q-learning,0.9,0,p0.90_m0,0,10000,0.94,random8,8x8,0.9733333333333334,7
sarsa,SARSA,0.9,0,p0.90_m0,0,0,0.0,random8,8x8,0.9733333333333334,7
sarsa,SARSA,0.9,0,p0.90_m0,0,500,0.04,random8,8x8,0.9733333333333334,7
sarsa,SARSA,0.9,0,p0.90_m0,0,1000,0.0,random8,8x8,0.9733333333333334,7
sarsa,SARSA,0.9,0,p0.90_m0,0,1500,0.12,random8,8x8,0.9733333333333334,7
sarsa,SARSA,0.9,0,p0.90_m0,0,2000,0.18,random8,8x8,0.9733333333333334,7
sarsa,SARSA,0.9,0,p0.90_m0,0,2500,0.1,random8,8x8,0.9733333333333334,7
sarsa,SARSA,0.9,0,p0.90_m0,0,3000,0.16,random8,8x8,0.9733333333333334,7
sarsa,SARSA,0.9,0,p0.90_m0,0,3500,0.26,random8,8x8,0.9733333333333334,7
sarsa,SARSA,0.9,0,p0.90_m0,0,4000,0.42,random8,8x8,0.9733333333333334,7
sarsa,SARSA,0.9,0,p0.90_m0,0,4500,0.7,random8,8x8,0.9733333333333334,7
sarsa,SARSA,0.9,0,p0.90_m0,0,5000,0.74,random8,8x8,0.9733333333333334,7
sarsa,SARSA,0.9,0,p0.90_m0,0,5500,0.8,random8,8x8,0.9733333333333334,7
sarsa,SARSA,0.9,0,p0.90_m0,0,6000,0.84,random8,8x8,0.9733333333333334,7
sarsa,SARSA,0.9,0,p0.90_m0,0,6500,0.92,random8,8x8,0.9733333333333334,7
sarsa,SARSA,0.9,0,p0.90_m0,0,7000,0.9,random8,8x8,0.9733333333333334,7
sarsa,SARSA,0.9,0,p0.90_m0,0,7500,0.86,random8,8x8,0.9733333333333334,7
sarsa,SARSA,0.9,0,p0.90_m0,0,8000,0.78,random8,8x8,0.9733333333333334,7
sarsa,SARSA,0.9,0,p0.90_m0,0,8500,0.88,random8,8x8,0.9733333333333334,7
sarsa,SARSA,0.9,0,p0.90_m0,0,9000,0.92,random8,8x8,0.9733333333333334,7
sarsa,SARSA,0.9,0,p0.90_m0,0,9500,0.88,random8,8x8,0.9733333333333334,7
sarsa,SARSA,0.9,0,p0.90_m0,0,10000,0.88,random8,8x8,0.9733333333333334,7
expected_sarsa,Expected SARSA,0.9,0,p0.90_m0,0,0,0.0,random8,8x8,0.9733333333333334,7
expected_sarsa,Expected SARSA,0.9,0,p0.90_m0,0,500,0.0,random8,8x8,0.9733333333333334,7
expected_sarsa,Expected SARSA,0.9,0,p0.90_m0,0,1000,0.06,random8,8x8,0.9733333333333334,7
expected_sarsa,Expected SARSA,0.9,0,p0.90_m0,0,1500,0.04,random8,8x8,0.9733333333333334,7
expected_sarsa,Expected SARSA,0.9,0,p0.90_m0,0,2000,0.18,random8,8x8,0.9733333333333334,7
expected_sarsa,Expected SARSA,0.9,0,p0.90_m0,0,2500,0.14,random8,8x8,0.9733333333333334,7
expected_sarsa,Expected SARSA,0.9,0,p0.90_m0,0,3000,0.5,random8,8x8,0.9733333333333334,7
expected_sarsa,Expected SARSA,0.9,0,p0.90_m0,0,3500,0.52,random8,8x8,0.9733333333333334,7
expected_sarsa,Expected SARSA,0.9,0,p0.90_m0,0,4000,0.76,random8,8x8,0.9733333333333334,7
expected_sarsa,Expected SARSA,0.9,0,p0.90_m0,0,4500,0.62,random8,8x8,0.9733333333333334,7
expected_sarsa,Expected SARSA,0.9,0,p0.90_m0,0,5000,0.7,random8,8x8,0.9733333333333334,7
expected_sarsa,Expected SARSA,0.9,0,p0.90_m0,0,5500,0.92,random8,8x8,0.9733333333333334,7
expected_sarsa,Expected SARSA,0.9,0,p0.90_m0,0,6000,0.94,random8,8x8,0.9733333333333334,7
expected_sarsa,Expected SARSA,0.9,0,p0.90_m0,0,6500,0.9,random8,8x8,0.9733333333333334,7
expected_sarsa,Expected SARSA,0.9,0,p0.90_m0,0,7000,0.98,random8,8x8,0.9733333333333334,7
expected_sarsa,Expected SARSA,0.9,0,p0.90_m0,0,7500,0.86,random8,8x8,0.9733333333333334,7
expected_sarsa,Expected SARSA,0.9,0,p0.90_m0,0,8000,0.78,random8,8x8,0.9733333333333334,7
expected_sarsa,Expected SARSA,0.9,0,p0.90_m0,0,8500,0.82,random8,8x8,0.9733333333333334,7
expected_sarsa,Expected SARSA,0.9,0,p0.90_m0,0,9000,0.98,random8,8x8,0.9733333333333334,7
expected_sarsa,Expected SARSA,0.9,0,p0.90_m0,0,9500,0.86,random8,8x8,0.9733333333333334,7
expected_sarsa,Expected SARSA,0.9,0,p0.90_m0,0,10000,0.98,random8,8x8,0.9733333333333334,7
sarsa_lambda,SARSA(lambda),0.9,0,p0.90_m0,0,0,0.0,random8,8x8,0.9733333333333334,7
sarsa_lambda,SARSA(lambda),0.9,0,p0.90_m0,0,500,0.04,random8,8x8,0.9733333333333334,7
sarsa_lambda,SARSA(lambda),0.9,0,p0.90_m0,0,1000,0.2,random8,8x8,0.9733333333333334,7
sarsa_lambda,SARSA(lambda),0.9,0,p0.90_m0,0,1500,0.7,random8,8x8,0.9733333333333334,7
sarsa_lambda,SARSA(lambda),0.9,0,p0.90_m0,0,2000,0.3,random8,8x8,0.9733333333333334,7
sarsa_lambda,SARSA(lambda),0.9,0,p0.90_m0,0,2500,0.46,random8,8x8,0.9733333333333334,7
sarsa_lambda,SARSA(lambda),0.9,0,p0.90_m0,0,3000,0.24,random8,8x8,0.9733333333333334,7
sarsa_lambda,SARSA(lambda),0.9,0,p0.90_m0,0,3500,0.6,random8,8x8,0.9733333333333334,7
sarsa_lambda,SARSA(lambda),0.9,0,p0.90_m0,0,4000,0.72,random8,8x8,0.9733333333333334,7
sarsa_lambda,SARSA(lambda),0.9,0,p0.90_m0,0,4500,0.22,random8,8x8,0.9733333333333334,7
sarsa_lambda,SARSA(lambda),0.9,0,p0.90_m0,0,5000,0.14,random8,8x8,0.9733333333333334,7
sarsa_lambda,SARSA(lambda),0.9,0,p0.90_m0,0,5500,0.72,random8,8x8,0.9733333333333334,7
sarsa_lambda,SARSA(lambda),0.9,0,p0.90_m0,0,6000,0.8,random8,8x8,0.9733333333333334,7
sarsa_lambda,SARSA(lambda),0.9,0,p0.90_m0,0,6500,0.74,random8,8x8,0.9733333333333334,7
sarsa_lambda,SARSA(lambda),0.9,0,p0.90_m0,0,7000,0.84,random8,8x8,0.9733333333333334,7
sarsa_lambda,SARSA(lambda),0.9,0,p0.90_m0,0,7500,0.84,random8,8x8,0.9733333333333334,7
sarsa_lambda,SARSA(lambda),0.9,0,p0.90_m0,0,8000,0.86,random8,8x8,0.9733333333333334,7
sarsa_lambda,SARSA(lambda),0.9,0,p0.90_m0,0,8500,0.96,random8,8x8,0.9733333333333334,7
sarsa_lambda,SARSA(lambda),0.9,0,p0.90_m0,0,9000,0.96,random8,8x8,0.9733333333333334,7
sarsa_lambda,SARSA(lambda),0.9,0,p0.90_m0,0,9500,0.94,random8,8x8,0.9733333333333334,7
sarsa_lambda,SARSA(lambda),0.9,0,p0.90_m0,0,10000,0.72,random8,8x8,0.9733333333333334,7
q_lambda,Q(lambda),0.9,0,p0.90_m0,0,0,0.0,random8,8x8,0.9733333333333334,7
q_lambda,Q(lambda),0.9,0,p0.90_m0,0,500,0.0,random8,8x8,0.9733333333333334,7
q_lambda,Q(lambda),0.9,0,p0.90_m0,0,1000,0.08,random8,8x8,0.9733333333333334,7
q_lambda,Q(lambda),0.9,0,p0.90_m0,0,1500,0.08,random8,8x8,0.9733333333333334,7
q_lambda,Q(lambda),0.9,0,p0.90_m0,0,2000,0.02,random8,8x8,0.9733333333333334,7
q_lambda,Q(lambda),0.9,0,p0.90_m0,0,2500,0.08,random8,8x8,0.9733333333333334,7
q_lambda,Q(lambda),0.9,0,p0.90_m0,0,3000,0.24,random8,8x8,0.9733333333333334,7
q_lambda,Q(lambda),0.9,0,p0.90_m0,0,3500,0.38,random8,8x8,0.9733333333333334,7
q_lambda,Q(lambda),0.9,0,p0.90_m0,0,4000,0.46,random8,8x8,0.9733333333333334,7
q_lambda,Q(lambda),0.9,0,p0.90_m0,0,4500,0.4,random8,8x8,0.9733333333333334,7
q_lambda,Q(lambda),0.9,0,p0.90_m0,0,5000,0.72,random8,8x8,0.9733333333333334,7
q_lambda,Q(lambda),0.9,0,p0.90_m0,0,5500,0.64,random8,8x8,0.9733333333333334,7
q_lambda,Q(lambda),0.9,0,p0.90_m0,0,6000,0.54,random8,8x8,0.9733333333333334,7
q_lambda,Q(lambda),0.9,0,p0.90_m0,0,6500,0.76,random8,8x8,0.9733333333333334,7
q_lambda,Q(lambda),0.9,0,p0.90_m0,0,7000,0.58,random8,8x8,0.9733333333333334,7
q_lambda,Q(lambda),0.9,0,p0.90_m0,0,7500,0.76,random8,8x8,0.9733333333333334,7
q_lambda,Q(lambda),0.9,0,p0.90_m0,0,8000,0.96,random8,8x8,0.9733333333333334,7
q_lambda,Q(lambda),0.9,0,p0.90_m0,0,8500,0.9,random8,8x8,0.9733333333333334,7
q_lambda,Q(lambda),0.9,0,p0.90_m0,0,9000,0.88,random8,8x8,0.9733333333333334,7
q_lambda,Q(lambda),0.9,0,p0.90_m0,0,9500,0.94,random8,8x8,0.9733333333333334,7
q_lambda,Q(lambda),0.9,0,p0.90_m0,0,10000,0.86,random8,8x8,0.9733333333333334,7
optimistic_q,Optimistic Q,0.9,0,p0.90_m0,0,0,0.0,random8,8x8,0.9733333333333334,7
optimistic_q,Optimistic Q,0.9,0,p0.90_m0,0,500,0.84,random8,8x8,0.9733333333333334,7
optimistic_q,Optimistic Q,0.9,0,p0.90_m0,0,1000,0.98,random8,8x8,0.9733333333333334,7
optimistic_q,Optimistic Q,0.9,0,p0.90_m0,0,1500,0.98,random8,8x8,0.9733333333333334,7
optimistic_q,Optimistic Q,0.9,0,p0.90_m0,0,2000,1.0,random8,8x8,0.9733333333333334,7
optimistic_q,Optimistic Q,0.9,0,p0.90_m0,0,2500,0.98,random8,8x8,0.9733333333333334,7
optimistic_q,Optimistic Q,0.9,0,p0.90_m0,0,3000,0.98,random8,8x8,0.9733333333333334,7
optimistic_q,Optimistic Q,0.9,0,p0.90_m0,0,3500,0.88,random8,8x8,0.9733333333333334,7
optimistic_q,Optimistic Q,0.9,0,p0.90_m0,0,4000,1.0,random8,8x8,0.9733333333333334,7
optimistic_q,Optimistic Q,0.9,0,p0.90_m0,0,4500,1.0,random8,8x8,0.9733333333333334,7
optimistic_q,Optimistic Q,0.9,0,p0.90_m0,0,5000,0.98,random8,8x8,0.9733333333333334,7
optimistic_q,Optimistic Q,0.9,0,p0.90_m0,0,5500,0.98,random8,8x8,0.9733333333333334,7
optimistic_q,Optimistic Q,0.9,0,p0.90_m0,0,6000,1.0,random8,8x8,0.9733333333333334,7
optimistic_q,Optimistic Q,0.9,0,p0.90_m0,0,6500,0.96,random8,8x8,0.9733333333333334,7
optimistic_q,Optimistic Q,0.9,0,p0.90_m0,0,7000,1.0,random8,8x8,0.9733333333333334,7
optimistic_q,Optimistic Q,0.9,0,p0.90_m0,0,7500,1.0,random8,8x8,0.9733333333333334,7
optimistic_q,Optimistic Q,0.9,0,p0.90_m0,0,8000,0.94,random8,8x8,0.9733333333333334,7
optimistic_q,Optimistic Q,0.9,0,p0.90_m0,0,8500,1.0,random8,8x8,0.9733333333333334,7
optimistic_q,Optimistic Q,0.9,0,p0.90_m0,0,9000,1.0,random8,8x8,0.9733333333333334,7
optimistic_q,Optimistic Q,0.9,0,p0.90_m0,0,9500,1.0,random8,8x8,0.9733333333333334,7
optimistic_q,Optimistic Q,0.9,0,p0.90_m0,0,10000,0.96,random8,8x8,0.9733333333333334,7
dyna_q,Dyna-Q,0.9,0,p0.90_m0,0,0,0.0,random8,8x8,0.9733333333333334,7
dyna_q,Dyna-Q,0.9,0,p0.90_m0,0,500,0.82,random8,8x8,0.9733333333333334,7
dyna_q,Dyna-Q,0.9,0,p0.90_m0,0,1000,0.92,random8,8x8,0.9733333333333334,7
dyna_q,Dyna-Q,0.9,0,p0.90_m0,0,1500,0.76,random8,8x8,0.9733333333333334,7
dyna_q,Dyna-Q,0.9,0,p0.90_m0,0,2000,0.88,random8,8x8,0.9733333333333334,7
dyna_q,Dyna-Q,0.9,0,p0.90_m0,0,2500,0.94,random8,8x8,0.9733333333333334,7
dyna_q,Dyna-Q,0.9,0,p0.90_m0,0,3000,0.8,random8,8x8,0.9733333333333334,7
dyna_q,Dyna-Q,0.9,0,p0.90_m0,0,3500,0.96,random8,8x8,0.9733333333333334,7
dyna_q,Dyna-Q,0.9,0,p0.90_m0,0,4000,0.94,random8,8x8,0.9733333333333334,7
dyna_q,Dyna-Q,0.9,0,p0.90_m0,0,4500,0.92,random8,8x8,0.9733333333333334,7
dyna_q,Dyna-Q,0.9,0,p0.90_m0,0,5000,0.94,random8,8x8,0.9733333333333334,7
dyna_q,Dyna-Q,0.9,0,p0.90_m0,0,5500,0.98,random8,8x8,0.9733333333333334,7
dyna_q,Dyna-Q,0.9,0,p0.90_m0,0,6000,0.94,random8,8x8,0.9733333333333334,7
dyna_q,Dyna-Q,0.9,0,p0.90_m0,0,6500,0.86,random8,8x8,0.9733333333333334,7
dyna_q,Dyna-Q,0.9,0,p0.90_m0,0,7000,0.84,random8,8x8,0.9733333333333334,7
dyna_q,Dyna-Q,0.9,0,p0.90_m0,0,7500,0.84,random8,8x8,0.9733333333333334,7
dyna_q,Dyna-Q,0.9,0,p0.90_m0,0,8000,0.8,random8,8x8,0.9733333333333334,7
dyna_q,Dyna-Q,0.9,0,p0.90_m0,0,8500,0.88,random8,8x8,0.9733333333333334,7
dyna_q,Dyna-Q,0.9,0,p0.90_m0,0,9000,0.94,random8,8x8,0.9733333333333334,7
dyna_q,Dyna-Q,0.9,0,p0.90_m0,0,9500,0.92,random8,8x8,0.9733333333333334,7
dyna_q,Dyna-Q,0.9,0,p0.90_m0,0,10000,0.4,random8,8x8,0.9733333333333334,7
q_learning,Q-learning,0.9,1,p0.90_m1,0,0,0.0,random8,8x8,1.0,4
q_learning,Q-learning,0.9,1,p0.90_m1,0,500,0.78,random8,8x8,1.0,4
q_learning,Q-learning,0.9,1,p0.90_m1,0,1000,0.78,random8,8x8,1.0,4
q_learning,Q-learning,0.9,1,p0.90_m1,0,1500,0.94,random8,8x8,1.0,4
q_learning,Q-learning,0.9,1,p0.90_m1,0,2000,0.96,random8,8x8,1.0,4
q_learning,Q-learning,0.9,1,p0.90_m1,0,2500,0.88,random8,8x8,1.0,4
q_learning,Q-learning,0.9,1,p0.90_m1,0,3000,0.92,random8,8x8,1.0,4
q_learning,Q-learning,0.9,1,p0.90_m1,0,3500,0.84,random8,8x8,1.0,4
q_learning,Q-learning,0.9,1,p0.90_m1,0,4000,0.92,random8,8x8,1.0,4
q_learning,Q-learning,0.9,1,p0.90_m1,0,4500,0.94,random8,8x8,1.0,4
q_learning,Q-learning,0.9,1,p0.90_m1,0,5000,0.96,random8,8x8,1.0,4
q_learning,Q-learning,0.9,1,p0.90_m1,0,5500,1.0,random8,8x8,1.0,4
q_learning,Q-learning,0.9,1,p0.90_m1,0,6000,1.0,random8,8x8,1.0,4
q_learning,Q-learning,0.9,1,p0.90_m1,0,6500,1.0,random8,8x8,1.0,4
q_learning,Q-learning,0.9,1,p0.90_m1,0,7000,1.0,random8,8x8,1.0,4
q_learning,Q-learning,0.9,1,p0.90_m1,0,7500,1.0,random8,8x8,1.0,4
q_learning,Q-learning,0.9,1,p0.90_m1,0,8000,1.0,random8,8x8,1.0,4
q_learning,Q-learning,0.9,1,p0.90_m1,0,8500,0.96,random8,8x8,1.0,4
q_learning,Q-learning,0.9,1,p0.90_m1,0,9000,1.0,random8,8x8,1.0,4
q_learning,Q-learning,0.9,1,p0.90_m1,0,9500,1.0,random8,8x8,1.0,4
q_learning,Q-learning,0.9,1,p0.90_m1,0,10000,1.0,random8,8x8,1.0,4
sarsa,SARSA,0.9,1,p0.90_m1,0,0,0.0,random8,8x8,1.0,4
sarsa,SARSA,0.9,1,p0.90_m1,0,500,0.54,random8,8x8,1.0,4
sarsa,SARSA,0.9,1,p0.90_m1,0,1000,0.88,random8,8x8,1.0,4
sarsa,SARSA,0.9,1,p0.90_m1,0,1500,0.92,random8,8x8,1.0,4
sarsa,SARSA,0.9,1,p0.90_m1,0,2000,0.94,random8,8x8,1.0,4
sarsa,SARSA,0.9,1,p0.90_m1,0,2500,0.84,random8,8x8,1.0,4
sarsa,SARSA,0.9,1,p0.90_m1,0,3000,0.8,random8,8x8,1.0,4
sarsa,SARSA,0.9,1,p0.90_m1,0,3500,0.94,random8,8x8,1.0,4
sarsa,SARSA,0.9,1,p0.90_m1,0,4000,0.86,random8,8x8,1.0,4
sarsa,SARSA,0.9,1,p0.90_m1,0,4500,0.92,random8,8x8,1.0,4
sarsa,SARSA,0.9,1,p0.90_m1,0,5000,0.9,random8,8x8,1.0,4
sarsa,SARSA,0.9,1,p0.90_m1,0,5500,0.96,random8,8x8,1.0,4
sarsa,SARSA,0.9,1,p0.90_m1,0,6000,0.98,random8,8x8,1.0,4
sarsa,SARSA,0.9,1,p0.90_m1,0,6500,0.98,random8,8x8,1.0,4
sarsa,SARSA,0.9,1,p0.90_m1,0,7000,0.96,random8,8x8,1.0,4
sarsa,SARSA,0.9,1,p0.90_m1,0,7500,0.98,random8,8x8,1.0,4
sarsa,SARSA,0.9,1,p0.90_m1,0,8000,0.96,random8,8x8,1.0,4
sarsa,SARSA,0.9,1,p0.90_m1,0,8500,0.98,random8,8x8,1.0,4
sarsa,SARSA,0.9,1,p0.90_m1,0,9000,0.96,random8,8x8,1.0,4
sarsa,SARSA,0.9,1,p0.90_m1,0,9500,0.96,random8,8x8,1.0,4
sarsa,SARSA,0.9,1,p0.90_m1,0,10000,1.0,random8,8x8,1.0,4
expected_sarsa,Expected SARSA,0.9,1,p0.90_m1,0,0,0.0,random8,8x8,1.0,4
expected_sarsa,Expected SARSA,0.9,1,p0.90_m1,0,500,0.5,random8,8x8,1.0,4
expected_sarsa,Expected SARSA,0.9,1,p0.90_m1,0,1000,0.72,random8,8x8,1.0,4
expected_sarsa,Expected SARSA,0.9,1,p0.90_m1,0,1500,0.7,random8,8x8,1.0,4
expected_sarsa,Expected SARSA,0.9,1,p0.90_m1,0,2000,0.82,random8,8x8,1.0,4
expected_sarsa,Expected SARSA,0.9,1,p0.90_m1,0,2500,0.8,random8,8x8,1.0,4
expected_sarsa,Expected SARSA,0.9,1,p0.90_m1,0,3000,0.8,random8,8x8,1.0,4
expected_sarsa,Expected SARSA,0.9,1,p0.90_m1,0,3500,0.76,random8,8x8,1.0,4
expected_sarsa,Expected SARSA,0.9,1,p0.90_m1,0,4000,0.86,random8,8x8,1.0,4
expected_sarsa,Expected SARSA,0.9,1,p0.90_m1,0,4500,1.0,random8,8x8,1.0,4
expected_sarsa,Expected SARSA,0.9,1,p0.90_m1,0,5000,0.86,random8,8x8,1.0,4
expected_sarsa,Expected SARSA,0.9,1,p0.90_m1,0,5500,1.0,random8,8x8,1.0,4
expected_sarsa,Expected SARSA,0.9,1,p0.90_m1,0,6000,1.0,random8,8x8,1.0,4
expected_sarsa,Expected SARSA,0.9,1,p0.90_m1,0,6500,1.0,random8,8x8,1.0,4
expected_sarsa,Expected SARSA,0.9,1,p0.90_m1,0,7000,1.0,random8,8x8,1.0,4
expected_sarsa,Expected SARSA,0.9,1,p0.90_m1,0,7500,1.0,random8,8x8,1.0,4
expected_sarsa,Expected SARSA,0.9,1,p0.90_m1,0,8000,1.0,random8,8x8,1.0,4
expected_sarsa,Expected SARSA,0.9,1,p0.90_m1,0,8500,1.0,random8,8x8,1.0,4
expected_sarsa,Expected SARSA,0.9,1,p0.90_m1,0,9000,1.0,random8,8x8,1.0,4
expected_sarsa,Expected SARSA,0.9,1,p0.90_m1,0,9500,1.0,random8,8x8,1.0,4
expected_sarsa,Expected SARSA,0.9,1,p0.90_m1,0,10000,1.0,random8,8x8,1.0,4
sarsa_lambda,SARSA(lambda),0.9,1,p0.90_m1,0,0,0.0,random8,8x8,1.0,4
sarsa_lambda,SARSA(lambda),0.9,1,p0.90_m1,0,500,1.0,random8,8x8,1.0,4
sarsa_lambda,SARSA(lambda),0.9,1,p0.90_m1,0,1000,0.98,random8,8x8,1.0,4
sarsa_lambda,SARSA(lambda),0.9,1,p0.90_m1,0,1500,1.0,random8,8x8,1.0,4
sarsa_lambda,SARSA(lambda),0.9,1,p0.90_m1,0,2000,1.0,random8,8x8,1.0,4
sarsa_lambda,SARSA(lambda),0.9,1,p0.90_m1,0,2500,1.0,random8,8x8,1.0,4
sarsa_lambda,SARSA(lambda),0.9,1,p0.90_m1,0,3000,1.0,random8,8x8,1.0,4
sarsa_lambda,SARSA(lambda),0.9,1,p0.90_m1,0,3500,1.0,random8,8x8,1.0,4
sarsa_lambda,SARSA(lambda),0.9,1,p0.90_m1,0,4000,1.0,random8,8x8,1.0,4
sarsa_lambda,SARSA(lambda),0.9,1,p0.90_m1,0,4500,0.98,random8,8x8,1.0,4
sarsa_lambda,SARSA(lambda),0.9,1,p0.90_m1,0,5000,0.98,random8,8x8,1.0,4
sarsa_lambda,SARSA(lambda),0.9,1,p0.90_m1,0,5500,0.96,random8,8x8,1.0,4
sarsa_lambda,SARSA(lambda),0.9,1,p0.90_m1,0,6000,1.0,random8,8x8,1.0,4
sarsa_lambda,SARSA(lambda),0.9,1,p0.90_m1,0,6500,1.0,random8,8x8,1.0,4
sarsa_lambda,SARSA(lambda),0.9,1,p0.90_m1,0,7000,0.96,random8,8x8,1.0,4
sarsa_lambda,SARSA(lambda),0.9,1,p0.90_m1,0,7500,1.0,random8,8x8,1.0,4
sarsa_lambda,SARSA(lambda),0.9,1,p0.90_m1,0,8000,0.98,random8,8x8,1.0,4
sarsa_lambda,SARSA(lambda),0.9,1,p0.90_m1,0,8500,0.98,random8,8x8,1.0,4
sarsa_lambda,SARSA(lambda),0.9,1,p0.90_m1,0,9000,0.92,random8,8x8,1.0,4
sarsa_lambda,SARSA(lambda),0.9,1,p0.90_m1,0,9500,0.96,random8,8x8,1.0,4
sarsa_lambda,SARSA(lambda),0.9,1,p0.90_m1,0,10000,1.0,random8,8x8,1.0,4
q_lambda,Q(lambda),0.9,1,p0.90_m1,0,0,0.0,random8,8x8,1.0,4
q_lambda,Q(lambda),0.9,1,p0.90_m1,0,500,0.5,random8,8x8,1.0,4
q_lambda,Q(lambda),0.9,1,p0.90_m1,0,1000,0.86,random8,8x8,1.0,4
q_lambda,Q(lambda),0.9,1,p0.90_m1,0,1500,0.94,random8,8x8,1.0,4
q_lambda,Q(lambda),0.9,1,p0.90_m1,0,2000,1.0,random8,8x8,1.0,4
q_lambda,Q(lambda),0.9,1,p0.90_m1,0,2500,1.0,random8,8x8,1.0,4
q_lambda,Q(lambda),0.9,1,p0.90_m1,0,3000,1.0,random8,8x8,1.0,4
q_lambda,Q(lambda),0.9,1,p0.90_m1,0,3500,0.96,random8,8x8,1.0,4
q_lambda,Q(lambda),0.9,1,p0.90_m1,0,4000,0.98,random8,8x8,1.0,4
q_lambda,Q(lambda),0.9,1,p0.90_m1,0,4500,0.98,random8,8x8,1.0,4
q_lambda,Q(lambda),0.9,1,p0.90_m1,0,5000,1.0,random8,8x8,1.0,4
q_lambda,Q(lambda),0.9,1,p0.90_m1,0,5500,1.0,random8,8x8,1.0,4
q_lambda,Q(lambda),0.9,1,p0.90_m1,0,6000,0.9,random8,8x8,1.0,4
q_lambda,Q(lambda),0.9,1,p0.90_m1,0,6500,0.98,random8,8x8,1.0,4
q_lambda,Q(lambda),0.9,1,p0.90_m1,0,7000,0.96,random8,8x8,1.0,4
q_lambda,Q(lambda),0.9,1,p0.90_m1,0,7500,1.0,random8,8x8,1.0,4
q_lambda,Q(lambda),0.9,1,p0.90_m1,0,8000,1.0,random8,8x8,1.0,4
q_lambda,Q(lambda),0.9,1,p0.90_m1,0,8500,1.0,random8,8x8,1.0,4
q_lambda,Q(lambda),0.9,1,p0.90_m1,0,9000,1.0,random8,8x8,1.0,4
q_lambda,Q(lambda),0.9,1,p0.90_m1,0,9500,0.98,random8,8x8,1.0,4
q_lambda,Q(lambda),0.9,1,p0.90_m1,0,10000,1.0,random8,8x8,1.0,4
optimistic_q,Optimistic Q,0.9,1,p0.90_m1,0,0,0.0,random8,8x8,1.0,4
optimistic_q,Optimistic Q,0.9,1,p0.90_m1,0,500,1.0,random8,8x8,1.0,4
optimistic_q,Optimistic Q,0.9,1,p0.90_m1,0,1000,1.0,random8,8x8,1.0,4
optimistic_q,Optimistic Q,0.9,1,p0.90_m1,0,1500,1.0,random8,8x8,1.0,4
optimistic_q,Optimistic Q,0.9,1,p0.90_m1,0,2000,1.0,random8,8x8,1.0,4
optimistic_q,Optimistic Q,0.9,1,p0.90_m1,0,2500,1.0,random8,8x8,1.0,4
optimistic_q,Optimistic Q,0.9,1,p0.90_m1,0,3000,1.0,random8,8x8,1.0,4
optimistic_q,Optimistic Q,0.9,1,p0.90_m1,0,3500,1.0,random8,8x8,1.0,4
optimistic_q,Optimistic Q,0.9,1,p0.90_m1,0,4000,1.0,random8,8x8,1.0,4
optimistic_q,Optimistic Q,0.9,1,p0.90_m1,0,4500,1.0,random8,8x8,1.0,4
optimistic_q,Optimistic Q,0.9,1,p0.90_m1,0,5000,1.0,random8,8x8,1.0,4
optimistic_q,Optimistic Q,0.9,1,p0.90_m1,0,5500,1.0,random8,8x8,1.0,4
optimistic_q,Optimistic Q,0.9,1,p0.90_m1,0,6000,1.0,random8,8x8,1.0,4
optimistic_q,Optimistic Q,0.9,1,p0.90_m1,0,6500,1.0,random8,8x8,1.0,4
optimistic_q,Optimistic Q,0.9,1,p0.90_m1,0,7000,0.98,random8,8x8,1.0,4
optimistic_q,Optimistic Q,0.9,1,p0.90_m1,0,7500,1.0,random8,8x8,1.0,4
optimistic_q,Optimistic Q,0.9,1,p0.90_m1,0,8000,1.0,random8,8x8,1.0,4
optimistic_q,Optimistic Q,0.9,1,p0.90_m1,0,8500,1.0,random8,8x8,1.0,4
optimistic_q,Optimistic Q,0.9,1,p0.90_m1,0,9000,1.0,random8,8x8,1.0,4
optimistic_q,Optimistic Q,0.9,1,p0.90_m1,0,9500,1.0,random8,8x8,1.0,4
optimistic_q,Optimistic Q,0.9,1,p0.90_m1,0,10000,1.0,random8,8x8,1.0,4
dyna_q,Dyna-Q,0.9,1,p0.90_m1,0,0,0.0,random8,8x8,1.0,4
dyna_q,Dyna-Q,0.9,1,p0.90_m1,0,500,1.0,random8,8x8,1.0,4
dyna_q,Dyna-Q,0.9,1,p0.90_m1,0,1000,1.0,random8,8x8,1.0,4
dyna_q,Dyna-Q,0.9,1,p0.90_m1,0,1500,0.82,random8,8x8,1.0,4
dyna_q,Dyna-Q,0.9,1,p0.90_m1,0,2000,1.0,random8,8x8,1.0,4
dyna_q,Dyna-Q,0.9,1,p0.90_m1,0,2500,1.0,random8,8x8,1.0,4
dyna_q,Dyna-Q,0.9,1,p0.90_m1,0,3000,0.98,random8,8x8,1.0,4
dyna_q,Dyna-Q,0.9,1,p0.90_m1,0,3500,1.0,random8,8x8,1.0,4
dyna_q,Dyna-Q,0.9,1,p0.90_m1,0,4000,0.98,random8,8x8,1.0,4
dyna_q,Dyna-Q,0.9,1,p0.90_m1,0,4500,1.0,random8,8x8,1.0,4
dyna_q,Dyna-Q,0.9,1,p0.90_m1,0,5000,1.0,random8,8x8,1.0,4
dyna_q,Dyna-Q,0.9,1,p0.90_m1,0,5500,1.0,random8,8x8,1.0,4
dyna_q,Dyna-Q,0.9,1,p0.90_m1,0,6000,0.98,random8,8x8,1.0,4
dyna_q,Dyna-Q,0.9,1,p0.90_m1,0,6500,1.0,random8,8x8,1.0,4
dyna_q,Dyna-Q,0.9,1,p0.90_m1,0,7000,0.98,random8,8x8,1.0,4
dyna_q,Dyna-Q,0.9,1,p0.90_m1,0,7500,1.0,random8,8x8,1.0,4
dyna_q,Dyna-Q,0.9,1,p0.90_m1,0,8000,1.0,random8,8x8,1.0,4
dyna_q,Dyna-Q,0.9,1,p0.90_m1,0,8500,0.82,random8,8x8,1.0,4
dyna_q,Dyna-Q,0.9,1,p0.90_m1,0,9000,0.9,random8,8x8,1.0,4
dyna_q,Dyna-Q,0.9,1,p0.90_m1,0,9500,0.98,random8,8x8,1.0,4
dyna_q,Dyna-Q,0.9,1,p0.90_m1,0,10000,0.96,random8,8x8,1.0,4
q_learning,Q-learning,0.9,2,p0.90_m2,0,0,0.04,random8,8x8,1.0,6
q_learning,Q-learning,0.9,2,p0.90_m2,0,500,0.58,random8,8x8,1.0,6
q_learning,Q-learning,0.9,2,p0.90_m2,0,1000,0.94,random8,8x8,1.0,6
q_learning,Q-learning,0.9,2,p0.90_m2,0,1500,0.82,random8,8x8,1.0,6
q_learning,Q-learning,0.9,2,p0.90_m2,0,2000,1.0,random8,8x8,1.0,6
q_learning,Q-learning,0.9,2,p0.90_m2,0,2500,0.86,random8,8x8,1.0,6
q_learning,Q-learning,0.9,2,p0.90_m2,0,3000,0.9,random8,8x8,1.0,6
q_learning,Q-learning,0.9,2,p0.90_m2,0,3500,0.88,random8,8x8,1.0,6
q_learning,Q-learning,0.9,2,p0.90_m2,0,4000,0.96,random8,8x8,1.0,6
q_learning,Q-learning,0.9,2,p0.90_m2,0,4500,0.96,random8,8x8,1.0,6
q_learning,Q-learning,0.9,2,p0.90_m2,0,5000,0.98,random8,8x8,1.0,6
q_learning,Q-learning,0.9,2,p0.90_m2,0,5500,0.98,random8,8x8,1.0,6
q_learning,Q-learning,0.9,2,p0.90_m2,0,6000,0.96,random8,8x8,1.0,6
q_learning,Q-learning,0.9,2,p0.90_m2,0,6500,0.94,random8,8x8,1.0,6
q_learning,Q-learning,0.9,2,p0.90_m2,0,7000,1.0,random8,8x8,1.0,6
q_learning,Q-learning,0.9,2,p0.90_m2,0,7500,1.0,random8,8x8,1.0,6
q_learning,Q-learning,0.9,2,p0.90_m2,0,8000,1.0,random8,8x8,1.0,6
q_learning,Q-learning,0.9,2,p0.90_m2,0,8500,1.0,random8,8x8,1.0,6
q_learning,Q-learning,0.9,2,p0.90_m2,0,9000,1.0,random8,8x8,1.0,6
q_learning,Q-learning,0.9,2,p0.90_m2,0,9500,0.98,random8,8x8,1.0,6
q_learning,Q-learning,0.9,2,p0.90_m2,0,10000,1.0,random8,8x8,1.0,6
sarsa,SARSA,0.9,2,p0.90_m2,0,0,0.04,random8,8x8,1.0,6
sarsa,SARSA,0.9,2,p0.90_m2,0,500,0.28,random8,8x8,1.0,6
sarsa,SARSA,0.9,2,p0.90_m2,0,1000,0.28,random8,8x8,1.0,6
sarsa,SARSA,0.9,2,p0.90_m2,0,1500,0.44,random8,8x8,1.0,6
sarsa,SARSA,0.9,2,p0.90_m2,0,2000,0.4,random8,8x8,1.0,6
sarsa,SARSA,0.9,2,p0.90_m2,0,2500,0.6,random8,8x8,1.0,6
sarsa,SARSA,0.9,2,p0.90_m2,0,3000,0.42,random8,8x8,1.0,6
sarsa,SARSA,0.9,2,p0.90_m2,0,3500,0.64,random8,8x8,1.0,6
sarsa,SARSA,0.9,2,p0.90_m2,0,4000,0.64,random8,8x8,1.0,6
sarsa,SARSA,0.9,2,p0.90_m2,0,4500,0.76,random8,8x8,1.0,6
sarsa,SARSA,0.9,2,p0.90_m2,0,5000,0.74,random8,8x8,1.0,6
sarsa,SARSA,0.9,2,p0.90_m2,0,5500,0.72,random8,8x8,1.0,6
sarsa,SARSA,0.9,2,p0.90_m2,0,6000,0.9,random8,8x8,1.0,6
sarsa,SARSA,0.9,2,p0.90_m2,0,6500,0.86,random8,8x8,1.0,6
sarsa,SARSA,0.9,2,p0.90_m2,0,7000,0.9,random8,8x8,1.0,6
sarsa,SARSA,0.9,2,p0.90_m2,0,7500,0.84,random8,8x8,1.0,6
sarsa,SARSA,0.9,2,p0.90_m2,0,8000,0.9,random8,8x8,1.0,6
sarsa,SARSA,0.9,2,p0.90_m2,0,8500,0.84,random8,8x8,1.0,6
sarsa,SARSA,0.9,2,p0.90_m2,0,9000,0.72,random8,8x8,1.0,6
sarsa,SARSA,0.9,2,p0.90_m2,0,9500,0.96,random8,8x8,1.0,6
sarsa,SARSA,0.9,2,p0.90_m2,0,10000,0.82,random8,8x8,1.0,6
expected_sarsa,Expected SARSA,0.9,2,p0.90_m2,0,0,0.04,random8,8x8,1.0,6
expected_sarsa,Expected SARSA,0.9,2,p0.90_m2,0,500,0.42,random8,8x8,1.0,6
expected_sarsa,Expected SARSA,0.9,2,p0.90_m2,0,1000,0.78,random8,8x8,1.0,6
expected_sarsa,Expected SARSA,0.9,2,p0.90_m2,0,1500,0.7,random8,8x8,1.0,6
expected_sarsa,Expected SARSA,0.9,2,p0.90_m2,0,2000,0.64,random8,8x8,1.0,6
expected_sarsa,Expected SARSA,0.9,2,p0.90_m2,0,2500,0.72,random8,8x8,1.0,6
expected_sarsa,Expected SARSA,0.9,2,p0.90_m2,0,3000,0.7,random8,8x8,1.0,6
expected_sarsa,Expected SARSA,0.9,2,p0.90_m2,0,3500,0.74,random8,8x8,1.0,6
expected_sarsa,Expected SARSA,0.9,2,p0.90_m2,0,4000,0.82,random8,8x8,1.0,6
expected_sarsa,Expected SARSA,0.9,2,p0.90_m2,0,4500,0.86,random8,8x8,1.0,6
expected_sarsa,Expected SARSA,0.9,2,p0.90_m2,0,5000,0.92,random8,8x8,1.0,6
expected_sarsa,Expected SARSA,0.9,2,p0.90_m2,0,5500,0.92,random8,8x8,1.0,6
expected_sarsa,Expected SARSA,0.9,2,p0.90_m2,0,6000,0.9,random8,8x8,1.0,6
expected_sarsa,Expected SARSA,0.9,2,p0.90_m2,0,6500,0.9,random8,8x8,1.0,6
expected_sarsa,Expected SARSA,0.9,2,p0.90_m2,0,7000,0.86,random8,8x8,1.0,6
expected_sarsa,Expected SARSA,0.9,2,p0.90_m2,0,7500,1.0,random8,8x8,1.0,6
expected_sarsa,Expected SARSA,0.9,2,p0.90_m2,0,8000,0.86,random8,8x8,1.0,6
expected_sarsa,Expected SARSA,0.9,2,p0.90_m2,0,8500,0.96,random8,8x8,1.0,6
expected_sarsa,Expected SARSA,0.9,2,p0.90_m2,0,9000,0.92,random8,8x8,1.0,6
expected_sarsa,Expected SARSA,0.9,2,p0.90_m2,0,9500,0.94,random8,8x8,1.0,6
expected_sarsa,Expected SARSA,0.9,2,p0.90_m2,0,10000,0.92,random8,8x8,1.0,6
sarsa_lambda,SARSA(lambda),0.9,2,p0.90_m2,0,0,0.04,random8,8x8,1.0,6
sarsa_lambda,SARSA(lambda),0.9,2,p0.90_m2,0,500,0.6,random8,8x8,1.0,6
sarsa_lambda,SARSA(lambda),0.9,2,p0.90_m2,0,1000,0.86,random8,8x8,1.0,6
sarsa_lambda,SARSA(lambda),0.9,2,p0.90_m2,0,1500,0.88,random8,8x8,1.0,6
sarsa_lambda,SARSA(lambda),0.9,2,p0.90_m2,0,2000,0.9,random8,8x8,1.0,6
sarsa_lambda,SARSA(lambda),0.9,2,p0.90_m2,0,2500,0.98,random8,8x8,1.0,6
sarsa_lambda,SARSA(lambda),0.9,2,p0.90_m2,0,3000,0.96,random8,8x8,1.0,6
sarsa_lambda,SARSA(lambda),0.9,2,p0.90_m2,0,3500,0.96,random8,8x8,1.0,6
sarsa_lambda,SARSA(lambda),0.9,2,p0.90_m2,0,4000,1.0,random8,8x8,1.0,6
sarsa_lambda,SARSA(lambda),0.9,2,p0.90_m2,0,4500,0.96,random8,8x8,1.0,6
sarsa_lambda,SARSA(lambda),0.9,2,p0.90_m2,0,5000,0.96,random8,8x8,1.0,6
sarsa_lambda,SARSA(lambda),0.9,2,p0.90_m2,0,5500,0.9,random8,8x8,1.0,6
sarsa_lambda,SARSA(lambda),0.9,2,p0.90_m2,0,6000,0.96,random8,8x8,1.0,6
sarsa_lambda,SARSA(lambda),0.9,2,p0.90_m2,0,6500,0.58,random8,8x8,1.0,6
sarsa_lambda,SARSA(lambda),0.9,2,p0.90_m2,0,7000,0.98,random8,8x8,1.0,6
sarsa_lambda,SARSA(lambda),0.9,2,p0.90_m2,0,7500,0.94,random8,8x8,1.0,6
sarsa_lambda,SARSA(lambda),0.9,2,p0.90_m2,0,8000,1.0,random8,8x8,1.0,6
sarsa_lambda,SARSA(lambda),0.9,2,p0.90_m2,0,8500,0.98,random8,8x8,1.0,6
sarsa_lambda,SARSA(lambda),0.9,2,p0.90_m2,0,9000,0.86,random8,8x8,1.0,6
sarsa_lambda,SARSA(lambda),0.9,2,p0.90_m2,0,9500,0.84,random8,8x8,1.0,6
sarsa_lambda,SARSA(lambda),0.9,2,p0.90_m2,0,10000,0.92,random8,8x8,1.0,6
q_lambda,Q(lambda),0.9,2,p0.90_m2,0,0,0.04,random8,8x8,1.0,6
q_lambda,Q(lambda),0.9,2,p0.90_m2,0,500,0.72,random8,8x8,1.0,6
q_lambda,Q(lambda),0.9,2,p0.90_m2,0,1000,0.9,random8,8x8,1.0,6
q_lambda,Q(lambda),0.9,2,p0.90_m2,0,1500,0.88,random8,8x8,1.0,6
q_lambda,Q(lambda),0.9,2,p0.90_m2,0,2000,0.86,random8,8x8,1.0,6
q_lambda,Q(lambda),0.9,2,p0.90_m2,0,2500,0.78,random8,8x8,1.0,6
q_lambda,Q(lambda),0.9,2,p0.90_m2,0,3000,0.84,random8,8x8,1.0,6
q_lambda,Q(lambda),0.9,2,p0.90_m2,0,3500,0.9,random8,8x8,1.0,6
q_lambda,Q(lambda),0.9,2,p0.90_m2,0,4000,0.94,random8,8x8,1.0,6
q_lambda,Q(lambda),0.9,2,p0.90_m2,0,4500,0.98,random8,8x8,1.0,6
q_lambda,Q(lambda),0.9,2,p0.90_m2,0,5000,0.92,random8,8x8,1.0,6
q_lambda,Q(lambda),0.9,2,p0.90_m2,0,5500,0.94,random8,8x8,1.0,6
q_lambda,Q(lambda),0.9,2,p0.90_m2,0,6000,0.94,random8,8x8,1.0,6
q_lambda,Q(lambda),0.9,2,p0.90_m2,0,6500,0.96,random8,8x8,1.0,6
q_lambda,Q(lambda),0.9,2,p0.90_m2,0,7000,0.96,random8,8x8,1.0,6
q_lambda,Q(lambda),0.9,2,p0.90_m2,0,7500,0.94,random8,8x8,1.0,6
q_lambda,Q(lambda),0.9,2,p0.90_m2,0,8000,0.98,random8,8x8,1.0,6
q_lambda,Q(lambda),0.9,2,p0.90_m2,0,8500,0.96,random8,8x8,1.0,6
q_lambda,Q(lambda),0.9,2,p0.90_m2,0,9000,0.98,random8,8x8,1.0,6
q_lambda,Q(lambda),0.9,2,p0.90_m2,0,9500,0.96,random8,8x8,1.0,6
q_lambda,Q(lambda),0.9,2,p0.90_m2,0,10000,1.0,random8,8x8,1.0,6
optimistic_q,Optimistic Q,0.9,2,p0.90_m2,0,0,0.04,random8,8x8,1.0,6
optimistic_q,Optimistic Q,0.9,2,p0.90_m2,0,500,0.92,random8,8x8,1.0,6
optimistic_q,Optimistic Q,0.9,2,p0.90_m2,0,1000,1.0,random8,8x8,1.0,6
optimistic_q,Optimistic Q,0.9,2,p0.90_m2,0,1500,1.0,random8,8x8,1.0,6
optimistic_q,Optimistic Q,0.9,2,p0.90_m2,0,2000,1.0,random8,8x8,1.0,6
optimistic_q,Optimistic Q,0.9,2,p0.90_m2,0,2500,1.0,random8,8x8,1.0,6
optimistic_q,Optimistic Q,0.9,2,p0.90_m2,0,3000,1.0,random8,8x8,1.0,6
optimistic_q,Optimistic Q,0.9,2,p0.90_m2,0,3500,1.0,random8,8x8,1.0,6
optimistic_q,Optimistic Q,0.9,2,p0.90_m2,0,4000,1.0,random8,8x8,1.0,6
optimistic_q,Optimistic Q,0.9,2,p0.90_m2,0,4500,1.0,random8,8x8,1.0,6
optimistic_q,Optimistic Q,0.9,2,p0.90_m2,0,5000,1.0,random8,8x8,1.0,6
optimistic_q,Optimistic Q,0.9,2,p0.90_m2,0,5500,1.0,random8,8x8,1.0,6
optimistic_q,Optimistic Q,0.9,2,p0.90_m2,0,6000,1.0,random8,8x8,1.0,6
optimistic_q,Optimistic Q,0.9,2,p0.90_m2,0,6500,1.0,random8,8x8,1.0,6
optimistic_q,Optimistic Q,0.9,2,p0.90_m2,0,7000,1.0,random8,8x8,1.0,6
optimistic_q,Optimistic Q,0.9,2,p0.90_m2,0,7500,0.98,random8,8x8,1.0,6
optimistic_q,Optimistic Q,0.9,2,p0.90_m2,0,8000,1.0,random8,8x8,1.0,6
optimistic_q,Optimistic Q,0.9,2,p0.90_m2,0,8500,1.0,random8,8x8,1.0,6
optimistic_q,Optimistic Q,0.9,2,p0.90_m2,0,9000,1.0,random8,8x8,1.0,6
optimistic_q,Optimistic Q,0.9,2,p0.90_m2,0,9500,1.0,random8,8x8,1.0,6
optimistic_q,Optimistic Q,0.9,2,p0.90_m2,0,10000,1.0,random8,8x8,1.0,6
dyna_q,Dyna-Q,0.9,2,p0.90_m2,0,0,0.04,random8,8x8,1.0,6
dyna_q,Dyna-Q,0.9,2,p0.90_m2,0,500,0.38,random8,8x8,1.0,6
dyna_q,Dyna-Q,0.9,2,p0.90_m2,0,1000,0.94,random8,8x8,1.0,6
dyna_q,Dyna-Q,0.9,2,p0.90_m2,0,1500,1.0,random8,8x8,1.0,6
dyna_q,Dyna-Q,0.9,2,p0.90_m2,0,2000,0.86,random8,8x8,1.0,6
dyna_q,Dyna-Q,0.9,2,p0.90_m2,0,2500,1.0,random8,8x8,1.0,6
dyna_q,Dyna-Q,0.9,2,p0.90_m2,0,3000,0.86,random8,8x8,1.0,6
dyna_q,Dyna-Q,0.9,2,p0.90_m2,0,3500,0.84,random8,8x8,1.0,6
dyna_q,Dyna-Q,0.9,2,p0.90_m2,0,4000,0.68,random8,8x8,1.0,6
dyna_q,Dyna-Q,0.9,2,p0.90_m2,0,4500,0.98,random8,8x8,1.0,6
dyna_q,Dyna-Q,0.9,2,p0.90_m2,0,5000,1.0,random8,8x8,1.0,6
dyna_q,Dyna-Q,0.9,2,p0.90_m2,0,5500,1.0,random8,8x8,1.0,6
dyna_q,Dyna-Q,0.9,2,p0.90_m2,0,6000,1.0,random8,8x8,1.0,6
dyna_q,Dyna-Q,0.9,2,p0.90_m2,0,6500,0.98,random8,8x8,1.0,6
dyna_q,Dyna-Q,0.9,2,p0.90_m2,0,7000,0.92,random8,8x8,1.0,6
dyna_q,Dyna-Q,0.9,2,p0.90_m2,0,7500,1.0,random8,8x8,1.0,6
dyna_q,Dyna-Q,0.9,2,p0.90_m2,0,8000,1.0,random8,8x8,1.0,6
dyna_q,Dyna-Q,0.9,2,p0.90_m2,0,8500,0.92,random8,8x8,1.0,6
dyna_q,Dyna-Q,0.9,2,p0.90_m2,0,9000,0.64,random8,8x8,1.0,6
dyna_q,Dyna-Q,0.9,2,p0.90_m2,0,9500,1.0,random8,8x8,1.0,6
dyna_q,Dyna-Q,0.9,2,p0.90_m2,0,10000,0.98,random8,8x8,1.0,6
q_learning,Q-learning,0.9,3,p0.90_m3,0,0,0.1,random8,8x8,1.0,3
q_learning,Q-learning,0.9,3,p0.90_m3,0,500,0.9,random8,8x8,1.0,3
q_learning,Q-learning,0.9,3,p0.90_m3,0,1000,0.94,random8,8x8,1.0,3
q_learning,Q-learning,0.9,3,p0.90_m3,0,1500,0.9,random8,8x8,1.0,3
q_learning,Q-learning,0.9,3,p0.90_m3,0,2000,0.98,random8,8x8,1.0,3
q_learning,Q-learning,0.9,3,p0.90_m3,0,2500,0.98,random8,8x8,1.0,3
q_learning,Q-learning,0.9,3,p0.90_m3,0,3000,0.94,random8,8x8,1.0,3
q_learning,Q-learning,0.9,3,p0.90_m3,0,3500,0.98,random8,8x8,1.0,3
q_learning,Q-learning,0.9,3,p0.90_m3,0,4000,0.96,random8,8x8,1.0,3
q_learning,Q-learning,0.9,3,p0.90_m3,0,4500,0.98,random8,8x8,1.0,3
q_learning,Q-learning,0.9,3,p0.90_m3,0,5000,0.98,random8,8x8,1.0,3
q_learning,Q-learning,0.9,3,p0.90_m3,0,5500,1.0,random8,8x8,1.0,3
q_learning,Q-learning,0.9,3,p0.90_m3,0,6000,0.96,random8,8x8,1.0,3
q_learning,Q-learning,0.9,3,p0.90_m3,0,6500,0.98,random8,8x8,1.0,3
q_learning,Q-learning,0.9,3,p0.90_m3,0,7000,0.98,random8,8x8,1.0,3
q_learning,Q-learning,0.9,3,p0.90_m3,0,7500,0.98,random8,8x8,1.0,3
q_learning,Q-learning,0.9,3,p0.90_m3,0,8000,0.92,random8,8x8,1.0,3
q_learning,Q-learning,0.9,3,p0.90_m3,0,8500,0.98,random8,8x8,1.0,3
q_learning,Q-learning,0.9,3,p0.90_m3,0,9000,0.94,random8,8x8,1.0,3
q_learning,Q-learning,0.9,3,p0.90_m3,0,9500,0.94,random8,8x8,1.0,3
q_learning,Q-learning,0.9,3,p0.90_m3,0,10000,0.96,random8,8x8,1.0,3
sarsa,SARSA,0.9,3,p0.90_m3,0,0,0.1,random8,8x8,1.0,3
sarsa,SARSA,0.9,3,p0.90_m3,0,500,0.9,random8,8x8,1.0,3
sarsa,SARSA,0.9,3,p0.90_m3,0,1000,0.94,random8,8x8,1.0,3
sarsa,SARSA,0.9,3,p0.90_m3,0,1500,0.94,random8,8x8,1.0,3
sarsa,SARSA,0.9,3,p0.90_m3,0,2000,0.9,random8,8x8,1.0,3
sarsa,SARSA,0.9,3,p0.90_m3,0,2500,0.92,random8,8x8,1.0,3
sarsa,SARSA,0.9,3,p0.90_m3,0,3000,0.88,random8,8x8,1.0,3
sarsa,SARSA,0.9,3,p0.90_m3,0,3500,1.0,random8,8x8,1.0,3
sarsa,SARSA,0.9,3,p0.90_m3,0,4000,0.92,random8,8x8,1.0,3
sarsa,SARSA,0.9,3,p0.90_m3,0,4500,1.0,random8,8x8,1.0,3
sarsa,SARSA,0.9,3,p0.90_m3,0,5000,1.0,random8,8x8,1.0,3
sarsa,SARSA,0.9,3,p0.90_m3,0,5500,0.96,random8,8x8,1.0,3
sarsa,SARSA,0.9,3,p0.90_m3,0,6000,0.98,random8,8x8,1.0,3
sarsa,SARSA,0.9,3,p0.90_m3,0,6500,0.96,random8,8x8,1.0,3
sarsa,SARSA,0.9,3,p0.90_m3,0,7000,1.0,random8,8x8,1.0,3
sarsa,SARSA,0.9,3,p0.90_m3,0,7500,1.0,random8,8x8,1.0,3
sarsa,SARSA,0.9,3,p0.90_m3,0,8000,0.92,random8,8x8,1.0,3
sarsa,SARSA,0.9,3,p0.90_m3,0,8500,1.0,random8,8x8,1.0,3
sarsa,SARSA,0.9,3,p0.90_m3,0,9000,0.98,random8,8x8,1.0,3
sarsa,SARSA,0.9,3,p0.90_m3,0,9500,1.0,random8,8x8,1.0,3
sarsa,SARSA,0.9,3,p0.90_m3,0,10000,0.98,random8,8x8,1.0,3
expected_sarsa,Expected SARSA,0.9,3,p0.90_m3,0,0,0.1,random8,8x8,1.0,3
expected_sarsa,Expected SARSA,0.9,3,p0.90_m3,0,500,0.56,random8,8x8,1.0,3
expected_sarsa,Expected SARSA,0.9,3,p0.90_m3,0,1000,0.86,random8,8x8,1.0,3
expected_sarsa,Expected SARSA,0.9,3,p0.90_m3,0,1500,0.96,random8,8x8,1.0,3
expected_sarsa,Expected SARSA,0.9,3,p0.90_m3,0,2000,0.92,random8,8x8,1.0,3
expected_sarsa,Expected SARSA,0.9,3,p0.90_m3,0,2500,0.94,random8,8x8,1.0,3
expected_sarsa,Expected SARSA,0.9,3,p0.90_m3,0,3000,1.0,random8,8x8,1.0,3
expected_sarsa,Expected SARSA,0.9,3,p0.90_m3,0,3500,0.96,random8,8x8,1.0,3
expected_sarsa,Expected SARSA,0.9,3,p0.90_m3,0,4000,1.0,random8,8x8,1.0,3
expected_sarsa,Expected SARSA,0.9,3,p0.90_m3,0,4500,1.0,random8,8x8,1.0,3
expected_sarsa,Expected SARSA,0.9,3,p0.90_m3,0,5000,1.0,random8,8x8,1.0,3
expected_sarsa,Expected SARSA,0.9,3,p0.90_m3,0,5500,1.0,random8,8x8,1.0,3
expected_sarsa,Expected SARSA,0.9,3,p0.90_m3,0,6000,1.0,random8,8x8,1.0,3
expected_sarsa,Expected SARSA,0.9,3,p0.90_m3,0,6500,0.98,random8,8x8,1.0,3
expected_sarsa,Expected SARSA,0.9,3,p0.90_m3,0,7000,1.0,random8,8x8,1.0,3
expected_sarsa,Expected SARSA,0.9,3,p0.90_m3,0,7500,1.0,random8,8x8,1.0,3
expected_sarsa,Expected SARSA,0.9,3,p0.90_m3,0,8000,1.0,random8,8x8,1.0,3
expected_sarsa,Expected SARSA,0.9,3,p0.90_m3,0,8500,1.0,random8,8x8,1.0,3
expected_sarsa,Expected SARSA,0.9,3,p0.90_m3,0,9000,0.98,random8,8x8,1.0,3
expected_sarsa,Expected SARSA,0.9,3,p0.90_m3,0,9500,1.0,random8,8x8,1.0,3
expected_sarsa,Expected SARSA,0.9,3,p0.90_m3,0,10000,1.0,random8,8x8,1.0,3
sarsa_lambda,SARSA(lambda),0.9,3,p0.90_m3,0,0,0.1,random8,8x8,1.0,3
sarsa_lambda,SARSA(lambda),0.9,3,p0.90_m3,0,500,0.86,random8,8x8,1.0,3
sarsa_lambda,SARSA(lambda),0.9,3,p0.90_m3,0,1000,1.0,random8,8x8,1.0,3
sarsa_lambda,SARSA(lambda),0.9,3,p0.90_m3,0,1500,0.98,random8,8x8,1.0,3
sarsa_lambda,SARSA(lambda),0.9,3,p0.90_m3,0,2000,0.94,random8,8x8,1.0,3
sarsa_lambda,SARSA(lambda),0.9,3,p0.90_m3,0,2500,0.96,random8,8x8,1.0,3
sarsa_lambda,SARSA(lambda),0.9,3,p0.90_m3,0,3000,0.96,random8,8x8,1.0,3
sarsa_lambda,SARSA(lambda),0.9,3,p0.90_m3,0,3500,0.98,random8,8x8,1.0,3
sarsa_lambda,SARSA(lambda),0.9,3,p0.90_m3,0,4000,0.96,random8,8x8,1.0,3
sarsa_lambda,SARSA(lambda),0.9,3,p0.90_m3,0,4500,0.98,random8,8x8,1.0,3
sarsa_lambda,SARSA(lambda),0.9,3,p0.90_m3,0,5000,0.94,random8,8x8,1.0,3
sarsa_lambda,SARSA(lambda),0.9,3,p0.90_m3,0,5500,0.98,random8,8x8,1.0,3
sarsa_lambda,SARSA(lambda),0.9,3,p0.90_m3,0,6000,0.98,random8,8x8,1.0,3
sarsa_lambda,SARSA(lambda),0.9,3,p0.90_m3,0,6500,0.96,random8,8x8,1.0,3
sarsa_lambda,SARSA(lambda),0.9,3,p0.90_m3,0,7000,0.98,random8,8x8,1.0,3
sarsa_lambda,SARSA(lambda),0.9,3,p0.90_m3,0,7500,0.98,random8,8x8,1.0,3
sarsa_lambda,SARSA(lambda),0.9,3,p0.90_m3,0,8000,1.0,random8,8x8,1.0,3
sarsa_lambda,SARSA(lambda),0.9,3,p0.90_m3,0,8500,1.0,random8,8x8,1.0,3
sarsa_lambda,SARSA(lambda),0.9,3,p0.90_m3,0,9000,0.96,random8,8x8,1.0,3
sarsa_lambda,SARSA(lambda),0.9,3,p0.90_m3,0,9500,1.0,random8,8x8,1.0,3
sarsa_lambda,SARSA(lambda),0.9,3,p0.90_m3,0,10000,0.94,random8,8x8,1.0,3
q_lambda,Q(lambda),0.9,3,p0.90_m3,0,0,0.1,random8,8x8,1.0,3
q_lambda,Q(lambda),0.9,3,p0.90_m3,0,500,0.78,random8,8x8,1.0,3
q_lambda,Q(lambda),0.9,3,p0.90_m3,0,1000,1.0,random8,8x8,1.0,3
q_lambda,Q(lambda),0.9,3,p0.90_m3,0,1500,0.94,random8,8x8,1.0,3
q_lambda,Q(lambda),0.9,3,p0.90_m3,0,2000,1.0,random8,8x8,1.0,3
q_lambda,Q(lambda),0.9,3,p0.90_m3,0,2500,0.96,random8,8x8,1.0,3
q_lambda,Q(lambda),0.9,3,p0.90_m3,0,3000,0.98,random8,8x8,1.0,3
q_lambda,Q(lambda),0.9,3,p0.90_m3,0,3500,1.0,random8,8x8,1.0,3
q_lambda,Q(lambda),0.9,3,p0.90_m3,0,4000,1.0,random8,8x8,1.0,3
q_lambda,Q(lambda),0.9,3,p0.90_m3,0,4500,0.98,random8,8x8,1.0,3
q_lambda,Q(lambda),0.9,3,p0.90_m3,0,5000,0.5,random8,8x8,1.0,3
q_lambda,Q(lambda),0.9,3,p0.90_m3,0,5500,0.96,random8,8x8,1.0,3
q_lambda,Q(lambda),0.9,3,p0.90_m3,0,6000,0.98,random8,8x8,1.0,3
q_lambda,Q(lambda),0.9,3,p0.90_m3,0,6500,1.0,random8,8x8,1.0,3
q_lambda,Q(lambda),0.9,3,p0.90_m3,0,7000,0.98,random8,8x8,1.0,3
q_lambda,Q(lambda),0.9,3,p0.90_m3,0,7500,1.0,random8,8x8,1.0,3
q_lambda,Q(lambda),0.9,3,p0.90_m3,0,8000,0.98,random8,8x8,1.0,3
q_lambda,Q(lambda),0.9,3,p0.90_m3,0,8500,0.96,random8,8x8,1.0,3
q_lambda,Q(lambda),0.9,3,p0.90_m3,0,9000,1.0,random8,8x8,1.0,3
q_lambda,Q(lambda),0.9,3,p0.90_m3,0,9500,0.98,random8,8x8,1.0,3
q_lambda,Q(lambda),0.9,3,p0.90_m3,0,10000,1.0,random8,8x8,1.0,3
optimistic_q,Optimistic Q,0.9,3,p0.90_m3,0,0,0.1,random8,8x8,1.0,3
optimistic_q,Optimistic Q,0.9,3,p0.90_m3,0,500,0.92,random8,8x8,1.0,3
optimistic_q,Optimistic Q,0.9,3,p0.90_m3,0,1000,0.96,random8,8x8,1.0,3
optimistic_q,Optimistic Q,0.9,3,p0.90_m3,0,1500,1.0,random8,8x8,1.0,3
optimistic_q,Optimistic Q,0.9,3,p0.90_m3,0,2000,1.0,random8,8x8,1.0,3
optimistic_q,Optimistic Q,0.9,3,p0.90_m3,0,2500,1.0,random8,8x8,1.0,3
optimistic_q,Optimistic Q,0.9,3,p0.90_m3,0,3000,1.0,random8,8x8,1.0,3
optimistic_q,Optimistic Q,0.9,3,p0.90_m3,0,3500,1.0,random8,8x8,1.0,3
optimistic_q,Optimistic Q,0.9,3,p0.90_m3,0,4000,1.0,random8,8x8,1.0,3
optimistic_q,Optimistic Q,0.9,3,p0.90_m3,0,4500,1.0,random8,8x8,1.0,3
optimistic_q,Optimistic Q,0.9,3,p0.90_m3,0,5000,1.0,random8,8x8,1.0,3
optimistic_q,Optimistic Q,0.9,3,p0.90_m3,0,5500,1.0,random8,8x8,1.0,3
optimistic_q,Optimistic Q,0.9,3,p0.90_m3,0,6000,0.98,random8,8x8,1.0,3
optimistic_q,Optimistic Q,0.9,3,p0.90_m3,0,6500,1.0,random8,8x8,1.0,3
optimistic_q,Optimistic Q,0.9,3,p0.90_m3,0,7000,1.0,random8,8x8,1.0,3
optimistic_q,Optimistic Q,0.9,3,p0.90_m3,0,7500,1.0,random8,8x8,1.0,3
optimistic_q,Optimistic Q,0.9,3,p0.90_m3,0,8000,1.0,random8,8x8,1.0,3
optimistic_q,Optimistic Q,0.9,3,p0.90_m3,0,8500,1.0,random8,8x8,1.0,3
optimistic_q,Optimistic Q,0.9,3,p0.90_m3,0,9000,1.0,random8,8x8,1.0,3
optimistic_q,Optimistic Q,0.9,3,p0.90_m3,0,9500,1.0,random8,8x8,1.0,3
optimistic_q,Optimistic Q,0.9,3,p0.90_m3,0,10000,1.0,random8,8x8,1.0,3
dyna_q,Dyna-Q,0.9,3,p0.90_m3,0,0,0.1,random8,8x8,1.0,3
dyna_q,Dyna-Q,0.9,3,p0.90_m3,0,500,0.72,random8,8x8,1.0,3
dyna_q,Dyna-Q,0.9,3,p0.90_m3,0,1000,1.0,random8,8x8,1.0,3
dyna_q,Dyna-Q,0.9,3,p0.90_m3,0,1500,1.0,random8,8x8,1.0,3
dyna_q,Dyna-Q,0.9,3,p0.90_m3,0,2000,0.94,random8,8x8,1.0,3
dyna_q,Dyna-Q,0.9,3,p0.90_m3,0,2500,0.98,random8,8x8,1.0,3
dyna_q,Dyna-Q,0.9,3,p0.90_m3,0,3000,1.0,random8,8x8,1.0,3
dyna_q,Dyna-Q,0.9,3,p0.90_m3,0,3500,0.98,random8,8x8,1.0,3
dyna_q,Dyna-Q,0.9,3,p0.90_m3,0,4000,0.84,random8,8x8,1.0,3
dyna_q,Dyna-Q,0.9,3,p0.90_m3,0,4500,1.0,random8,8x8,1.0,3
dyna_q,Dyna-Q,0.9,3,p0.90_m3,0,5000,0.92,random8,8x8,1.0,3
dyna_q,Dyna-Q,0.9,3,p0.90_m3,0,5500,1.0,random8,8x8,1.0,3
dyna_q,Dyna-Q,0.9,3,p0.90_m3,0,6000,0.98,random8,8x8,1.0,3
dyna_q,Dyna-Q,0.9,3,p0.90_m3,0,6500,1.0,random8,8x8,1.0,3
dyna_q,Dyna-Q,0.9,3,p0.90_m3,0,7000,0.86,random8,8x8,1.0,3
dyna_q,Dyna-Q,0.9,3,p0.90_m3,0,7500,0.98,random8,8x8,1.0,3
dyna_q,Dyna-Q,0.9,3,p0.90_m3,0,8000,1.0,random8,8x8,1.0,3
dyna_q,Dyna-Q,0.9,3,p0.90_m3,0,8500,1.0,random8,8x8,1.0,3
dyna_q,Dyna-Q,0.9,3,p0.90_m3,0,9000,0.78,random8,8x8,1.0,3
dyna_q,Dyna-Q,0.9,3,p0.90_m3,0,9500,0.98,random8,8x8,1.0,3
dyna_q,Dyna-Q,0.9,3,p0.90_m3,0,10000,1.0,random8,8x8,1.0,3
q_learning,Q-learning,0.9,4,p0.90_m4,0,0,0.0,random8,8x8,1.0,6
q_learning,Q-learning,0.9,4,p0.90_m4,0,500,0.14,random8,8x8,1.0,6
q_learning,Q-learning,0.9,4,p0.90_m4,0,1000,0.26,random8,8x8,1.0,6
q_learning,Q-learning,0.9,4,p0.90_m4,0,1500,0.48,random8,8x8,1.0,6
q_learning,Q-learning,0.9,4,p0.90_m4,0,2000,0.84,random8,8x8,1.0,6
q_learning,Q-learning,0.9,4,p0.90_m4,0,2500,0.74,random8,8x8,1.0,6
q_learning,Q-learning,0.9,4,p0.90_m4,0,3000,0.88,random8,8x8,1.0,6
q_learning,Q-learning,0.9,4,p0.90_m4,0,3500,0.82,random8,8x8,1.0,6
q_learning,Q-learning,0.9,4,p0.90_m4,0,4000,0.88,random8,8x8,1.0,6
q_learning,Q-learning,0.9,4,p0.90_m4,0,4500,0.96,random8,8x8,1.0,6
q_learning,Q-learning,0.9,4,p0.90_m4,0,5000,0.96,random8,8x8,1.0,6
q_learning,Q-learning,0.9,4,p0.90_m4,0,5500,0.96,random8,8x8,1.0,6
q_learning,Q-learning,0.9,4,p0.90_m4,0,6000,0.72,random8,8x8,1.0,6
q_learning,Q-learning,0.9,4,p0.90_m4,0,6500,0.96,random8,8x8,1.0,6
q_learning,Q-learning,0.9,4,p0.90_m4,0,7000,0.92,random8,8x8,1.0,6
q_learning,Q-learning,0.9,4,p0.90_m4,0,7500,0.98,random8,8x8,1.0,6
q_learning,Q-learning,0.9,4,p0.90_m4,0,8000,0.94,random8,8x8,1.0,6
q_learning,Q-learning,0.9,4,p0.90_m4,0,8500,0.94,random8,8x8,1.0,6
q_learning,Q-learning,0.9,4,p0.90_m4,0,9000,0.98,random8,8x8,1.0,6
q_learning,Q-learning,0.9,4,p0.90_m4,0,9500,0.96,random8,8x8,1.0,6
q_learning,Q-learning,0.9,4,p0.90_m4,0,10000,0.96,random8,8x8,1.0,6
sarsa,SARSA,0.9,4,p0.90_m4,0,0,0.0,random8,8x8,1.0,6
sarsa,SARSA,0.9,4,p0.90_m4,0,500,0.02,random8,8x8,1.0,6
sarsa,SARSA,0.9,4,p0.90_m4,0,1000,0.14,random8,8x8,1.0,6
sarsa,SARSA,0.9,4,p0.90_m4,0,1500,0.2,random8,8x8,1.0,6
sarsa,SARSA,0.9,4,p0.90_m4,0,2000,0.32,random8,8x8,1.0,6
sarsa,SARSA,0.9,4,p0.90_m4,0,2500,0.36,random8,8x8,1.0,6
sarsa,SARSA,0.9,4,p0.90_m4,0,3000,0.7,random8,8x8,1.0,6
sarsa,SARSA,0.9,4,p0.90_m4,0,3500,0.72,random8,8x8,1.0,6
sarsa,SARSA,0.9,4,p0.90_m4,0,4000,0.86,random8,8x8,1.0,6
sarsa,SARSA,0.9,4,p0.90_m4,0,4500,0.88,random8,8x8,1.0,6
sarsa,SARSA,0.9,4,p0.90_m4,0,5000,0.96,random8,8x8,1.0,6
sarsa,SARSA,0.9,4,p0.90_m4,0,5500,0.78,random8,8x8,1.0,6
sarsa,SARSA,0.9,4,p0.90_m4,0,6000,0.96,random8,8x8,1.0,6
sarsa,SARSA,0.9,4,p0.90_m4,0,6500,0.9,random8,8x8,1.0,6
sarsa,SARSA,0.9,4,p0.90_m4,0,7000,0.94,random8,8x8,1.0,6
sarsa,SARSA,0.9,4,p0.90_m4,0,7500,0.98,random8,8x8,1.0,6
sarsa,SARSA,0.9,4,p0.90_m4,0,8000,0.98,random8,8x8,1.0,6
sarsa,SARSA,0.9,4,p0.90_m4,0,8500,0.94,random8,8x8,1.0,6
sarsa,SARSA,0.9,4,p0.90_m4,0,9000,0.98,random8,8x8,1.0,6
sarsa,SARSA,0.9,4,p0.90_m4,0,9500,0.96,random8,8x8,1.0,6
sarsa,SARSA,0.9,4,p0.90_m4,0,10000,0.96,random8,8x8,1.0,6
expected_sarsa,Expected SARSA,0.9,4,p0.90_m4,0,0,0.0,random8,8x8,1.0,6
expected_sarsa,Expected SARSA,0.9,4,p0.90_m4,0,500,0.08,random8,8x8,1.0,6
expected_sarsa,Expected SARSA,0.9,4,p0.90_m4,0,1000,0.06,random8,8x8,1.0,6
expected_sarsa,Expected SARSA,0.9,4,p0.90_m4,0,1500,0.1,random8,8x8,1.0,6
expected_sarsa,Expected SARSA,0.9,4,p0.90_m4,0,2000,0.12,random8,8x8,1.0,6
expected_sarsa,Expected SARSA,0.9,4,p0.90_m4,0,2500,0.34,random8,8x8,1.0,6
expected_sarsa,Expected SARSA,0.9,4,p0.90_m4,0,3000,0.24,random8,8x8,1.0,6
expected_sarsa,Expected SARSA,0.9,4,p0.90_m4,0,3500,0.36,random8,8x8,1.0,6
expected_sarsa,Expected SARSA,0.9,4,p0.90_m4,0,4000,0.66,random8,8x8,1.0,6
expected_sarsa,Expected SARSA,0.9,4,p0.90_m4,0,4500,0.66,random8,8x8,1.0,6
expected_sarsa,Expected SARSA,0.9,4,p0.90_m4,0,5000,0.7,random8,8x8,1.0,6
expected_sarsa,Expected SARSA,0.9,4,p0.90_m4,0,5500,0.84,random8,8x8,1.0,6
expected_sarsa,Expected SARSA,0.9,4,p0.90_m4,0,6000,0.66,random8,8x8,1.0,6
expected_sarsa,Expected SARSA,0.9,4,p0.90_m4,0,6500,0.76,random8,8x8,1.0,6
expected_sarsa,Expected SARSA,0.9,4,p0.90_m4,0,7000,0.8,random8,8x8,1.0,6
expected_sarsa,Expected SARSA,0.9,4,p0.90_m4,0,7500,0.94,random8,8x8,1.0,6
expected_sarsa,Expected SARSA,0.9,4,p0.90_m4,0,8000,0.94,random8,8x8,1.0,6
expected_sarsa,Expected SARSA,0.9,4,p0.90_m4,0,8500,0.64,random8,8x8,1.0,6
expected_sarsa,Expected SARSA,0.9,4,p0.90_m4,0,9000,0.84,random8,8x8,1.0,6
expected_sarsa,Expected SARSA,0.9,4,p0.90_m4,0,9500,0.96,random8,8x8,1.0,6
expected_sarsa,Expected SARSA,0.9,4,p0.90_m4,0,10000,0.92,random8,8x8,1.0,6
sarsa_lambda,SARSA(lambda),0.9,4,p0.90_m4,0,0,0.0,random8,8x8,1.0,6
sarsa_lambda,SARSA(lambda),0.9,4,p0.90_m4,0,500,0.42,random8,8x8,1.0,6
sarsa_lambda,SARSA(lambda),0.9,4,p0.90_m4,0,1000,0.72,random8,8x8,1.0,6
sarsa_lambda,SARSA(lambda),0.9,4,p0.90_m4,0,1500,0.7,random8,8x8,1.0,6
sarsa_lambda,SARSA(lambda),0.9,4,p0.90_m4,0,2000,0.64,random8,8x8,1.0,6
sarsa_lambda,SARSA(lambda),0.9,4,p0.90_m4,0,2500,0.74,random8,8x8,1.0,6
sarsa_lambda,SARSA(lambda),0.9,4,p0.90_m4,0,3000,0.9,random8,8x8,1.0,6
sarsa_lambda,SARSA(lambda),0.9,4,p0.90_m4,0,3500,0.86,random8,8x8,1.0,6
sarsa_lambda,SARSA(lambda),0.9,4,p0.90_m4,0,4000,0.92,random8,8x8,1.0,6
sarsa_lambda,SARSA(lambda),0.9,4,p0.90_m4,0,4500,0.94,random8,8x8,1.0,6
sarsa_lambda,SARSA(lambda),0.9,4,p0.90_m4,0,5000,0.98,random8,8x8,1.0,6
sarsa_lambda,SARSA(lambda),0.9,4,p0.90_m4,0,5500,0.66,random8,8x8,1.0,6
sarsa_lambda,SARSA(lambda),0.9,4,p0.90_m4,0,6000,0.94,random8,8x8,1.0,6
sarsa_lambda,SARSA(lambda),0.9,4,p0.90_m4,0,6500,0.64,random8,8x8,1.0,6
sarsa_lambda,SARSA(lambda),0.9,4,p0.90_m4,0,7000,0.9,random8,8x8,1.0,6
sarsa_lambda,SARSA(lambda),0.9,4,p0.90_m4,0,7500,0.9,random8,8x8,1.0,6
sarsa_lambda,SARSA(lambda),0.9,4,p0.90_m4,0,8000,0.6,random8,8x8,1.0,6
sarsa_lambda,SARSA(lambda),0.9,4,p0.90_m4,0,8500,0.76,random8,8x8,1.0,6
sarsa_lambda,SARSA(lambda),0.9,4,p0.90_m4,0,9000,0.88,random8,8x8,1.0,6
sarsa_lambda,SARSA(lambda),0.9,4,p0.90_m4,0,9500,0.8,random8,8x8,1.0,6
sarsa_lambda,SARSA(lambda),0.9,4,p0.90_m4,0,10000,0.66,random8,8x8,1.0,6
q_lambda,Q(lambda),0.9,4,p0.90_m4,0,0,0.0,random8,8x8,1.0,6
q_lambda,Q(lambda),0.9,4,p0.90_m4,0,500,0.06,random8,8x8,1.0,6
q_lambda,Q(lambda),0.9,4,p0.90_m4,0,1000,0.08,random8,8x8,1.0,6
q_lambda,Q(lambda),0.9,4,p0.90_m4,0,1500,0.16,random8,8x8,1.0,6
q_lambda,Q(lambda),0.9,4,p0.90_m4,0,2000,0.16,random8,8x8,1.0,6
q_lambda,Q(lambda),0.9,4,p0.90_m4,0,2500,0.24,random8,8x8,1.0,6
q_lambda,Q(lambda),0.9,4,p0.90_m4,0,3000,0.24,random8,8x8,1.0,6
q_lambda,Q(lambda),0.9,4,p0.90_m4,0,3500,0.3,random8,8x8,1.0,6
q_lambda,Q(lambda),0.9,4,p0.90_m4,0,4000,0.32,random8,8x8,1.0,6
q_lambda,Q(lambda),0.9,4,p0.90_m4,0,4500,0.74,random8,8x8,1.0,6
q_lambda,Q(lambda),0.9,4,p0.90_m4,0,5000,0.8,random8,8x8,1.0,6
q_lambda,Q(lambda),0.9,4,p0.90_m4,0,5500,0.82,random8,8x8,1.0,6
q_lambda,Q(lambda),0.9,4,p0.90_m4,0,6000,0.96,random8,8x8,1.0,6
q_lambda,Q(lambda),0.9,4,p0.90_m4,0,6500,0.92,random8,8x8,1.0,6
q_lambda,Q(lambda),0.9,4,p0.90_m4,0,7000,0.88,random8,8x8,1.0,6
q_lambda,Q(lambda),0.9,4,p0.90_m4,0,7500,0.98,random8,8x8,1.0,6
q_lambda,Q(lambda),0.9,4,p0.90_m4,0,8000,0.84,random8,8x8,1.0,6
q_lambda,Q(lambda),0.9,4,p0.90_m4,0,8500,0.88,random8,8x8,1.0,6
q_lambda,Q(lambda),0.9,4,p0.90_m4,0,9000,0.98,random8,8x8,1.0,6
q_lambda,Q(lambda),0.9,4,p0.90_m4,0,9500,0.8,random8,8x8,1.0,6
q_lambda,Q(lambda),0.9,4,p0.90_m4,0,10000,0.94,random8,8x8,1.0,6
optimistic_q,Optimistic Q,0.9,4,p0.90_m4,0,0,0.0,random8,8x8,1.0,6
optimistic_q,Optimistic Q,0.9,4,p0.90_m4,0,500,0.72,random8,8x8,1.0,6
optimistic_q,Optimistic Q,0.9,4,p0.90_m4,0,1000,1.0,random8,8x8,1.0,6
optimistic_q,Optimistic Q,0.9,4,p0.90_m4,0,1500,1.0,random8,8x8,1.0,6
optimistic_q,Optimistic Q,0.9,4,p0.90_m4,0,2000,1.0,random8,8x8,1.0,6
optimistic_q,Optimistic Q,0.9,4,p0.90_m4,0,2500,1.0,random8,8x8,1.0,6
optimistic_q,Optimistic Q,0.9,4,p0.90_m4,0,3000,0.98,random8,8x8,1.0,6
optimistic_q,Optimistic Q,0.9,4,p0.90_m4,0,3500,1.0,random8,8x8,1.0,6
optimistic_q,Optimistic Q,0.9,4,p0.90_m4,0,4000,0.98,random8,8x8,1.0,6
optimistic_q,Optimistic Q,0.9,4,p0.90_m4,0,4500,1.0,random8,8x8,1.0,6
optimistic_q,Optimistic Q,0.9,4,p0.90_m4,0,5000,1.0,random8,8x8,1.0,6
optimistic_q,Optimistic Q,0.9,4,p0.90_m4,0,5500,0.96,random8,8x8,1.0,6
optimistic_q,Optimistic Q,0.9,4,p0.90_m4,0,6000,1.0,random8,8x8,1.0,6
optimistic_q,Optimistic Q,0.9,4,p0.90_m4,0,6500,1.0,random8,8x8,1.0,6
optimistic_q,Optimistic Q,0.9,4,p0.90_m4,0,7000,1.0,random8,8x8,1.0,6
optimistic_q,Optimistic Q,0.9,4,p0.90_m4,0,7500,1.0,random8,8x8,1.0,6
optimistic_q,Optimistic Q,0.9,4,p0.90_m4,0,8000,1.0,random8,8x8,1.0,6
optimistic_q,Optimistic Q,0.9,4,p0.90_m4,0,8500,1.0,random8,8x8,1.0,6
optimistic_q,Optimistic Q,0.9,4,p0.90_m4,0,9000,1.0,random8,8x8,1.0,6
optimistic_q,Optimistic Q,0.9,4,p0.90_m4,0,9500,1.0,random8,8x8,1.0,6
optimistic_q,Optimistic Q,0.9,4,p0.90_m4,0,10000,1.0,random8,8x8,1.0,6
dyna_q,Dyna-Q,0.9,4,p0.90_m4,0,0,0.0,random8,8x8,1.0,6
dyna_q,Dyna-Q,0.9,4,p0.90_m4,0,500,0.12,random8,8x8,1.0,6
dyna_q,Dyna-Q,0.9,4,p0.90_m4,0,1000,0.98,random8,8x8,1.0,6
dyna_q,Dyna-Q,0.9,4,p0.90_m4,0,1500,0.98,random8,8x8,1.0,6
dyna_q,Dyna-Q,0.9,4,p0.90_m4,0,2000,0.94,random8,8x8,1.0,6
dyna_q,Dyna-Q,0.9,4,p0.90_m4,0,2500,0.94,random8,8x8,1.0,6
dyna_q,Dyna-Q,0.9,4,p0.90_m4,0,3000,0.94,random8,8x8,1.0,6
dyna_q,Dyna-Q,0.9,4,p0.90_m4,0,3500,1.0,random8,8x8,1.0,6
dyna_q,Dyna-Q,0.9,4,p0.90_m4,0,4000,0.56,random8,8x8,1.0,6
dyna_q,Dyna-Q,0.9,4,p0.90_m4,0,4500,0.94,random8,8x8,1.0,6
dyna_q,Dyna-Q,0.9,4,p0.90_m4,0,5000,0.9,random8,8x8,1.0,6
dyna_q,Dyna-Q,0.9,4,p0.90_m4,0,5500,1.0,random8,8x8,1.0,6
dyna_q,Dyna-Q,0.9,4,p0.90_m4,0,6000,0.78,random8,8x8,1.0,6
dyna_q,Dyna-Q,0.9,4,p0.90_m4,0,6500,0.5,random8,8x8,1.0,6
dyna_q,Dyna-Q,0.9,4,p0.90_m4,0,7000,0.9,random8,8x8,1.0,6
dyna_q,Dyna-Q,0.9,4,p0.90_m4,0,7500,0.98,random8,8x8,1.0,6
dyna_q,Dyna-Q,0.9,4,p0.90_m4,0,8000,1.0,random8,8x8,1.0,6
dyna_q,Dyna-Q,0.9,4,p0.90_m4,0,8500,1.0,random8,8x8,1.0,6
dyna_q,Dyna-Q,0.9,4,p0.90_m4,0,9000,0.82,random8,8x8,1.0,6
dyna_q,Dyna-Q,0.9,4,p0.90_m4,0,9500,0.86,random8,8x8,1.0,6
dyna_q,Dyna-Q,0.9,4,p0.90_m4,0,10000,0.98,random8,8x8,1.0,6
q_learning,Q-learning,0.95,0,p0.95_m0,0,0,0.0,random8,8x8,1.0,6
q_learning,Q-learning,0.95,0,p0.95_m0,0,500,0.2,random8,8x8,1.0,6
q_learning,Q-learning,0.95,0,p0.95_m0,0,1000,0.22,random8,8x8,1.0,6
q_learning,Q-learning,0.95,0,p0.95_m0,0,1500,0.26,random8,8x8,1.0,6
q_learning,Q-learning,0.95,0,p0.95_m0,0,2000,0.22,random8,8x8,1.0,6
q_learning,Q-learning,0.95,0,p0.95_m0,0,2500,0.34,random8,8x8,1.0,6
q_learning,Q-learning,0.95,0,p0.95_m0,0,3000,0.42,random8,8x8,1.0,6
q_learning,Q-learning,0.95,0,p0.95_m0,0,3500,0.52,random8,8x8,1.0,6
q_learning,Q-learning,0.95,0,p0.95_m0,0,4000,0.52,random8,8x8,1.0,6
q_learning,Q-learning,0.95,0,p0.95_m0,0,4500,0.54,random8,8x8,1.0,6
q_learning,Q-learning,0.95,0,p0.95_m0,0,5000,0.66,random8,8x8,1.0,6
q_learning,Q-learning,0.95,0,p0.95_m0,0,5500,0.88,random8,8x8,1.0,6
q_learning,Q-learning,0.95,0,p0.95_m0,0,6000,0.86,random8,8x8,1.0,6
q_learning,Q-learning,0.95,0,p0.95_m0,0,6500,0.72,random8,8x8,1.0,6
q_learning,Q-learning,0.95,0,p0.95_m0,0,7000,0.86,random8,8x8,1.0,6
q_learning,Q-learning,0.95,0,p0.95_m0,0,7500,0.84,random8,8x8,1.0,6
q_learning,Q-learning,0.95,0,p0.95_m0,0,8000,0.8,random8,8x8,1.0,6
q_learning,Q-learning,0.95,0,p0.95_m0,0,8500,0.88,random8,8x8,1.0,6
q_learning,Q-learning,0.95,0,p0.95_m0,0,9000,0.82,random8,8x8,1.0,6
q_learning,Q-learning,0.95,0,p0.95_m0,0,9500,0.84,random8,8x8,1.0,6
q_learning,Q-learning,0.95,0,p0.95_m0,0,10000,0.9,random8,8x8,1.0,6
sarsa,SARSA,0.95,0,p0.95_m0,0,0,0.0,random8,8x8,1.0,6
sarsa,SARSA,0.95,0,p0.95_m0,0,500,0.24,random8,8x8,1.0,6
sarsa,SARSA,0.95,0,p0.95_m0,0,1000,0.16,random8,8x8,1.0,6
sarsa,SARSA,0.95,0,p0.95_m0,0,1500,0.1,random8,8x8,1.0,6
sarsa,SARSA,0.95,0,p0.95_m0,0,2000,0.18,random8,8x8,1.0,6
sarsa,SARSA,0.95,0,p0.95_m0,0,2500,0.2,random8,8x8,1.0,6
sarsa,SARSA,0.95,0,p0.95_m0,0,3000,0.36,random8,8x8,1.0,6
sarsa,SARSA,0.95,0,p0.95_m0,0,3500,0.28,random8,8x8,1.0,6
sarsa,SARSA,0.95,0,p0.95_m0,0,4000,0.2,random8,8x8,1.0,6
sarsa,SARSA,0.95,0,p0.95_m0,0,4500,0.36,random8,8x8,1.0,6
sarsa,SARSA,0.95,0,p0.95_m0,0,5000,0.36,random8,8x8,1.0,6
sarsa,SARSA,0.95,0,p0.95_m0,0,5500,0.46,random8,8x8,1.0,6
sarsa,SARSA,0.95,0,p0.95_m0,0,6000,0.66,random8,8x8,1.0,6
sarsa,SARSA,0.95,0,p0.95_m0,0,6500,0.48,random8,8x8,1.0,6
sarsa,SARSA,0.95,0,p0.95_m0,0,7000,0.6,random8,8x8,1.0,6
sarsa,SARSA,0.95,0,p0.95_m0,0,7500,0.74,random8,8x8,1.0,6
sarsa,SARSA,0.95,0,p0.95_m0,0,8000,0.72,random8,8x8,1.0,6
sarsa,SARSA,0.95,0,p0.95_m0,0,8500,0.76,random8,8x8,1.0,6
sarsa,SARSA,0.95,0,p0.95_m0,0,9000,0.8,random8,8x8,1.0,6
sarsa,SARSA,0.95,0,p0.95_m0,0,9500,0.9,random8,8x8,1.0,6
sarsa,SARSA,0.95,0,p0.95_m0,0,10000,0.86,random8,8x8,1.0,6
expected_sarsa,Expected SARSA,0.95,0,p0.95_m0,0,0,0.0,random8,8x8,1.0,6
expected_sarsa,Expected SARSA,0.95,0,p0.95_m0,0,500,0.04,random8,8x8,1.0,6
expected_sarsa,Expected SARSA,0.95,0,p0.95_m0,0,1000,0.18,random8,8x8,1.0,6
expected_sarsa,Expected SARSA,0.95,0,p0.95_m0,0,1500,0.34,random8,8x8,1.0,6
expected_sarsa,Expected SARSA,0.95,0,p0.95_m0,0,2000,0.54,random8,8x8,1.0,6
expected_sarsa,Expected SARSA,0.95,0,p0.95_m0,0,2500,0.56,random8,8x8,1.0,6
expected_sarsa,Expected SARSA,0.95,0,p0.95_m0,0,3000,0.54,random8,8x8,1.0,6
expected_sarsa,Expected SARSA,0.95,0,p0.95_m0,0,3500,0.78,random8,8x8,1.0,6
expected_sarsa,Expected SARSA,0.95,0,p0.95_m0,0,4000,0.8,random8,8x8,1.0,6
expected_sarsa,Expected SARSA,0.95,0,p0.95_m0,0,4500,0.86,random8,8x8,1.0,6
expected_sarsa,Expected SARSA,0.95,0,p0.95_m0,0,5000,0.82,random8,8x8,1.0,6
expected_sarsa,Expected SARSA,0.95,0,p0.95_m0,0,5500,0.88,random8,8x8,1.0,6
expected_sarsa,Expected SARSA,0.95,0,p0.95_m0,0,6000,0.78,random8,8x8,1.0,6
expected_sarsa,Expected SARSA,0.95,0,p0.95_m0,0,6500,0.9,random8,8x8,1.0,6
expected_sarsa,Expected SARSA,0.95,0,p0.95_m0,0,7000,0.86,random8,8x8,1.0,6
expected_sarsa,Expected SARSA,0.95,0,p0.95_m0,0,7500,0.94,random8,8x8,1.0,6
expected_sarsa,Expected SARSA,0.95,0,p0.95_m0,0,8000,0.96,random8,8x8,1.0,6
expected_sarsa,Expected SARSA,0.95,0,p0.95_m0,0,8500,0.9,random8,8x8,1.0,6
expected_sarsa,Expected SARSA,0.95,0,p0.95_m0,0,9000,0.9,random8,8x8,1.0,6
expected_sarsa,Expected SARSA,0.95,0,p0.95_m0,0,9500,0.98,random8,8x8,1.0,6
expected_sarsa,Expected SARSA,0.95,0,p0.95_m0,0,10000,1.0,random8,8x8,1.0,6
sarsa_lambda,SARSA(lambda),0.95,0,p0.95_m0,0,0,0.0,random8,8x8,1.0,6
sarsa_lambda,SARSA(lambda),0.95,0,p0.95_m0,0,500,0.74,random8,8x8,1.0,6
sarsa_lambda,SARSA(lambda),0.95,0,p0.95_m0,0,1000,0.9,random8,8x8,1.0,6
sarsa_lambda,SARSA(lambda),0.95,0,p0.95_m0,0,1500,0.66,random8,8x8,1.0,6
sarsa_lambda,SARSA(lambda),0.95,0,p0.95_m0,0,2000,0.86,random8,8x8,1.0,6
sarsa_lambda,SARSA(lambda),0.95,0,p0.95_m0,0,2500,0.88,random8,8x8,1.0,6
sarsa_lambda,SARSA(lambda),0.95,0,p0.95_m0,0,3000,0.64,random8,8x8,1.0,6
sarsa_lambda,SARSA(lambda),0.95,0,p0.95_m0,0,3500,0.84,random8,8x8,1.0,6
sarsa_lambda,SARSA(lambda),0.95,0,p0.95_m0,0,4000,0.9,random8,8x8,1.0,6
sarsa_lambda,SARSA(lambda),0.95,0,p0.95_m0,0,4500,0.38,random8,8x8,1.0,6
sarsa_lambda,SARSA(lambda),0.95,0,p0.95_m0,0,5000,0.9,random8,8x8,1.0,6
sarsa_lambda,SARSA(lambda),0.95,0,p0.95_m0,0,5500,0.98,random8,8x8,1.0,6
sarsa_lambda,SARSA(lambda),0.95,0,p0.95_m0,0,6000,0.84,random8,8x8,1.0,6
sarsa_lambda,SARSA(lambda),0.95,0,p0.95_m0,0,6500,0.3,random8,8x8,1.0,6
sarsa_lambda,SARSA(lambda),0.95,0,p0.95_m0,0,7000,0.9,random8,8x8,1.0,6
sarsa_lambda,SARSA(lambda),0.95,0,p0.95_m0,0,7500,0.78,random8,8x8,1.0,6
sarsa_lambda,SARSA(lambda),0.95,0,p0.95_m0,0,8000,1.0,random8,8x8,1.0,6
sarsa_lambda,SARSA(lambda),0.95,0,p0.95_m0,0,8500,0.94,random8,8x8,1.0,6
sarsa_lambda,SARSA(lambda),0.95,0,p0.95_m0,0,9000,0.8,random8,8x8,1.0,6
sarsa_lambda,SARSA(lambda),0.95,0,p0.95_m0,0,9500,0.94,random8,8x8,1.0,6
sarsa_lambda,SARSA(lambda),0.95,0,p0.95_m0,0,10000,0.92,random8,8x8,1.0,6
q_lambda,Q(lambda),0.95,0,p0.95_m0,0,0,0.0,random8,8x8,1.0,6
q_lambda,Q(lambda),0.95,0,p0.95_m0,0,500,0.06,random8,8x8,1.0,6
q_lambda,Q(lambda),0.95,0,p0.95_m0,0,1000,0.14,random8,8x8,1.0,6
q_lambda,Q(lambda),0.95,0,p0.95_m0,0,1500,0.16,random8,8x8,1.0,6
q_lambda,Q(lambda),0.95,0,p0.95_m0,0,2000,0.2,random8,8x8,1.0,6
q_lambda,Q(lambda),0.95,0,p0.95_m0,0,2500,0.3,random8,8x8,1.0,6
q_lambda,Q(lambda),0.95,0,p0.95_m0,0,3000,0.22,random8,8x8,1.0,6
q_lambda,Q(lambda),0.95,0,p0.95_m0,0,3500,0.54,random8,8x8,1.0,6
q_lambda,Q(lambda),0.95,0,p0.95_m0,0,4000,0.52,random8,8x8,1.0,6
q_lambda,Q(lambda),0.95,0,p0.95_m0,0,4500,0.52,random8,8x8,1.0,6
q_lambda,Q(lambda),0.95,0,p0.95_m0,0,5000,0.36,random8,8x8,1.0,6
q_lambda,Q(lambda),0.95,0,p0.95_m0,0,5500,0.68,random8,8x8,1.0,6
q_lambda,Q(lambda),0.95,0,p0.95_m0,0,6000,0.86,random8,8x8,1.0,6
q_lambda,Q(lambda),0.95,0,p0.95_m0,0,6500,0.9,random8,8x8,1.0,6
q_lambda,Q(lambda),0.95,0,p0.95_m0,0,7000,0.9,random8,8x8,1.0,6
q_lambda,Q(lambda),0.95,0,p0.95_m0,0,7500,0.88,random8,8x8,1.0,6
q_lambda,Q(lambda),0.95,0,p0.95_m0,0,8000,1.0,random8,8x8,1.0,6
q_lambda,Q(lambda),0.95,0,p0.95_m0,0,8500,0.96,random8,8x8,1.0,6
q_lambda,Q(lambda),0.95,0,p0.95_m0,0,9000,0.88,random8,8x8,1.0,6
q_lambda,Q(lambda),0.95,0,p0.95_m0,0,9500,0.86,random8,8x8,1.0,6
q_lambda,Q(lambda),0.95,0,p0.95_m0,0,10000,0.92,random8,8x8,1.0,6
optimistic_q,Optimistic Q,0.95,0,p0.95_m0,0,0,0.0,random8,8x8,1.0,6
optimistic_q,Optimistic Q,0.95,0,p0.95_m0,0,500,0.74,random8,8x8,1.0,6
optimistic_q,Optimistic Q,0.95,0,p0.95_m0,0,1000,0.98,random8,8x8,1.0,6
optimistic_q,Optimistic Q,0.95,0,p0.95_m0,0,1500,1.0,random8,8x8,1.0,6
optimistic_q,Optimistic Q,0.95,0,p0.95_m0,0,2000,1.0,random8,8x8,1.0,6
optimistic_q,Optimistic Q,0.95,0,p0.95_m0,0,2500,0.98,random8,8x8,1.0,6
optimistic_q,Optimistic Q,0.95,0,p0.95_m0,0,3000,1.0,random8,8x8,1.0,6
optimistic_q,Optimistic Q,0.95,0,p0.95_m0,0,3500,1.0,random8,8x8,1.0,6
optimistic_q,Optimistic Q,0.95,0,p0.95_m0,0,4000,0.98,random8,8x8,1.0,6
optimistic_q,Optimistic Q,0.95,0,p0.95_m0,0,4500,1.0,random8,8x8,1.0,6
optimistic_q,Optimistic Q,0.95,0,p0.95_m0,0,5000,1.0,random8,8x8,1.0,6
optimistic_q,Optimistic Q,0.95,0,p0.95_m0,0,5500,1.0,random8,8x8,1.0,6
optimistic_q,Optimistic Q,0.95,0,p0.95_m0,0,6000,0.98,random8,8x8,1.0,6
optimistic_q,Optimistic Q,0.95,0,p0.95_m0,0,6500,0.98,random8,8x8,1.0,6
optimistic_q,Optimistic Q,0.95,0,p0.95_m0,0,7000,1.0,random8,8x8,1.0,6
optimistic_q,Optimistic Q,0.95,0,p0.95_m0,0,7500,1.0,random8,8x8,1.0,6
optimistic_q,Optimistic Q,0.95,0,p0.95_m0,0,8000,1.0,random8,8x8,1.0,6
optimistic_q,Optimistic Q,0.95,0,p0.95_m0,0,8500,1.0,random8,8x8,1.0,6
optimistic_q,Optimistic Q,0.95,0,p0.95_m0,0,9000,1.0,random8,8x8,1.0,6
optimistic_q,Optimistic Q,0.95,0,p0.95_m0,0,9500,1.0,random8,8x8,1.0,6
optimistic_q,Optimistic Q,0.95,0,p0.95_m0,0,10000,1.0,random8,8x8,1.0,6
dyna_q,Dyna-Q,0.95,0,p0.95_m0,0,0,0.0,random8,8x8,1.0,6
dyna_q,Dyna-Q,0.95,0,p0.95_m0,0,500,0.3,random8,8x8,1.0,6
dyna_q,Dyna-Q,0.95,0,p0.95_m0,0,1000,0.98,random8,8x8,1.0,6
dyna_q,Dyna-Q,0.95,0,p0.95_m0,0,1500,0.8,random8,8x8,1.0,6
dyna_q,Dyna-Q,0.95,0,p0.95_m0,0,2000,0.96,random8,8x8,1.0,6
dyna_q,Dyna-Q,0.95,0,p0.95_m0,0,2500,0.72,random8,8x8,1.0,6
dyna_q,Dyna-Q,0.95,0,p0.95_m0,0,3000,0.62,random8,8x8,1.0,6
dyna_q,Dyna-Q,0.95,0,p0.95_m0,0,3500,0.8,random8,8x8,1.0,6
dyna_q,Dyna-Q,0.95,0,p0.95_m0,0,4000,0.66,random8,8x8,1.0,6
dyna_q,Dyna-Q,0.95,0,p0.95_m0,0,4500,0.6,random8,8x8,1.0,6
dyna_q,Dyna-Q,0.95,0,p0.95_m0,0,5000,0.86,random8,8x8,1.0,6
dyna_q,Dyna-Q,0.95,0,p0.95_m0,0,5500,0.94,random8,8x8,1.0,6
dyna_q,Dyna-Q,0.95,0,p0.95_m0,0,6000,0.98,random8,8x8,1.0,6
dyna_q,Dyna-Q,0.95,0,p0.95_m0,0,6500,0.6,random8,8x8,1.0,6
dyna_q,Dyna-Q,0.95,0,p0.95_m0,0,7000,0.76,random8,8x8,1.0,6
dyna_q,Dyna-Q,0.95,0,p0.95_m0,0,7500,1.0,random8,8x8,1.0,6
dyna_q,Dyna-Q,0.95,0,p0.95_m0,0,8000,0.78,random8,8x8,1.0,6
dyna_q,Dyna-Q,0.95,0,p0.95_m0,0,8500,0.88,random8,8x8,1.0,6
dyna_q,Dyna-Q,0.95,0,p0.95_m0,0,9000,0.92,random8,8x8,1.0,6
dyna_q,Dyna-Q,0.95,0,p0.95_m0,0,9500,0.9,random8,8x8,1.0,6
dyna_q,Dyna-Q,0.95,0,p0.95_m0,0,10000,0.88,random8,8x8,1.0,6
q_learning,Q-learning,0.95,1,p0.95_m1,0,0,0.0,random8,8x8,0.9733333333333334,6
q_learning,Q-learning,0.95,1,p0.95_m1,0,500,0.2,random8,8x8,0.9733333333333334,6
q_learning,Q-learning,0.95,1,p0.95_m1,0,1000,0.32,random8,8x8,0.9733333333333334,6
q_learning,Q-learning,0.95,1,p0.95_m1,0,1500,0.22,random8,8x8,0.9733333333333334,6
q_learning,Q-learning,0.95,1,p0.95_m1,0,2000,0.16,random8,8x8,0.9733333333333334,6
q_learning,Q-learning,0.95,1,p0.95_m1,0,2500,0.62,random8,8x8,0.9733333333333334,6
q_learning,Q-learning,0.95,1,p0.95_m1,0,3000,0.54,random8,8x8,0.9733333333333334,6
q_learning,Q-learning,0.95,1,p0.95_m1,0,3500,0.78,random8,8x8,0.9733333333333334,6
q_learning,Q-learning,0.95,1,p0.95_m1,0,4000,0.88,random8,8x8,0.9733333333333334,6
q_learning,Q-learning,0.95,1,p0.95_m1,0,4500,0.9,random8,8x8,0.9733333333333334,6
q_learning,Q-learning,0.95,1,p0.95_m1,0,5000,0.96,random8,8x8,0.9733333333333334,6
q_learning,Q-learning,0.95,1,p0.95_m1,0,5500,0.98,random8,8x8,0.9733333333333334,6
q_learning,Q-learning,0.95,1,p0.95_m1,0,6000,0.92,random8,8x8,0.9733333333333334,6
q_learning,Q-learning,0.95,1,p0.95_m1,0,6500,0.98,random8,8x8,0.9733333333333334,6
q_learning,Q-learning,0.95,1,p0.95_m1,0,7000,0.9,random8,8x8,0.9733333333333334,6
q_learning,Q-learning,0.95,1,p0.95_m1,0,7500,0.98,random8,8x8,0.9733333333333334,6
q_learning,Q-learning,0.95,1,p0.95_m1,0,8000,0.96,random8,8x8,0.9733333333333334,6
q_learning,Q-learning,0.95,1,p0.95_m1,0,8500,0.96,random8,8x8,0.9733333333333334,6
q_learning,Q-learning,0.95,1,p0.95_m1,0,9000,1.0,random8,8x8,0.9733333333333334,6
q_learning,Q-learning,0.95,1,p0.95_m1,0,9500,0.86,random8,8x8,0.9733333333333334,6
q_learning,Q-learning,0.95,1,p0.95_m1,0,10000,1.0,random8,8x8,0.9733333333333334,6
sarsa,SARSA,0.95,1,p0.95_m1,0,0,0.0,random8,8x8,0.9733333333333334,6
sarsa,SARSA,0.95,1,p0.95_m1,0,500,0.04,random8,8x8,0.9733333333333334,6
sarsa,SARSA,0.95,1,p0.95_m1,0,1000,0.22,random8,8x8,0.9733333333333334,6
sarsa,SARSA,0.95,1,p0.95_m1,0,1500,0.16,random8,8x8,0.9733333333333334,6
sarsa,SARSA,0.95,1,p0.95_m1,0,2000,0.24,random8,8x8,0.9733333333333334,6
sarsa,SARSA,0.95,1,p0.95_m1,0,2500,0.26,random8,8x8,0.9733333333333334,6
sarsa,SARSA,0.95,1,p0.95_m1,0,3000,0.6,random8,8x8,0.9733333333333334,6
sarsa,SARSA,0.95,1,p0.95_m1,0,3500,0.34,random8,8x8,0.9733333333333334,6
sarsa,SARSA,0.95,1,p0.95_m1,0,4000,0.62,random8,8x8,0.9733333333333334,6
sarsa,SARSA,0.95,1,p0.95_m1,0,4500,0.82,random8,8x8,0.9733333333333334,6
sarsa,SARSA,0.95,1,p0.95_m1,0,5000,0.76,random8,8x8,0.9733333333333334,6
sarsa,SARSA,0.95,1,p0.95_m1,0,5500,0.86,random8,8x8,0.9733333333333334,6
sarsa,SARSA,0.95,1,p0.95_m1,0,6000,0.74,random8,8x8,0.9733333333333334,6
sarsa,SARSA,0.95,1,p0.95_m1,0,6500,0.94,random8,8x8,0.9733333333333334,6
sarsa,SARSA,0.95,1,p0.95_m1,0,7000,0.82,random8,8x8,0.9733333333333334,6
sarsa,SARSA,0.95,1,p0.95_m1,0,7500,0.94,random8,8x8,0.9733333333333334,6
sarsa,SARSA,0.95,1,p0.95_m1,0,8000,0.72,random8,8x8,0.9733333333333334,6
sarsa,SARSA,0.95,1,p0.95_m1,0,8500,0.84,random8,8x8,0.9733333333333334,6
sarsa,SARSA,0.95,1,p0.95_m1,0,9000,0.88,random8,8x8,0.9733333333333334,6
sarsa,SARSA,0.95,1,p0.95_m1,0,9500,0.96,random8,8x8,0.9733333333333334,6
sarsa,SARSA,0.95,1,p0.95_m1,0,10000,0.92,random8,8x8,0.9733333333333334,6
expected_sarsa,Expected SARSA,0.95,1,p0.95_m1,0,0,0.0,random8,8x8,0.9733333333333334,6
expected_sarsa,Expected SARSA,0.95,1,p0.95_m1,0,500,0.06,random8,8x8,0.9733333333333334,6
expected_sarsa,Expected SARSA,0.95,1,p0.95_m1,0,1000,0.18,random8,8x8,0.9733333333333334,6
expected_sarsa,Expected SARSA,0.95,1,p0.95_m1,0,1500,0.2,random8,8x8,0.9733333333333334,6
expected_sarsa,Expected SARSA,0.95,1,p0.95_m1,0,2000,0.16,random8,8x8,0.9733333333333334,6
expected_sarsa,Expected SARSA,0.95,1,p0.95_m1,0,2500,0.32,random8,8x8,0.9733333333333334,6
expected_sarsa,Expected SARSA,0.95,1,p0.95_m1,0,3000,0.3,random8,8x8,0.9733333333333334,6
expected_sarsa,Expected SARSA,0.95,1,p0.95_m1,0,3500,0.58,random8,8x8,0.9733333333333334,6
expected_sarsa,Expected SARSA,0.95,1,p0.95_m1,0,4000,0.58,random8,8x8,0.9733333333333334,6
expected_sarsa,Expected SARSA,0.95,1,p0.95_m1,0,4500,0.7,random8,8x8,0.9733333333333334,6
expected_sarsa,Expected SARSA,0.95,1,p0.95_m1,0,5000,0.72,random8,8x8,0.9733333333333334,6
expected_sarsa,Expected SARSA,0.95,1,p0.95_m1,0,5500,0.78,random8,8x8,0.9733333333333334,6
expected_sarsa,Expected SARSA,0.95,1,p0.95_m1,0,6000,0.84,random8,8x8,0.9733333333333334,6
expected_sarsa,Expected SARSA,0.95,1,p0.95_m1,0,6500,0.78,random8,8x8,0.9733333333333334,6
expected_sarsa,Expected SARSA,0.95,1,p0.95_m1,0,7000,0.88,random8,8x8,0.9733333333333334,6
expected_sarsa,Expected SARSA,0.95,1,p0.95_m1,0,7500,0.96,random8,8x8,0.9733333333333334,6
expected_sarsa,Expected SARSA,0.95,1,p0.95_m1,0,8000,0.94,random8,8x8,0.9733333333333334,6
expected_sarsa,Expected SARSA,0.95,1,p0.95_m1,0,8500,0.9,random8,8x8,0.9733333333333334,6
expected_sarsa,Expected SARSA,0.95,1,p0.95_m1,0,9000,1.0,random8,8x8,0.9733333333333334,6
expected_sarsa,Expected SARSA,0.95,1,p0.95_m1,0,9500,0.98,random8,8x8,0.9733333333333334,6
expected_sarsa,Expected SARSA,0.95,1,p0.95_m1,0,10000,0.98,random8,8x8,0.9733333333333334,6
sarsa_lambda,SARSA(lambda),0.95,1,p0.95_m1,0,0,0.0,random8,8x8,0.9733333333333334,6
sarsa_lambda,SARSA(lambda),0.95,1,p0.95_m1,0,500,0.26,random8,8x8,0.9733333333333334,6
sarsa_lambda,SARSA(lambda),0.95,1,p0.95_m1,0,1000,0.52,random8,8x8,0.9733333333333334,6
sarsa_lambda,SARSA(lambda),0.95,1,p0.95_m1,0,1500,0.8,random8,8x8,0.9733333333333334,6
sarsa_lambda,SARSA(lambda),0.95,1,p0.95_m1,0,2000,0.58,random8,8x8,0.9733333333333334,6
sarsa_lambda,SARSA(lambda),0.95,1,p0.95_m1,0,2500,0.74,random8,8x8,0.9733333333333334,6
sarsa_lambda,SARSA(lambda),0.95,1,p0.95_m1,0,3000,0.7,random8,8x8,0.9733333333333334,6
sarsa_lambda,SARSA(lambda),0.95,1,p0.95_m1,0,3500,0.78,random8,8x8,0.9733333333333334,6
sarsa_lambda,SARSA(lambda),0.95,1,p0.95_m1,0,4000,0.84,random8,8x8,0.9733333333333334,6
sarsa_lambda,SARSA(lambda),0.95,1,p0.95_m1,0,4500,0.76,random8,8x8,0.9733333333333334,6
sarsa_lambda,SARSA(lambda),0.95,1,p0.95_m1,0,5000,0.38,random8,8x8,0.9733333333333334,6
sarsa_lambda,SARSA(lambda),0.95,1,p0.95_m1,0,5500,0.6,random8,8x8,0.9733333333333334,6
sarsa_lambda,SARSA(lambda),0.95,1,p0.95_m1,0,6000,0.56,random8,8x8,0.9733333333333334,6
sarsa_lambda,SARSA(lambda),0.95,1,p0.95_m1,0,6500,0.54,random8,8x8,0.9733333333333334,6
sarsa_lambda,SARSA(lambda),0.95,1,p0.95_m1,0,7000,0.56,random8,8x8,0.9733333333333334,6
sarsa_lambda,SARSA(lambda),0.95,1,p0.95_m1,0,7500,0.8,random8,8x8,0.9733333333333334,6
sarsa_lambda,SARSA(lambda),0.95,1,p0.95_m1,0,8000,0.64,random8,8x8,0.9733333333333334,6
sarsa_lambda,SARSA(lambda),0.95,1,p0.95_m1,0,8500,0.62,random8,8x8,0.9733333333333334,6
sarsa_lambda,SARSA(lambda),0.95,1,p0.95_m1,0,9000,0.54,random8,8x8,0.9733333333333334,6
sarsa_lambda,SARSA(lambda),0.95,1,p0.95_m1,0,9500,0.54,random8,8x8,0.9733333333333334,6
sarsa_lambda,SARSA(lambda),0.95,1,p0.95_m1,0,10000,0.74,random8,8x8,0.9733333333333334,6
q_lambda,Q(lambda),0.95,1,p0.95_m1,0,0,0.0,random8,8x8,0.9733333333333334,6
q_lambda,Q(lambda),0.95,1,p0.95_m1,0,500,0.06,random8,8x8,0.9733333333333334,6
q_lambda,Q(lambda),0.95,1,p0.95_m1,0,1000,0.1,random8,8x8,0.9733333333333334,6
q_lambda,Q(lambda),0.95,1,p0.95_m1,0,1500,0.02,random8,8x8,0.9733333333333334,6
q_lambda,Q(lambda),0.95,1,p0.95_m1,0,2000,0.16,random8,8x8,0.9733333333333334,6
q_lambda,Q(lambda),0.95,1,p0.95_m1,0,2500,0.14,random8,8x8,0.9733333333333334,6
q_lambda,Q(lambda),0.95,1,p0.95_m1,0,3000,0.22,random8,8x8,0.9733333333333334,6
q_lambda,Q(lambda),0.95,1,p0.95_m1,0,3500,0.32,random8,8x8,0.9733333333333334,6
q_lambda,Q(lambda),0.95,1,p0.95_m1,0,4000,0.58,random8,8x8,0.9733333333333334,6
q_lambda,Q(lambda),0.95,1,p0.95_m1,0,4500,0.58,random8,8x8,0.9733333333333334,6
q_lambda,Q(lambda),0.95,1,p0.95_m1,0,5000,0.82,random8,8x8,0.9733333333333334,6
q_lambda,Q(lambda),0.95,1,p0.95_m1,0,5500,0.9,random8,8x8,0.9733333333333334,6
q_lambda,Q(lambda),0.95,1,p0.95_m1,0,6000,0.88,random8,8x8,0.9733333333333334,6
q_lambda,Q(lambda),0.95,1,p0.95_m1,0,6500,0.84,random8,8x8,0.9733333333333334,6
q_lambda,Q(lambda),0.95,1,p0.95_m1,0,7000,0.74,random8,8x8,0.9733333333333334,6
q_lambda,Q(lambda),0.95,1,p0.95_m1,0,7500,0.76,random8,8x8,0.9733333333333334,6
q_lambda,Q(lambda),0.95,1,p0.95_m1,0,8000,0.8,random8,8x8,0.9733333333333334,6
q_lambda,Q(lambda),0.95,1,p0.95_m1,0,8500,0.84,random8,8x8,0.9733333333333334,6
q_lambda,Q(lambda),0.95,1,p0.95_m1,0,9000,0.8,random8,8x8,0.9733333333333334,6
q_lambda,Q(lambda),0.95,1,p0.95_m1,0,9500,0.9,random8,8x8,0.9733333333333334,6
q_lambda,Q(lambda),0.95,1,p0.95_m1,0,10000,0.86,random8,8x8,0.9733333333333334,6
optimistic_q,Optimistic Q,0.95,1,p0.95_m1,0,0,0.0,random8,8x8,0.9733333333333334,6
optimistic_q,Optimistic Q,0.95,1,p0.95_m1,0,500,0.78,random8,8x8,0.9733333333333334,6
optimistic_q,Optimistic Q,0.95,1,p0.95_m1,0,1000,1.0,random8,8x8,0.9733333333333334,6
optimistic_q,Optimistic Q,0.95,1,p0.95_m1,0,1500,0.98,random8,8x8,0.9733333333333334,6
optimistic_q,Optimistic Q,0.95,1,p0.95_m1,0,2000,0.86,random8,8x8,0.9733333333333334,6
optimistic_q,Optimistic Q,0.95,1,p0.95_m1,0,2500,0.92,random8,8x8,0.9733333333333334,6
optimistic_q,Optimistic Q,0.95,1,p0.95_m1,0,3000,0.98,random8,8x8,0.9733333333333334,6
optimistic_q,Optimistic Q,0.95,1,p0.95_m1,0,3500,1.0,random8,8x8,0.9733333333333334,6
optimistic_q,Optimistic Q,0.95,1,p0.95_m1,0,4000,0.96,random8,8x8,0.9733333333333334,6
optimistic_q,Optimistic Q,0.95,1,p0.95_m1,0,4500,0.98,random8,8x8,0.9733333333333334,6
optimistic_q,Optimistic Q,0.95,1,p0.95_m1,0,5000,0.94,random8,8x8,0.9733333333333334,6
optimistic_q,Optimistic Q,0.95,1,p0.95_m1,0,5500,1.0,random8,8x8,0.9733333333333334,6
optimistic_q,Optimistic Q,0.95,1,p0.95_m1,0,6000,1.0,random8,8x8,0.9733333333333334,6
optimistic_q,Optimistic Q,0.95,1,p0.95_m1,0,6500,0.98,random8,8x8,0.9733333333333334,6
optimistic_q,Optimistic Q,0.95,1,p0.95_m1,0,7000,0.94,random8,8x8,0.9733333333333334,6
optimistic_q,Optimistic Q,0.95,1,p0.95_m1,0,7500,1.0,random8,8x8,0.9733333333333334,6
optimistic_q,Optimistic Q,0.95,1,p0.95_m1,0,8000,0.96,random8,8x8,0.9733333333333334,6
optimistic_q,Optimistic Q,0.95,1,p0.95_m1,0,8500,0.94,random8,8x8,0.9733333333333334,6
optimistic_q,Optimistic Q,0.95,1,p0.95_m1,0,9000,1.0,random8,8x8,0.9733333333333334,6
optimistic_q,Optimistic Q,0.95,1,p0.95_m1,0,9500,1.0,random8,8x8,0.9733333333333334,6
optimistic_q,Optimistic Q,0.95,1,p0.95_m1,0,10000,0.98,random8,8x8,0.9733333333333334,6
dyna_q,Dyna-Q,0.95,1,p0.95_m1,0,0,0.0,random8,8x8,0.9733333333333334,6
dyna_q,Dyna-Q,0.95,1,p0.95_m1,0,500,0.66,random8,8x8,0.9733333333333334,6
dyna_q,Dyna-Q,0.95,1,p0.95_m1,0,1000,0.72,random8,8x8,0.9733333333333334,6
dyna_q,Dyna-Q,0.95,1,p0.95_m1,0,1500,0.94,random8,8x8,0.9733333333333334,6
dyna_q,Dyna-Q,0.95,1,p0.95_m1,0,2000,0.48,random8,8x8,0.9733333333333334,6
dyna_q,Dyna-Q,0.95,1,p0.95_m1,0,2500,0.96,random8,8x8,0.9733333333333334,6
dyna_q,Dyna-Q,0.95,1,p0.95_m1,0,3000,0.98,random8,8x8,0.9733333333333334,6
dyna_q,Dyna-Q,0.95,1,p0.95_m1,0,3500,0.7,random8,8x8,0.9733333333333334,6
dyna_q,Dyna-Q,0.95,1,p0.95_m1,0,4000,0.92,random8,8x8,0.9733333333333334,6
dyna_q,Dyna-Q,0.95,1,p0.95_m1,0,4500,0.26,random8,8x8,0.9733333333333334,6
dyna_q,Dyna-Q,0.95,1,p0.95_m1,0,5000,0.98,random8,8x8,0.9733333333333334,6
dyna_q,Dyna-Q,0.95,1,p0.95_m1,0,5500,0.96,random8,8x8,0.9733333333333334,6
dyna_q,Dyna-Q,0.95,1,p0.95_m1,0,6000,0.9,random8,8x8,0.9733333333333334,6
dyna_q,Dyna-Q,0.95,1,p0.95_m1,0,6500,0.98,random8,8x8,0.9733333333333334,6
dyna_q,Dyna-Q,0.95,1,p0.95_m1,0,7000,0.86,random8,8x8,0.9733333333333334,6
dyna_q,Dyna-Q,0.95,1,p0.95_m1,0,7500,0.98,random8,8x8,0.9733333333333334,6
dyna_q,Dyna-Q,0.95,1,p0.95_m1,0,8000,0.94,random8,8x8,0.9733333333333334,6
dyna_q,Dyna-Q,0.95,1,p0.95_m1,0,8500,0.68,random8,8x8,0.9733333333333334,6
dyna_q,Dyna-Q,0.95,1,p0.95_m1,0,9000,0.98,random8,8x8,0.9733333333333334,6
dyna_q,Dyna-Q,0.95,1,p0.95_m1,0,9500,0.7,random8,8x8,0.9733333333333334,6
dyna_q,Dyna-Q,0.95,1,p0.95_m1,0,10000,0.74,random8,8x8,0.9733333333333334,6
q_learning,Q-learning,0.95,2,p0.95_m2,0,0,0.06,random8,8x8,1.0,2
q_learning,Q-learning,0.95,2,p0.95_m2,0,500,1.0,random8,8x8,1.0,2
q_learning,Q-learning,0.95,2,p0.95_m2,0,1000,1.0,random8,8x8,1.0,2
q_learning,Q-learning,0.95,2,p0.95_m2,0,1500,0.98,random8,8x8,1.0,2
q_learning,Q-learning,0.95,2,p0.95_m2,0,2000,1.0,random8,8x8,1.0,2
q_learning,Q-learning,0.95,2,p0.95_m2,0,2500,0.98,random8,8x8,1.0,2
q_learning,Q-learning,0.95,2,p0.95_m2,0,3000,1.0,random8,8x8,1.0,2
q_learning,Q-learning,0.95,2,p0.95_m2,0,3500,1.0,random8,8x8,1.0,2
q_learning,Q-learning,0.95,2,p0.95_m2,0,4000,1.0,random8,8x8,1.0,2
q_learning,Q-learning,0.95,2,p0.95_m2,0,4500,1.0,random8,8x8,1.0,2
q_learning,Q-learning,0.95,2,p0.95_m2,0,5000,1.0,random8,8x8,1.0,2
q_learning,Q-learning,0.95,2,p0.95_m2,0,5500,0.98,random8,8x8,1.0,2
q_learning,Q-learning,0.95,2,p0.95_m2,0,6000,1.0,random8,8x8,1.0,2
q_learning,Q-learning,0.95,2,p0.95_m2,0,6500,1.0,random8,8x8,1.0,2
q_learning,Q-learning,0.95,2,p0.95_m2,0,7000,1.0,random8,8x8,1.0,2
q_learning,Q-learning,0.95,2,p0.95_m2,0,7500,1.0,random8,8x8,1.0,2
q_learning,Q-learning,0.95,2,p0.95_m2,0,8000,1.0,random8,8x8,1.0,2
q_learning,Q-learning,0.95,2,p0.95_m2,0,8500,0.98,random8,8x8,1.0,2
q_learning,Q-learning,0.95,2,p0.95_m2,0,9000,1.0,random8,8x8,1.0,2
q_learning,Q-learning,0.95,2,p0.95_m2,0,9500,1.0,random8,8x8,1.0,2
q_learning,Q-learning,0.95,2,p0.95_m2,0,10000,1.0,random8,8x8,1.0,2
sarsa,SARSA,0.95,2,p0.95_m2,0,0,0.06,random8,8x8,1.0,2
sarsa,SARSA,0.95,2,p0.95_m2,0,500,0.94,random8,8x8,1.0,2
sarsa,SARSA,0.95,2,p0.95_m2,0,1000,0.92,random8,8x8,1.0,2
sarsa,SARSA,0.95,2,p0.95_m2,0,1500,1.0,random8,8x8,1.0,2
sarsa,SARSA,0.95,2,p0.95_m2,0,2000,1.0,random8,8x8,1.0,2
sarsa,SARSA,0.95,2,p0.95_m2,0,2500,1.0,random8,8x8,1.0,2
sarsa,SARSA,0.95,2,p0.95_m2,0,3000,1.0,random8,8x8,1.0,2
sarsa,SARSA,0.95,2,p0.95_m2,0,3500,1.0,random8,8x8,1.0,2
sarsa,SARSA,0.95,2,p0.95_m2,0,4000,1.0,random8,8x8,1.0,2
sarsa,SARSA,0.95,2,p0.95_m2,0,4500,1.0,random8,8x8,1.0,2
sarsa,SARSA,0.95,2,p0.95_m2,0,5000,0.96,random8,8x8,1.0,2
sarsa,SARSA,0.95,2,p0.95_m2,0,5500,1.0,random8,8x8,1.0,2
sarsa,SARSA,0.95,2,p0.95_m2,0,6000,1.0,random8,8x8,1.0,2
sarsa,SARSA,0.95,2,p0.95_m2,0,6500,1.0,random8,8x8,1.0,2
sarsa,SARSA,0.95,2,p0.95_m2,0,7000,1.0,random8,8x8,1.0,2
sarsa,SARSA,0.95,2,p0.95_m2,0,7500,1.0,random8,8x8,1.0,2
sarsa,SARSA,0.95,2,p0.95_m2,0,8000,1.0,random8,8x8,1.0,2
sarsa,SARSA,0.95,2,p0.95_m2,0,8500,1.0,random8,8x8,1.0,2
sarsa,SARSA,0.95,2,p0.95_m2,0,9000,1.0,random8,8x8,1.0,2
sarsa,SARSA,0.95,2,p0.95_m2,0,9500,1.0,random8,8x8,1.0,2
sarsa,SARSA,0.95,2,p0.95_m2,0,10000,1.0,random8,8x8,1.0,2
expected_sarsa,Expected SARSA,0.95,2,p0.95_m2,0,0,0.06,random8,8x8,1.0,2
expected_sarsa,Expected SARSA,0.95,2,p0.95_m2,0,500,0.98,random8,8x8,1.0,2
expected_sarsa,Expected SARSA,0.95,2,p0.95_m2,0,1000,0.96,random8,8x8,1.0,2
expected_sarsa,Expected SARSA,0.95,2,p0.95_m2,0,1500,0.98,random8,8x8,1.0,2
expected_sarsa,Expected SARSA,0.95,2,p0.95_m2,0,2000,1.0,random8,8x8,1.0,2
expected_sarsa,Expected SARSA,0.95,2,p0.95_m2,0,2500,0.98,random8,8x8,1.0,2
expected_sarsa,Expected SARSA,0.95,2,p0.95_m2,0,3000,0.92,random8,8x8,1.0,2
expected_sarsa,Expected SARSA,0.95,2,p0.95_m2,0,3500,0.98,random8,8x8,1.0,2
expected_sarsa,Expected SARSA,0.95,2,p0.95_m2,0,4000,0.98,random8,8x8,1.0,2
expected_sarsa,Expected SARSA,0.95,2,p0.95_m2,0,4500,0.96,random8,8x8,1.0,2
expected_sarsa,Expected SARSA,0.95,2,p0.95_m2,0,5000,1.0,random8,8x8,1.0,2
expected_sarsa,Expected SARSA,0.95,2,p0.95_m2,0,5500,1.0,random8,8x8,1.0,2
expected_sarsa,Expected SARSA,0.95,2,p0.95_m2,0,6000,0.98,random8,8x8,1.0,2
expected_sarsa,Expected SARSA,0.95,2,p0.95_m2,0,6500,1.0,random8,8x8,1.0,2
expected_sarsa,Expected SARSA,0.95,2,p0.95_m2,0,7000,1.0,random8,8x8,1.0,2
expected_sarsa,Expected SARSA,0.95,2,p0.95_m2,0,7500,0.98,random8,8x8,1.0,2
expected_sarsa,Expected SARSA,0.95,2,p0.95_m2,0,8000,1.0,random8,8x8,1.0,2
expected_sarsa,Expected SARSA,0.95,2,p0.95_m2,0,8500,1.0,random8,8x8,1.0,2
expected_sarsa,Expected SARSA,0.95,2,p0.95_m2,0,9000,1.0,random8,8x8,1.0,2
expected_sarsa,Expected SARSA,0.95,2,p0.95_m2,0,9500,1.0,random8,8x8,1.0,2
expected_sarsa,Expected SARSA,0.95,2,p0.95_m2,0,10000,1.0,random8,8x8,1.0,2
sarsa_lambda,SARSA(lambda),0.95,2,p0.95_m2,0,0,0.06,random8,8x8,1.0,2
sarsa_lambda,SARSA(lambda),0.95,2,p0.95_m2,0,500,0.96,random8,8x8,1.0,2
sarsa_lambda,SARSA(lambda),0.95,2,p0.95_m2,0,1000,0.96,random8,8x8,1.0,2
sarsa_lambda,SARSA(lambda),0.95,2,p0.95_m2,0,1500,0.98,random8,8x8,1.0,2
sarsa_lambda,SARSA(lambda),0.95,2,p0.95_m2,0,2000,0.94,random8,8x8,1.0,2
sarsa_lambda,SARSA(lambda),0.95,2,p0.95_m2,0,2500,0.9,random8,8x8,1.0,2
sarsa_lambda,SARSA(lambda),0.95,2,p0.95_m2,0,3000,0.98,random8,8x8,1.0,2
sarsa_lambda,SARSA(lambda),0.95,2,p0.95_m2,0,3500,0.94,random8,8x8,1.0,2
sarsa_lambda,SARSA(lambda),0.95,2,p0.95_m2,0,4000,0.98,random8,8x8,1.0,2
sarsa_lambda,SARSA(lambda),0.95,2,p0.95_m2,0,4500,0.96,random8,8x8,1.0,2
sarsa_lambda,SARSA(lambda),0.95,2,p0.95_m2,0,5000,0.9,random8,8x8,1.0,2
sarsa_lambda,SARSA(lambda),0.95,2,p0.95_m2,0,5500,1.0,random8,8x8,1.0,2
sarsa_lambda,SARSA(lambda),0.95,2,p0.95_m2,0,6000,0.92,random8,8x8,1.0,2
sarsa_lambda,SARSA(lambda),0.95,2,p0.95_m2,0,6500,1.0,random8,8x8,1.0,2
sarsa_lambda,SARSA(lambda),0.95,2,p0.95_m2,0,7000,0.94,random8,8x8,1.0,2
sarsa_lambda,SARSA(lambda),0.95,2,p0.95_m2,0,7500,0.94,random8,8x8,1.0,2
sarsa_lambda,SARSA(lambda),0.95,2,p0.95_m2,0,8000,0.98,random8,8x8,1.0,2
sarsa_lambda,SARSA(lambda),0.95,2,p0.95_m2,0,8500,0.94,random8,8x8,1.0,2
sarsa_lambda,SARSA(lambda),0.95,2,p0.95_m2,0,9000,0.96,random8,8x8,1.0,2
sarsa_lambda,SARSA(lambda),0.95,2,p0.95_m2,0,9500,0.98,random8,8x8,1.0,2
sarsa_lambda,SARSA(lambda),0.95,2,p0.95_m2,0,10000,1.0,random8,8x8,1.0,2
q_lambda,Q(lambda),0.95,2,p0.95_m2,0,0,0.06,random8,8x8,1.0,2
q_lambda,Q(lambda),0.95,2,p0.95_m2,0,500,0.82,random8,8x8,1.0,2
q_lambda,Q(lambda),0.95,2,p0.95_m2,0,1000,1.0,random8,8x8,1.0,2
q_lambda,Q(lambda),0.95,2,p0.95_m2,0,1500,1.0,random8,8x8,1.0,2
q_lambda,Q(lambda),0.95,2,p0.95_m2,0,2000,0.98,random8,8x8,1.0,2
q_lambda,Q(lambda),0.95,2,p0.95_m2,0,2500,1.0,random8,8x8,1.0,2
q_lambda,Q(lambda),0.95,2,p0.95_m2,0,3000,1.0,random8,8x8,1.0,2
q_lambda,Q(lambda),0.95,2,p0.95_m2,0,3500,1.0,random8,8x8,1.0,2
q_lambda,Q(lambda),0.95,2,p0.95_m2,0,4000,1.0,random8,8x8,1.0,2
q_lambda,Q(lambda),0.95,2,p0.95_m2,0,4500,0.8,random8,8x8,1.0,2
q_lambda,Q(lambda),0.95,2,p0.95_m2,0,5000,1.0,random8,8x8,1.0,2
q_lambda,Q(lambda),0.95,2,p0.95_m2,0,5500,1.0,random8,8x8,1.0,2
q_lambda,Q(lambda),0.95,2,p0.95_m2,0,6000,0.98,random8,8x8,1.0,2
q_lambda,Q(lambda),0.95,2,p0.95_m2,0,6500,1.0,random8,8x8,1.0,2
q_lambda,Q(lambda),0.95,2,p0.95_m2,0,7000,1.0,random8,8x8,1.0,2
q_lambda,Q(lambda),0.95,2,p0.95_m2,0,7500,1.0,random8,8x8,1.0,2
q_lambda,Q(lambda),0.95,2,p0.95_m2,0,8000,1.0,random8,8x8,1.0,2
q_lambda,Q(lambda),0.95,2,p0.95_m2,0,8500,1.0,random8,8x8,1.0,2
q_lambda,Q(lambda),0.95,2,p0.95_m2,0,9000,0.96,random8,8x8,1.0,2
q_lambda,Q(lambda),0.95,2,p0.95_m2,0,9500,0.96,random8,8x8,1.0,2
q_lambda,Q(lambda),0.95,2,p0.95_m2,0,10000,0.98,random8,8x8,1.0,2
optimistic_q,Optimistic Q,0.95,2,p0.95_m2,0,0,0.06,random8,8x8,1.0,2
optimistic_q,Optimistic Q,0.95,2,p0.95_m2,0,500,0.86,random8,8x8,1.0,2
optimistic_q,Optimistic Q,0.95,2,p0.95_m2,0,1000,1.0,random8,8x8,1.0,2
optimistic_q,Optimistic Q,0.95,2,p0.95_m2,0,1500,1.0,random8,8x8,1.0,2
optimistic_q,Optimistic Q,0.95,2,p0.95_m2,0,2000,1.0,random8,8x8,1.0,2
optimistic_q,Optimistic Q,0.95,2,p0.95_m2,0,2500,1.0,random8,8x8,1.0,2
optimistic_q,Optimistic Q,0.95,2,p0.95_m2,0,3000,1.0,random8,8x8,1.0,2
optimistic_q,Optimistic Q,0.95,2,p0.95_m2,0,3500,1.0,random8,8x8,1.0,2
optimistic_q,Optimistic Q,0.95,2,p0.95_m2,0,4000,1.0,random8,8x8,1.0,2
optimistic_q,Optimistic Q,0.95,2,p0.95_m2,0,4500,1.0,random8,8x8,1.0,2
optimistic_q,Optimistic Q,0.95,2,p0.95_m2,0,5000,1.0,random8,8x8,1.0,2
optimistic_q,Optimistic Q,0.95,2,p0.95_m2,0,5500,1.0,random8,8x8,1.0,2
optimistic_q,Optimistic Q,0.95,2,p0.95_m2,0,6000,1.0,random8,8x8,1.0,2
optimistic_q,Optimistic Q,0.95,2,p0.95_m2,0,6500,1.0,random8,8x8,1.0,2
optimistic_q,Optimistic Q,0.95,2,p0.95_m2,0,7000,1.0,random8,8x8,1.0,2
optimistic_q,Optimistic Q,0.95,2,p0.95_m2,0,7500,1.0,random8,8x8,1.0,2
optimistic_q,Optimistic Q,0.95,2,p0.95_m2,0,8000,1.0,random8,8x8,1.0,2
optimistic_q,Optimistic Q,0.95,2,p0.95_m2,0,8500,1.0,random8,8x8,1.0,2
optimistic_q,Optimistic Q,0.95,2,p0.95_m2,0,9000,1.0,random8,8x8,1.0,2
optimistic_q,Optimistic Q,0.95,2,p0.95_m2,0,9500,1.0,random8,8x8,1.0,2
optimistic_q,Optimistic Q,0.95,2,p0.95_m2,0,10000,1.0,random8,8x8,1.0,2
dyna_q,Dyna-Q,0.95,2,p0.95_m2,0,0,0.06,random8,8x8,1.0,2
dyna_q,Dyna-Q,0.95,2,p0.95_m2,0,500,0.44,random8,8x8,1.0,2
dyna_q,Dyna-Q,0.95,2,p0.95_m2,0,1000,0.92,random8,8x8,1.0,2
dyna_q,Dyna-Q,0.95,2,p0.95_m2,0,1500,0.96,random8,8x8,1.0,2
dyna_q,Dyna-Q,0.95,2,p0.95_m2,0,2000,0.86,random8,8x8,1.0,2
dyna_q,Dyna-Q,0.95,2,p0.95_m2,0,2500,0.96,random8,8x8,1.0,2
dyna_q,Dyna-Q,0.95,2,p0.95_m2,0,3000,1.0,random8,8x8,1.0,2
dyna_q,Dyna-Q,0.95,2,p0.95_m2,0,3500,1.0,random8,8x8,1.0,2
dyna_q,Dyna-Q,0.95,2,p0.95_m2,0,4000,0.68,random8,8x8,1.0,2
dyna_q,Dyna-Q,0.95,2,p0.95_m2,0,4500,1.0,random8,8x8,1.0,2
dyna_q,Dyna-Q,0.95,2,p0.95_m2,0,5000,0.94,random8,8x8,1.0,2
dyna_q,Dyna-Q,0.95,2,p0.95_m2,0,5500,1.0,random8,8x8,1.0,2
dyna_q,Dyna-Q,0.95,2,p0.95_m2,0,6000,1.0,random8,8x8,1.0,2
dyna_q,Dyna-Q,0.95,2,p0.95_m2,0,6500,0.92,random8,8x8,1.0,2
dyna_q,Dyna-Q,0.95,2,p0.95_m2,0,7000,1.0,random8,8x8,1.0,2
dyna_q,Dyna-Q,0.95,2,p0.95_m2,0,7500,0.82,random8,8x8,1.0,2
dyna_q,Dyna-Q,0.95,2,p0.95_m2,0,8000,1.0,random8,8x8,1.0,2
dyna_q,Dyna-Q,0.95,2,p0.95_m2,0,8500,0.98,random8,8x8,1.0,2
dyna_q,Dyna-Q,0.95,2,p0.95_m2,0,9000,0.98,random8,8x8,1.0,2
dyna_q,Dyna-Q,0.95,2,p0.95_m2,0,9500,0.92,random8,8x8,1.0,2
dyna_q,Dyna-Q,0.95,2,p0.95_m2,0,10000,0.98,random8,8x8,1.0,2
q_learning,Q-learning,0.95,3,p0.95_m3,0,0,0.0,random8,8x8,1.0,5
q_learning,Q-learning,0.95,3,p0.95_m3,0,500,0.26,random8,8x8,1.0,5
q_learning,Q-learning,0.95,3,p0.95_m3,0,1000,0.34,random8,8x8,1.0,5
q_learning,Q-learning,0.95,3,p0.95_m3,0,1500,0.6,random8,8x8,1.0,5
q_learning,Q-learning,0.95,3,p0.95_m3,0,2000,0.54,random8,8x8,1.0,5
q_learning,Q-learning,0.95,3,p0.95_m3,0,2500,0.74,random8,8x8,1.0,5
q_learning,Q-learning,0.95,3,p0.95_m3,0,3000,0.88,random8,8x8,1.0,5
q_learning,Q-learning,0.95,3,p0.95_m3,0,3500,0.82,random8,8x8,1.0,5
q_learning,Q-learning,0.95,3,p0.95_m3,0,4000,0.86,random8,8x8,1.0,5
q_learning,Q-learning,0.95,3,p0.95_m3,0,4500,0.9,random8,8x8,1.0,5
q_learning,Q-learning,0.95,3,p0.95_m3,0,5000,0.8,random8,8x8,1.0,5
q_learning,Q-learning,0.95,3,p0.95_m3,0,5500,0.92,random8,8x8,1.0,5
q_learning,Q-learning,0.95,3,p0.95_m3,0,6000,0.84,random8,8x8,1.0,5
q_learning,Q-learning,0.95,3,p0.95_m3,0,6500,0.98,random8,8x8,1.0,5
q_learning,Q-learning,0.95,3,p0.95_m3,0,7000,0.88,random8,8x8,1.0,5
q_learning,Q-learning,0.95,3,p0.95_m3,0,7500,0.98,random8,8x8,1.0,5
q_learning,Q-learning,0.95,3,p0.95_m3,0,8000,0.64,random8,8x8,1.0,5
q_learning,Q-learning,0.95,3,p0.95_m3,0,8500,1.0,random8,8x8,1.0,5
q_learning,Q-learning,0.95,3,p0.95_m3,0,9000,0.86,random8,8x8,1.0,5
q_learning,Q-learning,0.95,3,p0.95_m3,0,9500,0.92,random8,8x8,1.0,5
q_learning,Q-learning,0.95,3,p0.95_m3,0,10000,0.9,random8,8x8,1.0,5
sarsa,SARSA,0.95,3,p0.95_m3,0,0,0.0,random8,8x8,1.0,5
sarsa,SARSA,0.95,3,p0.95_m3,0,500,0.32,random8,8x8,1.0,5
sarsa,SARSA,0.95,3,p0.95_m3,0,1000,0.3,random8,8x8,1.0,5
sarsa,SARSA,0.95,3,p0.95_m3,0,1500,0.44,random8,8x8,1.0,5
sarsa,SARSA,0.95,3,p0.95_m3,0,2000,0.5,random8,8x8,1.0,5
sarsa,SARSA,0.95,3,p0.95_m3,0,2500,0.52,random8,8x8,1.0,5
sarsa,SARSA,0.95,3,p0.95_m3,0,3000,0.58,random8,8x8,1.0,5
sarsa,SARSA,0.95,3,p0.95_m3,0,3500,0.62,random8,8x8,1.0,5
sarsa,SARSA,0.95,3,p0.95_m3,0,4000,0.62,random8,8x8,1.0,5
sarsa,SARSA,0.95,3,p0.95_m3,0,4500,0.6,random8,8x8,1.0,5
sarsa,SARSA,0.95,3,p0.95_m3,0,5000,0.58,random8,8x8,1.0,5
sarsa,SARSA,0.95,3,p0.95_m3,0,5500,0.8,random8,8x8,1.0,5
sarsa,SARSA,0.95,3,p0.95_m3,0,6000,0.68,random8,8x8,1.0,5
sarsa,SARSA,0.95,3,p0.95_m3,0,6500,0.86,random8,8x8,1.0,5
sarsa,SARSA,0.95,3,p0.95_m3,0,7000,0.98,random8,8x8,1.0,5
sarsa,SARSA,0.95,3,p0.95_m3,0,7500,0.9,random8,8x8,1.0,5
sarsa,SARSA,0.95,3,p0.95_m3,0,8000,0.92,random8,8x8,1.0,5
sarsa,SARSA,0.95,3,p0.95_m3,0,8500,0.9,random8,8x8,1.0,5
sarsa,SARSA,0.95,3,p0.95_m3,0,9000,1.0,random8,8x8,1.0,5
sarsa,SARSA,0.95,3,p0.95_m3,0,9500,0.98,random8,8x8,1.0,5
sarsa,SARSA,0.95,3,p0.95_m3,0,10000,0.98,random8,8x8,1.0,5
expected_sarsa,Expected SARSA,0.95,3,p0.95_m3,0,0,0.0,random8,8x8,1.0,5
expected_sarsa,Expected SARSA,0.95,3,p0.95_m3,0,500,0.08,random8,8x8,1.0,5
expected_sarsa,Expected SARSA,0.95,3,p0.95_m3,0,1000,0.06,random8,8x8,1.0,5
expected_sarsa,Expected SARSA,0.95,3,p0.95_m3,0,1500,0.04,random8,8x8,1.0,5
expected_sarsa,Expected SARSA,0.95,3,p0.95_m3,0,2000,0.08,random8,8x8,1.0,5
expected_sarsa,Expected SARSA,0.95,3,p0.95_m3,0,2500,0.06,random8,8x8,1.0,5
expected_sarsa,Expected SARSA,0.95,3,p0.95_m3,0,3000,0.3,random8,8x8,1.0,5
expected_sarsa,Expected SARSA,0.95,3,p0.95_m3,0,3500,0.6,random8,8x8,1.0,5
expected_sarsa,Expected SARSA,0.95,3,p0.95_m3,0,4000,0.68,random8,8x8,1.0,5
expected_sarsa,Expected SARSA,0.95,3,p0.95_m3,0,4500,0.38,random8,8x8,1.0,5
expected_sarsa,Expected SARSA,0.95,3,p0.95_m3,0,5000,0.7,random8,8x8,1.0,5
expected_sarsa,Expected SARSA,0.95,3,p0.95_m3,0,5500,0.78,random8,8x8,1.0,5
expected_sarsa,Expected SARSA,0.95,3,p0.95_m3,0,6000,0.7,random8,8x8,1.0,5
expected_sarsa,Expected SARSA,0.95,3,p0.95_m3,0,6500,0.92,random8,8x8,1.0,5
expected_sarsa,Expected SARSA,0.95,3,p0.95_m3,0,7000,0.88,random8,8x8,1.0,5
expected_sarsa,Expected SARSA,0.95,3,p0.95_m3,0,7500,0.78,random8,8x8,1.0,5
expected_sarsa,Expected SARSA,0.95,3,p0.95_m3,0,8000,0.88,random8,8x8,1.0,5
expected_sarsa,Expected SARSA,0.95,3,p0.95_m3,0,8500,0.92,random8,8x8,1.0,5
expected_sarsa,Expected SARSA,0.95,3,p0.95_m3,0,9000,0.94,random8,8x8,1.0,5
expected_sarsa,Expected SARSA,0.95,3,p0.95_m3,0,9500,0.92,random8,8x8,1.0,5
expected_sarsa,Expected SARSA,0.95,3,p0.95_m3,0,10000,1.0,random8,8x8,1.0,5
sarsa_lambda,SARSA(lambda),0.95,3,p0.95_m3,0,0,0.0,random8,8x8,1.0,5
sarsa_lambda,SARSA(lambda),0.95,3,p0.95_m3,0,500,0.64,random8,8x8,1.0,5
sarsa_lambda,SARSA(lambda),0.95,3,p0.95_m3,0,1000,0.68,random8,8x8,1.0,5
sarsa_lambda,SARSA(lambda),0.95,3,p0.95_m3,0,1500,0.44,random8,8x8,1.0,5
sarsa_lambda,SARSA(lambda),0.95,3,p0.95_m3,0,2000,0.62,random8,8x8,1.0,5
sarsa_lambda,SARSA(lambda),0.95,3,p0.95_m3,0,2500,0.74,random8,8x8,1.0,5
sarsa_lambda,SARSA(lambda),0.95,3,p0.95_m3,0,3000,0.92,random8,8x8,1.0,5
sarsa_lambda,SARSA(lambda),0.95,3,p0.95_m3,0,3500,0.36,random8,8x8,1.0,5
sarsa_lambda,SARSA(lambda),0.95,3,p0.95_m3,0,4000,0.78,random8,8x8,1.0,5
sarsa_lambda,SARSA(lambda),0.95,3,p0.95_m3,0,4500,0.8,random8,8x8,1.0,5
sarsa_lambda,SARSA(lambda),0.95,3,p0.95_m3,0,5000,0.5,random8,8x8,1.0,5
sarsa_lambda,SARSA(lambda),0.95,3,p0.95_m3,0,5500,0.84,random8,8x8,1.0,5
sarsa_lambda,SARSA(lambda),0.95,3,p0.95_m3,0,6000,0.9,random8,8x8,1.0,5
sarsa_lambda,SARSA(lambda),0.95,3,p0.95_m3,0,6500,0.86,random8,8x8,1.0,5
sarsa_lambda,SARSA(lambda),0.95,3,p0.95_m3,0,7000,0.9,random8,8x8,1.0,5
sarsa_lambda,SARSA(lambda),0.95,3,p0.95_m3,0,7500,0.88,random8,8x8,1.0,5
sarsa_lambda,SARSA(lambda),0.95,3,p0.95_m3,0,8000,0.96,random8,8x8,1.0,5
sarsa_lambda,SARSA(lambda),0.95,3,p0.95_m3,0,8500,0.98,random8,8x8,1.0,5
sarsa_lambda,SARSA(lambda),0.95,3,p0.95_m3,0,9000,1.0,random8,8x8,1.0,5
sarsa_lambda,SARSA(lambda),0.95,3,p0.95_m3,0,9500,0.9,random8,8x8,1.0,5
sarsa_lambda,SARSA(lambda),0.95,3,p0.95_m3,0,10000,0.48,random8,8x8,1.0,5
q_lambda,Q(lambda),0.95,3,p0.95_m3,0,0,0.0,random8,8x8,1.0,5
q_lambda,Q(lambda),0.95,3,p0.95_m3,0,500,0.5,random8,8x8,1.0,5
q_lambda,Q(lambda),0.95,3,p0.95_m3,0,1000,0.6,random8,8x8,1.0,5
q_lambda,Q(lambda),0.95,3,p0.95_m3,0,1500,0.82,random8,8x8,1.0,5
q_lambda,Q(lambda),0.95,3,p0.95_m3,0,2000,0.9,random8,8x8,1.0,5
q_lambda,Q(lambda),0.95,3,p0.95_m3,0,2500,0.94,random8,8x8,1.0,5
q_lambda,Q(lambda),0.95,3,p0.95_m3,0,3000,1.0,random8,8x8,1.0,5
q_lambda,Q(lambda),0.95,3,p0.95_m3,0,3500,0.94,random8,8x8,1.0,5
q_lambda,Q(lambda),0.95,3,p0.95_m3,0,4000,0.96,random8,8x8,1.0,5
q_lambda,Q(lambda),0.95,3,p0.95_m3,0,4500,1.0,random8,8x8,1.0,5
q_lambda,Q(lambda),0.95,3,p0.95_m3,0,5000,0.84,random8,8x8,1.0,5
q_lambda,Q(lambda),0.95,3,p0.95_m3,0,5500,0.98,random8,8x8,1.0,5
q_lambda,Q(lambda),0.95,3,p0.95_m3,0,6000,0.98,random8,8x8,1.0,5
q_lambda,Q(lambda),0.95,3,p0.95_m3,0,6500,0.94,random8,8x8,1.0,5
q_lambda,Q(lambda),0.95,3,p0.95_m3,0,7000,1.0,random8,8x8,1.0,5
q_lambda,Q(lambda),0.95,3,p0.95_m3,0,7500,0.88,random8,8x8,1.0,5
q_lambda,Q(lambda),0.95,3,p0.95_m3,0,8000,0.98,random8,8x8,1.0,5
q_lambda,Q(lambda),0.95,3,p0.95_m3,0,8500,0.98,random8,8x8,1.0,5
q_lambda,Q(lambda),0.95,3,p0.95_m3,0,9000,1.0,random8,8x8,1.0,5
q_lambda,Q(lambda),0.95,3,p0.95_m3,0,9500,0.98,random8,8x8,1.0,5
q_lambda,Q(lambda),0.95,3,p0.95_m3,0,10000,1.0,random8,8x8,1.0,5
optimistic_q,Optimistic Q,0.95,3,p0.95_m3,0,0,0.0,random8,8x8,1.0,5
optimistic_q,Optimistic Q,0.95,3,p0.95_m3,0,500,0.52,random8,8x8,1.0,5
optimistic_q,Optimistic Q,0.95,3,p0.95_m3,0,1000,0.84,random8,8x8,1.0,5
optimistic_q,Optimistic Q,0.95,3,p0.95_m3,0,1500,1.0,random8,8x8,1.0,5
optimistic_q,Optimistic Q,0.95,3,p0.95_m3,0,2000,0.98,random8,8x8,1.0,5
optimistic_q,Optimistic Q,0.95,3,p0.95_m3,0,2500,1.0,random8,8x8,1.0,5
optimistic_q,Optimistic Q,0.95,3,p0.95_m3,0,3000,0.98,random8,8x8,1.0,5
optimistic_q,Optimistic Q,0.95,3,p0.95_m3,0,3500,0.98,random8,8x8,1.0,5
optimistic_q,Optimistic Q,0.95,3,p0.95_m3,0,4000,1.0,random8,8x8,1.0,5
optimistic_q,Optimistic Q,0.95,3,p0.95_m3,0,4500,1.0,random8,8x8,1.0,5
optimistic_q,Optimistic Q,0.95,3,p0.95_m3,0,5000,1.0,random8,8x8,1.0,5
optimistic_q,Optimistic Q,0.95,3,p0.95_m3,0,5500,0.9,random8,8x8,1.0,5
optimistic_q,Optimistic Q,0.95,3,p0.95_m3,0,6000,1.0,random8,8x8,1.0,5
optimistic_q,Optimistic Q,0.95,3,p0.95_m3,0,6500,1.0,random8,8x8,1.0,5
optimistic_q,Optimistic Q,0.95,3,p0.95_m3,0,7000,1.0,random8,8x8,1.0,5
optimistic_q,Optimistic Q,0.95,3,p0.95_m3,0,7500,1.0,random8,8x8,1.0,5
optimistic_q,Optimistic Q,0.95,3,p0.95_m3,0,8000,1.0,random8,8x8,1.0,5
optimistic_q,Optimistic Q,0.95,3,p0.95_m3,0,8500,1.0,random8,8x8,1.0,5
optimistic_q,Optimistic Q,0.95,3,p0.95_m3,0,9000,1.0,random8,8x8,1.0,5
optimistic_q,Optimistic Q,0.95,3,p0.95_m3,0,9500,1.0,random8,8x8,1.0,5
optimistic_q,Optimistic Q,0.95,3,p0.95_m3,0,10000,1.0,random8,8x8,1.0,5
dyna_q,Dyna-Q,0.95,3,p0.95_m3,0,0,0.0,random8,8x8,1.0,5
dyna_q,Dyna-Q,0.95,3,p0.95_m3,0,500,0.28,random8,8x8,1.0,5
dyna_q,Dyna-Q,0.95,3,p0.95_m3,0,1000,0.96,random8,8x8,1.0,5
dyna_q,Dyna-Q,0.95,3,p0.95_m3,0,1500,0.92,random8,8x8,1.0,5
dyna_q,Dyna-Q,0.95,3,p0.95_m3,0,2000,0.9,random8,8x8,1.0,5
dyna_q,Dyna-Q,0.95,3,p0.95_m3,0,2500,0.86,random8,8x8,1.0,5
dyna_q,Dyna-Q,0.95,3,p0.95_m3,0,3000,0.76,random8,8x8,1.0,5
dyna_q,Dyna-Q,0.95,3,p0.95_m3,0,3500,0.76,random8,8x8,1.0,5
dyna_q,Dyna-Q,0.95,3,p0.95_m3,0,4000,0.78,random8,8x8,1.0,5
dyna_q,Dyna-Q,0.95,3,p0.95_m3,0,4500,0.72,random8,8x8,1.0,5
dyna_q,Dyna-Q,0.95,3,p0.95_m3,0,5000,0.5,random8,8x8,1.0,5
dyna_q,Dyna-Q,0.95,3,p0.95_m3,0,5500,0.98,random8,8x8,1.0,5
dyna_q,Dyna-Q,0.95,3,p0.95_m3,0,6000,0.98,random8,8x8,1.0,5
dyna_q,Dyna-Q,0.95,3,p0.95_m3,0,6500,0.82,random8,8x8,1.0,5
dyna_q,Dyna-Q,0.95,3,p0.95_m3,0,7000,0.6,random8,8x8,1.0,5
dyna_q,Dyna-Q,0.95,3,p0.95_m3,0,7500,0.86,random8,8x8,1.0,5
dyna_q,Dyna-Q,0.95,3,p0.95_m3,0,8000,0.88,random8,8x8,1.0,5
dyna_q,Dyna-Q,0.95,3,p0.95_m3,0,8500,0.9,random8,8x8,1.0,5
dyna_q,Dyna-Q,0.95,3,p0.95_m3,0,9000,0.8,random8,8x8,1.0,5
dyna_q,Dyna-Q,0.95,3,p0.95_m3,0,9500,0.8,random8,8x8,1.0,5
dyna_q,Dyna-Q,0.95,3,p0.95_m3,0,10000,0.94,random8,8x8,1.0,5
q_learning,Q-learning,0.95,4,p0.95_m4,0,0,0.16,random8,8x8,1.0,1
q_learning,Q-learning,0.95,4,p0.95_m4,0,500,0.98,random8,8x8,1.0,1
q_learning,Q-learning,0.95,4,p0.95_m4,0,1000,0.86,random8,8x8,1.0,1
q_learning,Q-learning,0.95,4,p0.95_m4,0,1500,0.9,random8,8x8,1.0,1
q_learning,Q-learning,0.95,4,p0.95_m4,0,2000,0.86,random8,8x8,1.0,1
q_learning,Q-learning,0.95,4,p0.95_m4,0,2500,0.98,random8,8x8,1.0,1
q_learning,Q-learning,0.95,4,p0.95_m4,0,3000,0.96,random8,8x8,1.0,1
q_learning,Q-learning,0.95,4,p0.95_m4,0,3500,1.0,random8,8x8,1.0,1
q_learning,Q-learning,0.95,4,p0.95_m4,0,4000,1.0,random8,8x8,1.0,1
q_learning,Q-learning,0.95,4,p0.95_m4,0,4500,1.0,random8,8x8,1.0,1
q_learning,Q-learning,0.95,4,p0.95_m4,0,5000,0.98,random8,8x8,1.0,1
q_learning,Q-learning,0.95,4,p0.95_m4,0,5500,1.0,random8,8x8,1.0,1
q_learning,Q-learning,0.95,4,p0.95_m4,0,6000,0.98,random8,8x8,1.0,1
q_learning,Q-learning,0.95,4,p0.95_m4,0,6500,0.98,random8,8x8,1.0,1
q_learning,Q-learning,0.95,4,p0.95_m4,0,7000,1.0,random8,8x8,1.0,1
q_learning,Q-learning,0.95,4,p0.95_m4,0,7500,0.98,random8,8x8,1.0,1
q_learning,Q-learning,0.95,4,p0.95_m4,0,8000,1.0,random8,8x8,1.0,1
q_learning,Q-learning,0.95,4,p0.95_m4,0,8500,1.0,random8,8x8,1.0,1
q_learning,Q-learning,0.95,4,p0.95_m4,0,9000,1.0,random8,8x8,1.0,1
q_learning,Q-learning,0.95,4,p0.95_m4,0,9500,1.0,random8,8x8,1.0,1
q_learning,Q-learning,0.95,4,p0.95_m4,0,10000,1.0,random8,8x8,1.0,1
sarsa,SARSA,0.95,4,p0.95_m4,0,0,0.16,random8,8x8,1.0,1
sarsa,SARSA,0.95,4,p0.95_m4,0,500,1.0,random8,8x8,1.0,1
sarsa,SARSA,0.95,4,p0.95_m4,0,1000,0.98,random8,8x8,1.0,1
sarsa,SARSA,0.95,4,p0.95_m4,0,1500,0.94,random8,8x8,1.0,1
sarsa,SARSA,0.95,4,p0.95_m4,0,2000,0.9,random8,8x8,1.0,1
sarsa,SARSA,0.95,4,p0.95_m4,0,2500,1.0,random8,8x8,1.0,1
sarsa,SARSA,0.95,4,p0.95_m4,0,3000,0.98,random8,8x8,1.0,1
sarsa,SARSA,0.95,4,p0.95_m4,0,3500,0.98,random8,8x8,1.0,1
sarsa,SARSA,0.95,4,p0.95_m4,0,4000,0.98,random8,8x8,1.0,1
sarsa,SARSA,0.95,4,p0.95_m4,0,4500,0.84,random8,8x8,1.0,1
sarsa,SARSA,0.95,4,p0.95_m4,0,5000,0.9,random8,8x8,1.0,1
sarsa,SARSA,0.95,4,p0.95_m4,0,5500,0.96,random8,8x8,1.0,1
sarsa,SARSA,0.95,4,p0.95_m4,0,6000,0.94,random8,8x8,1.0,1
sarsa,SARSA,0.95,4,p0.95_m4,0,6500,0.96,random8,8x8,1.0,1
sarsa,SARSA,0.95,4,p0.95_m4,0,7000,0.92,random8,8x8,1.0,1
sarsa,SARSA,0.95,4,p0.95_m4,0,7500,0.96,random8,8x8,1.0,1
sarsa,SARSA,0.95,4,p0.95_m4,0,8000,0.96,random8,8x8,1.0,1
sarsa,SARSA,0.95,4,p0.95_m4,0,8500,0.98,random8,8x8,1.0,1
sarsa,SARSA,0.95,4,p0.95_m4,0,9000,1.0,random8,8x8,1.0,1
sarsa,SARSA,0.95,4,p0.95_m4,0,9500,0.96,random8,8x8,1.0,1
sarsa,SARSA,0.95,4,p0.95_m4,0,10000,1.0,random8,8x8,1.0,1
expected_sarsa,Expected SARSA,0.95,4,p0.95_m4,0,0,0.16,random8,8x8,1.0,1
expected_sarsa,Expected SARSA,0.95,4,p0.95_m4,0,500,0.9,random8,8x8,1.0,1
expected_sarsa,Expected SARSA,0.95,4,p0.95_m4,0,1000,0.9,random8,8x8,1.0,1
expected_sarsa,Expected SARSA,0.95,4,p0.95_m4,0,1500,0.92,random8,8x8,1.0,1
expected_sarsa,Expected SARSA,0.95,4,p0.95_m4,0,2000,0.88,random8,8x8,1.0,1
expected_sarsa,Expected SARSA,0.95,4,p0.95_m4,0,2500,0.9,random8,8x8,1.0,1
expected_sarsa,Expected SARSA,0.95,4,p0.95_m4,0,3000,0.9,random8,8x8,1.0,1
expected_sarsa,Expected SARSA,0.95,4,p0.95_m4,0,3500,0.88,random8,8x8,1.0,1
expected_sarsa,Expected SARSA,0.95,4,p0.95_m4,0,4000,0.9,random8,8x8,1.0,1
expected_sarsa,Expected SARSA,0.95,4,p0.95_m4,0,4500,0.96,random8,8x8,1.0,1
expected_sarsa,Expected SARSA,0.95,4,p0.95_m4,0,5000,0.94,random8,8x8,1.0,1
expected_sarsa,Expected SARSA,0.95,4,p0.95_m4,0,5500,1.0,random8,8x8,1.0,1
expected_sarsa,Expected SARSA,0.95,4,p0.95_m4,0,6000,0.9,random8,8x8,1.0,1
expected_sarsa,Expected SARSA,0.95,4,p0.95_m4,0,6500,1.0,random8,8x8,1.0,1
expected_sarsa,Expected SARSA,0.95,4,p0.95_m4,0,7000,1.0,random8,8x8,1.0,1
expected_sarsa,Expected SARSA,0.95,4,p0.95_m4,0,7500,0.98,random8,8x8,1.0,1
expected_sarsa,Expected SARSA,0.95,4,p0.95_m4,0,8000,1.0,random8,8x8,1.0,1
expected_sarsa,Expected SARSA,0.95,4,p0.95_m4,0,8500,0.94,random8,8x8,1.0,1
expected_sarsa,Expected SARSA,0.95,4,p0.95_m4,0,9000,0.98,random8,8x8,1.0,1
expected_sarsa,Expected SARSA,0.95,4,p0.95_m4,0,9500,0.96,random8,8x8,1.0,1
expected_sarsa,Expected SARSA,0.95,4,p0.95_m4,0,10000,0.98,random8,8x8,1.0,1
sarsa_lambda,SARSA(lambda),0.95,4,p0.95_m4,0,0,0.16,random8,8x8,1.0,1
sarsa_lambda,SARSA(lambda),0.95,4,p0.95_m4,0,500,1.0,random8,8x8,1.0,1
sarsa_lambda,SARSA(lambda),0.95,4,p0.95_m4,0,1000,1.0,random8,8x8,1.0,1
sarsa_lambda,SARSA(lambda),0.95,4,p0.95_m4,0,1500,1.0,random8,8x8,1.0,1
sarsa_lambda,SARSA(lambda),0.95,4,p0.95_m4,0,2000,0.96,random8,8x8,1.0,1
sarsa_lambda,SARSA(lambda),0.95,4,p0.95_m4,0,2500,1.0,random8,8x8,1.0,1
sarsa_lambda,SARSA(lambda),0.95,4,p0.95_m4,0,3000,1.0,random8,8x8,1.0,1
sarsa_lambda,SARSA(lambda),0.95,4,p0.95_m4,0,3500,1.0,random8,8x8,1.0,1
sarsa_lambda,SARSA(lambda),0.95,4,p0.95_m4,0,4000,1.0,random8,8x8,1.0,1
sarsa_lambda,SARSA(lambda),0.95,4,p0.95_m4,0,4500,1.0,random8,8x8,1.0,1
sarsa_lambda,SARSA(lambda),0.95,4,p0.95_m4,0,5000,1.0,random8,8x8,1.0,1
sarsa_lambda,SARSA(lambda),0.95,4,p0.95_m4,0,5500,1.0,random8,8x8,1.0,1
sarsa_lambda,SARSA(lambda),0.95,4,p0.95_m4,0,6000,1.0,random8,8x8,1.0,1
sarsa_lambda,SARSA(lambda),0.95,4,p0.95_m4,0,6500,1.0,random8,8x8,1.0,1
sarsa_lambda,SARSA(lambda),0.95,4,p0.95_m4,0,7000,1.0,random8,8x8,1.0,1
sarsa_lambda,SARSA(lambda),0.95,4,p0.95_m4,0,7500,1.0,random8,8x8,1.0,1
sarsa_lambda,SARSA(lambda),0.95,4,p0.95_m4,0,8000,1.0,random8,8x8,1.0,1
sarsa_lambda,SARSA(lambda),0.95,4,p0.95_m4,0,8500,1.0,random8,8x8,1.0,1
sarsa_lambda,SARSA(lambda),0.95,4,p0.95_m4,0,9000,1.0,random8,8x8,1.0,1
sarsa_lambda,SARSA(lambda),0.95,4,p0.95_m4,0,9500,1.0,random8,8x8,1.0,1
sarsa_lambda,SARSA(lambda),0.95,4,p0.95_m4,0,10000,1.0,random8,8x8,1.0,1
q_lambda,Q(lambda),0.95,4,p0.95_m4,0,0,0.16,random8,8x8,1.0,1
q_lambda,Q(lambda),0.95,4,p0.95_m4,0,500,0.16,random8,8x8,1.0,1
q_lambda,Q(lambda),0.95,4,p0.95_m4,0,1000,0.98,random8,8x8,1.0,1
q_lambda,Q(lambda),0.95,4,p0.95_m4,0,1500,1.0,random8,8x8,1.0,1
q_lambda,Q(lambda),0.95,4,p0.95_m4,0,2000,1.0,random8,8x8,1.0,1
q_lambda,Q(lambda),0.95,4,p0.95_m4,0,2500,1.0,random8,8x8,1.0,1
q_lambda,Q(lambda),0.95,4,p0.95_m4,0,3000,1.0,random8,8x8,1.0,1
q_lambda,Q(lambda),0.95,4,p0.95_m4,0,3500,1.0,random8,8x8,1.0,1
q_lambda,Q(lambda),0.95,4,p0.95_m4,0,4000,1.0,random8,8x8,1.0,1
q_lambda,Q(lambda),0.95,4,p0.95_m4,0,4500,1.0,random8,8x8,1.0,1
q_lambda,Q(lambda),0.95,4,p0.95_m4,0,5000,1.0,random8,8x8,1.0,1
q_lambda,Q(lambda),0.95,4,p0.95_m4,0,5500,1.0,random8,8x8,1.0,1
q_lambda,Q(lambda),0.95,4,p0.95_m4,0,6000,1.0,random8,8x8,1.0,1
q_lambda,Q(lambda),0.95,4,p0.95_m4,0,6500,1.0,random8,8x8,1.0,1
q_lambda,Q(lambda),0.95,4,p0.95_m4,0,7000,1.0,random8,8x8,1.0,1
q_lambda,Q(lambda),0.95,4,p0.95_m4,0,7500,1.0,random8,8x8,1.0,1
q_lambda,Q(lambda),0.95,4,p0.95_m4,0,8000,0.98,random8,8x8,1.0,1
q_lambda,Q(lambda),0.95,4,p0.95_m4,0,8500,1.0,random8,8x8,1.0,1
q_lambda,Q(lambda),0.95,4,p0.95_m4,0,9000,1.0,random8,8x8,1.0,1
q_lambda,Q(lambda),0.95,4,p0.95_m4,0,9500,1.0,random8,8x8,1.0,1
q_lambda,Q(lambda),0.95,4,p0.95_m4,0,10000,1.0,random8,8x8,1.0,1
optimistic_q,Optimistic Q,0.95,4,p0.95_m4,0,0,0.16,random8,8x8,1.0,1
optimistic_q,Optimistic Q,0.95,4,p0.95_m4,0,500,0.76,random8,8x8,1.0,1
optimistic_q,Optimistic Q,0.95,4,p0.95_m4,0,1000,1.0,random8,8x8,1.0,1
optimistic_q,Optimistic Q,0.95,4,p0.95_m4,0,1500,1.0,random8,8x8,1.0,1
optimistic_q,Optimistic Q,0.95,4,p0.95_m4,0,2000,1.0,random8,8x8,1.0,1
optimistic_q,Optimistic Q,0.95,4,p0.95_m4,0,2500,1.0,random8,8x8,1.0,1
optimistic_q,Optimistic Q,0.95,4,p0.95_m4,0,3000,1.0,random8,8x8,1.0,1
optimistic_q,Optimistic Q,0.95,4,p0.95_m4,0,3500,1.0,random8,8x8,1.0,1
optimistic_q,Optimistic Q,0.95,4,p0.95_m4,0,4000,1.0,random8,8x8,1.0,1
optimistic_q,Optimistic Q,0.95,4,p0.95_m4,0,4500,1.0,random8,8x8,1.0,1
optimistic_q,Optimistic Q,0.95,4,p0.95_m4,0,5000,1.0,random8,8x8,1.0,1
optimistic_q,Optimistic Q,0.95,4,p0.95_m4,0,5500,1.0,random8,8x8,1.0,1
optimistic_q,Optimistic Q,0.95,4,p0.95_m4,0,6000,1.0,random8,8x8,1.0,1
optimistic_q,Optimistic Q,0.95,4,p0.95_m4,0,6500,1.0,random8,8x8,1.0,1
optimistic_q,Optimistic Q,0.95,4,p0.95_m4,0,7000,1.0,random8,8x8,1.0,1
optimistic_q,Optimistic Q,0.95,4,p0.95_m4,0,7500,1.0,random8,8x8,1.0,1
optimistic_q,Optimistic Q,0.95,4,p0.95_m4,0,8000,1.0,random8,8x8,1.0,1
optimistic_q,Optimistic Q,0.95,4,p0.95_m4,0,8500,1.0,random8,8x8,1.0,1
optimistic_q,Optimistic Q,0.95,4,p0.95_m4,0,9000,1.0,random8,8x8,1.0,1
optimistic_q,Optimistic Q,0.95,4,p0.95_m4,0,9500,1.0,random8,8x8,1.0,1
optimistic_q,Optimistic Q,0.95,4,p0.95_m4,0,10000,1.0,random8,8x8,1.0,1
dyna_q,Dyna-Q,0.95,4,p0.95_m4,0,0,0.16,random8,8x8,1.0,1
dyna_q,Dyna-Q,0.95,4,p0.95_m4,0,500,0.92,random8,8x8,1.0,1
dyna_q,Dyna-Q,0.95,4,p0.95_m4,0,1000,1.0,random8,8x8,1.0,1
dyna_q,Dyna-Q,0.95,4,p0.95_m4,0,1500,1.0,random8,8x8,1.0,1
dyna_q,Dyna-Q,0.95,4,p0.95_m4,0,2000,0.96,random8,8x8,1.0,1
dyna_q,Dyna-Q,0.95,4,p0.95_m4,0,2500,0.94,random8,8x8,1.0,1
dyna_q,Dyna-Q,0.95,4,p0.95_m4,0,3000,0.92,random8,8x8,1.0,1
dyna_q,Dyna-Q,0.95,4,p0.95_m4,0,3500,0.96,random8,8x8,1.0,1
dyna_q,Dyna-Q,0.95,4,p0.95_m4,0,4000,0.98,random8,8x8,1.0,1
dyna_q,Dyna-Q,0.95,4,p0.95_m4,0,4500,1.0,random8,8x8,1.0,1
dyna_q,Dyna-Q,0.95,4,p0.95_m4,0,5000,0.8,random8,8x8,1.0,1
dyna_q,Dyna-Q,0.95,4,p0.95_m4,0,5500,1.0,random8,8x8,1.0,1
dyna_q,Dyna-Q,0.95,4,p0.95_m4,0,6000,1.0,random8,8x8,1.0,1
dyna_q,Dyna-Q,0.95,4,p0.95_m4,0,6500,1.0,random8,8x8,1.0,1
dyna_q,Dyna-Q,0.95,4,p0.95_m4,0,7000,1.0,random8,8x8,1.0,1
dyna_q,Dyna-Q,0.95,4,p0.95_m4,0,7500,1.0,random8,8x8,1.0,1
dyna_q,Dyna-Q,0.95,4,p0.95_m4,0,8000,1.0,random8,8x8,1.0,1
dyna_q,Dyna-Q,0.95,4,p0.95_m4,0,8500,0.96,random8,8x8,1.0,1
dyna_q,Dyna-Q,0.95,4,p0.95_m4,0,9000,1.0,random8,8x8,1.0,1
dyna_q,Dyna-Q,0.95,4,p0.95_m4,0,9500,0.98,random8,8x8,1.0,1
dyna_q,Dyna-Q,0.95,4,p0.95_m4,0,10000,0.98,random8,8x8,1.0,1
