episode,reward,steps,epsilon,alpha,is_slippery,seed,backend
1,0.0,6,1.0,0.5,True,1,native
2,0.0,9,0.995,0.5,True,1,native
3,0.0,2,0.990025,0.5,True,1,native
4,0.0,7,0.985074875,0.5,True,1,native
5,0.0,13,0.9801495006250001,0.5,True,1,native
6,0.0,11,0.9752487531218751,0.5,True,1,native
7,0.0,9,0.9703725093562657,0.5,True,1,native
8,0.0,3,0.9655206468094844,0.5,True,1,native
9,0.0,6,0.960693043575437,0.5,True,1,native
10,0.0,9,0.9558895783575597,0.5,True,1,native
11,0.0,2,0.9511101304657719,0.5,True,1,native
12,0.0,2,0.946354579813443,0.5,True,1,native
13,0.0,2,0.9416228069143757,0.5,True,1,native
14,0.0,6,0.9369146928798039,0.5,True,1,native
15,0.0,12,0.9322301194154049,0.5,True,1,native
16,0.0,11,0.9275689688183278,0.5,True,1,native
17,0.0,8,0.9229311239742362,0.5,True,1,native
18,0.0,7,0.918316468354365,0.5,True,1,native
19,0.0,13,0.9137248860125932,0.5,True,1,native
20,0.0,11,0.9091562615825302,0.5,True,1,native
21,0.0,10,0.9046104802746175,0.5,True,1,native
22,0.0,3,0.9000874278732445,0.5,True,1,native
23,0.0,6,0.8955869907338783,0.5,True,1,native
24,0.0,2,0.8911090557802088,0.5,True,1,native
25,0.0,13,0.8866535105013078,0.5,True,1,native
26,0.0,6,0.8822202429488013,0.5,True,1,native
27,1.0,21,0.8778091417340573,0.5,True,1,native
28,0.0,2,0.8734200960253871,0.5,True,1,native
29,0.0,9,0.8690529955452602,0.5,True,1,native
30,0.0,2,0.8647077305675338,0.5,True,1,native
31,0.0,10,0.8603841919146962,0.5,True,1,native
32,0.0,3,0.8560822709551227,0.5,True,1,native
33,0.0,4,0.851801859600347,0.5,True,1,native
34,0.0,5,0.8475428503023453,0.5,True,1,native
35,0.0,2,0.8433051360508336,0.5,True,1,native
36,0.0,10,0.8390886103705794,0.5,True,1,native
37,0.0,11,0.8348931673187264,0.5,True,1,native
38,0.0,3,0.8307187014821328,0.5,True,1,native
39,0.0,5,0.8265651079747222,0.5,True,1,native
40,0.0,3,0.8224322824348486,0.5,True,1,native
41,0.0,5,0.8183201210226743,0.5,True,1,native
42,0.0,2,0.8142285204175609,0.5,True,1,native
43,0.0,3,0.810157377815473,0.5,True,1,native
44,0.0,9,0.8061065909263957,0.5,True,1,native
45,0.0,5,0.8020760579717637,0.5,True,1,native
46,0.0,10,0.798065677681905,0.5,True,1,native
47,0.0,6,0.7940753492934954,0.5,True,1,native
48,0.0,9,0.7901049725470279,0.5,True,1,native
49,0.0,8,0.7861544476842928,0.5,True,1,native
50,0.0,8,0.7822236754458713,0.5,True,1,native
51,0.0,11,0.778312557068642,0.5,True,1,native
52,0.0,7,0.7744209942832988,0.5,True,1,native
53,0.0,2,0.7705488893118823,0.5,True,1,native
54,0.0,9,0.7666961448653229,0.5,True,1,native
55,0.0,9,0.7628626641409962,0.5,True,1,native
56,0.0,10,0.7590483508202912,0.5,True,1,native
57,0.0,27,0.7552531090661897,0.5,True,1,native
58,0.0,5,0.7514768435208588,0.5,True,1,native
59,0.0,11,0.7477194593032545,0.5,True,1,native
60,0.0,5,0.7439808620067382,0.5,True,1,native
61,0.0,17,0.7402609576967045,0.5,True,1,native
62,0.0,11,0.736559652908221,0.5,True,1,native
63,0.0,13,0.7328768546436799,0.5,True,1,native
64,0.0,4,0.7292124703704616,0.5,True,1,native
65,0.0,4,0.7255664080186093,0.5,True,1,native
66,0.0,3,0.7219385759785162,0.5,True,1,native
67,0.0,3,0.7183288830986236,0.5,True,1,native
68,0.0,12,0.7147372386831305,0.5,True,1,native
69,0.0,3,0.7111635524897149,0.5,True,1,native
70,0.0,18,0.7076077347272662,0.5,True,1,native
71,0.0,10,0.7040696960536299,0.5,True,1,native
72,0.0,18,0.7005493475733617,0.5,True,1,native
73,0.0,8,0.697046600835495,0.5,True,1,native
74,0.0,3,0.6935613678313175,0.5,True,1,native
75,0.0,11,0.6900935609921609,0.5,True,1,native
76,0.0,13,0.6866430931872001,0.5,True,1,native
77,0.0,7,0.6832098777212641,0.5,True,1,native
78,0.0,3,0.6797938283326578,0.5,True,1,native
79,0.0,10,0.6763948591909945,0.5,True,1,native
80,0.0,6,0.6730128848950395,0.5,True,1,native
81,0.0,2,0.6696478204705644,0.5,True,1,native
82,0.0,10,0.6662995813682115,0.5,True,1,native
83,0.0,5,0.6629680834613705,0.5,True,1,native
84,0.0,2,0.6596532430440636,0.5,True,1,native
85,0.0,11,0.6563549768288433,0.5,True,1,native
86,0.0,6,0.653073201944699,0.5,True,1,native
87,0.0,5,0.6498078359349755,0.5,True,1,native
88,0.0,16,0.6465587967553006,0.5,True,1,native
89,0.0,13,0.6433260027715241,0.5,True,1,native
90,0.0,20,0.6401093727576664,0.5,True,1,native
91,0.0,10,0.6369088258938781,0.5,True,1,native
92,0.0,5,0.6337242817644086,0.5,True,1,native
93,0.0,7,0.6305556603555866,0.5,True,1,native
94,0.0,5,0.6274028820538087,0.5,True,1,native
95,0.0,7,0.6242658676435396,0.5,True,1,native
96,0.0,7,0.6211445383053219,0.5,True,1,native
97,0.0,4,0.6180388156137953,0.5,True,1,native
98,0.0,4,0.6149486215357263,0.5,True,1,native
99,0.0,5,0.6118738784280476,0.5,True,1,native
100,0.0,14,0.6088145090359074,0.5,True,1,native
101,0.0,3,0.6057704364907278,0.5,True,1,native
102,0.0,3,0.6027415843082742,0.5,True,1,native
103,0.0,2,0.5997278763867329,0.5,True,1,native
104,0.0,4,0.5967292370047992,0.5,True,1,native
105,0.0,13,0.5937455908197752,0.5,True,1,native
106,0.0,3,0.5907768628656763,0.5,True,1,native
107,0.0,12,0.5878229785513479,0.5,True,1,native
108,0.0,7,0.5848838636585911,0.5,True,1,native
109,0.0,3,0.5819594443402982,0.5,True,1,native
110,0.0,7,0.5790496471185967,0.5,True,1,native
111,0.0,18,0.5761543988830038,0.5,True,1,native
112,0.0,6,0.5732736268885887,0.5,True,1,native
113,0.0,6,0.5704072587541458,0.5,True,1,native
114,0.0,11,0.567555222460375,0.5,True,1,native
115,0.0,8,0.5647174463480732,0.5,True,1,native
116,0.0,6,0.5618938591163328,0.5,True,1,native
117,0.0,4,0.5590843898207511,0.5,True,1,native
118,0.0,2,0.5562889678716474,0.5,True,1,native
119,0.0,4,0.5535075230322891,0.5,True,1,native
120,0.0,5,0.5507399854171277,0.5,True,1,native
121,0.0,11,0.547986285490042,0.5,True,1,native
122,0.0,3,0.5452463540625918,0.5,True,1,native
123,0.0,2,0.5425201222922789,0.5,True,1,native
124,0.0,7,0.5398075216808175,0.5,True,1,native
125,0.0,8,0.5371084840724134,0.5,True,1,native
126,0.0,6,0.5344229416520513,0.5,True,1,native
127,0.0,15,0.531750826943791,0.5,True,1,native
128,0.0,7,0.5290920728090721,0.5,True,1,native
129,0.0,5,0.5264466124450268,0.5,True,1,native
130,0.0,11,0.5238143793828016,0.5,True,1,native
131,0.0,6,0.5211953074858876,0.5,True,1,native
132,0.0,2,0.5185893309484582,0.5,True,1,native
133,0.0,16,0.5159963842937159,0.5,True,1,native
134,0.0,22,0.5134164023722473,0.5,True,1,native
135,0.0,2,0.510849320360386,0.5,True,1,native
136,0.0,2,0.5082950737585841,0.5,True,1,native
137,0.0,2,0.5057535983897912,0.5,True,1,native
138,0.0,9,0.5032248303978422,0.5,True,1,native
139,0.0,11,0.500708706245853,0.5,True,1,native
140,0.0,12,0.4982051627146237,0.5,True,1,native
141,0.0,4,0.49571413690105054,0.5,True,1,native
142,0.0,9,0.4932355662165453,0.5,True,1,native
143,0.0,2,0.4907693883854626,0.5,True,1,native
144,0.0,11,0.4883155414435353,0.5,True,1,native
145,0.0,6,0.4858739637363176,0.5,True,1,native
146,0.0,4,0.483444593917636,0.5,True,1,native
147,0.0,4,0.4810273709480478,0.5,True,1,native
148,0.0,5,0.47862223409330756,0.5,True,1,native
149,0.0,8,0.47622912292284103,0.5,True,1,native
150,0.0,21,0.4738479773082268,0.5,True,1,native
151,0.0,2,0.47147873742168567,0.5,True,1,native
152,0.0,4,0.46912134373457726,0.5,True,1,native
153,0.0,5,0.46677573701590436,0.5,True,1,native
154,0.0,3,0.46444185833082485,0.5,True,1,native
155,0.0,18,0.46211964903917074,0.5,True,1,native
156,0.0,4,0.4598090507939749,0.5,True,1,native
157,0.0,2,0.457510005540005,0.5,True,1,native
158,0.0,20,0.45522245551230495,0.5,True,1,native
159,0.0,3,0.4529463432347434,0.5,True,1,native
160,0.0,3,0.4506816115185697,0.5,True,1,native
161,0.0,4,0.4484282034609769,0.5,True,1,native
162,0.0,2,0.446186062443672,0.5,True,1,native
163,0.0,2,0.4439551321314536,0.5,True,1,native
164,0.0,5,0.4417353564707963,0.5,True,1,native
165,0.0,3,0.43952667968844233,0.5,True,1,native
166,0.0,13,0.43732904629000013,0.5,True,1,native
167,0.0,7,0.4351424010585501,0.5,True,1,native
168,0.0,10,0.43296668905325736,0.5,True,1,native
169,0.0,7,0.43080185560799106,0.5,True,1,native
170,0.0,4,0.4286478463299511,0.5,True,1,native
171,0.0,10,0.42650460709830135,0.5,True,1,native
172,0.0,3,0.42437208406280985,0.5,True,1,native
173,0.0,15,0.4222502236424958,0.5,True,1,native
174,0.0,15,0.42013897252428334,0.5,True,1,native
175,0.0,15,0.4180382776616619,0.5,True,1,native
176,0.0,17,0.4159480862733536,0.5,True,1,native
177,0.0,7,0.41386834584198684,0.5,True,1,native
178,0.0,5,0.4117990041127769,0.5,True,1,native
179,0.0,16,0.40974000909221303,0.5,True,1,native
180,0.0,4,0.40769130904675194,0.5,True,1,native
181,0.0,10,0.40565285250151817,0.5,True,1,native
182,0.0,10,0.4036245882390106,0.5,True,1,native
183,0.0,8,0.4016064652978155,0.5,True,1,native
184,0.0,3,0.3995984329713264,0.5,True,1,native
185,0.0,7,0.3976004408064698,0.5,True,1,native
186,0.0,3,0.39561243860243744,0.5,True,1,native
187,0.0,14,0.3936343764094253,0.5,True,1,native
188,0.0,25,0.39166620452737816,0.5,True,1,native
189,0.0,18,0.3897078735047413,0.5,True,1,native
190,0.0,43,0.3877593341372176,0.5,True,1,native
191,0.0,12,0.3858205374665315,0.5,True,1,native
192,0.0,16,0.38389143477919885,0.5,True,1,native
193,0.0,3,0.3819719776053028,0.5,True,1,native
194,0.0,24,0.3800621177172763,0.5,True,1,native
195,0.0,13,0.37816180712868996,0.5,True,1,native
196,0.0,2,0.37627099809304654,0.5,True,1,native
197,0.0,3,0.3743896431025813,0.5,True,1,native
198,0.0,9,0.37251769488706843,0.5,True,1,native
199,0.0,5,0.3706551064126331,0.5,True,1,native
200,0.0,25,0.36880183088056995,0.5,True,1,native
201,0.0,17,0.3669578217261671,0.5,True,1,native
202,0.0,29,0.36512303261753626,0.5,True,1,native
203,0.0,22,0.3632974174544486,0.5,True,1,native
204,0.0,15,0.3614809303671764,0.5,True,1,native
205,0.0,25,0.3596735257153405,0.5,True,1,native
206,0.0,33,0.3578751580867638,0.5,True,1,native
207,0.0,26,0.35608578229633,0.5,True,1,native
208,0.0,2,0.3543053533848483,0.5,True,1,native
209,0.0,15,0.35253382661792404,0.5,True,1,native
210,0.0,5,0.3507711574848344,0.5,True,1,native
211,0.0,17,0.34901730169741024,0.5,True,1,native
212,0.0,18,0.3472722151889232,0.5,True,1,native
213,0.0,28,0.3455358541129786,0.5,True,1,native
214,0.0,9,0.3438081748424137,0.5,True,1,native
215,0.0,7,0.3420891339682016,0.5,True,1,native
216,0.0,8,0.3403786882983606,0.5,True,1,native
217,0.0,5,0.3386767948568688,0.5,True,1,native
218,1.0,22,0.33698341088258443,0.5,True,1,native
219,1.0,11,0.3352984938281715,0.5,True,1,native
220,0.0,42,0.33362200135903064,0.5,True,1,native
221,0.0,2,0.33195389135223546,0.5,True,1,native
222,0.0,24,0.3302941218954743,0.5,True,1,native
223,0.0,24,0.32864265128599696,0.5,True,1,native
224,0.0,11,0.326999438029567,0.5,True,1,native
225,0.0,41,0.3253644408394192,0.5,True,1,native
226,0.0,12,0.3237376186352221,0.5,True,1,native
227,0.0,22,0.322118930542046,0.5,True,1,native
228,0.0,6,0.32050833588933575,0.5,True,1,native
229,0.0,6,0.31890579420988907,0.5,True,1,native
230,0.0,9,0.3173112652388396,0.5,True,1,native
231,0.0,17,0.3157247089126454,0.5,True,1,native
232,0.0,4,0.3141460853680822,0.5,True,1,native
233,1.0,20,0.3125753549412418,0.5,True,1,native
234,0.0,9,0.31101247816653554,0.5,True,1,native
235,0.0,5,0.30945741577570285,0.5,True,1,native
236,0.0,32,0.3079101286968243,0.5,True,1,native
237,0.0,10,0.3063705780533402,0.5,True,1,native
238,0.0,6,0.30483872516307353,0.5,True,1,native
239,0.0,5,0.3033145315372582,0.5,True,1,native
240,0.0,6,0.3017979588795719,0.5,True,1,native
241,0.0,16,0.30028896908517405,0.5,True,1,native
242,1.0,24,0.2987875242397482,0.5,True,1,native
243,0.0,10,0.29729358661854943,0.5,True,1,native
244,0.0,6,0.29580711868545667,0.5,True,1,native
245,0.0,17,0.2943280830920294,0.5,True,1,native
246,1.0,9,0.29285644267656924,0.5,True,1,native
247,0.0,10,0.2913921604631864,0.5,True,1,native
248,0.0,2,0.28993519966087045,0.5,True,1,native
249,0.0,7,0.2884855236625661,0.5,True,1,native
250,0.0,12,0.28704309604425327,0.5,True,1,native
251,0.0,9,0.285607880564032,0.5,True,1,native
252,0.0,14,0.28417984116121187,0.5,True,1,native
253,0.0,10,0.2827589419554058,0.5,True,1,native
254,0.0,2,0.28134514724562876,0.5,True,1,native
255,0.0,5,0.2799384215094006,0.5,True,1,native
256,0.0,7,0.27853872940185365,0.5,True,1,native
257,0.0,22,0.27714603575484437,0.5,True,1,native
258,0.0,17,0.2757603055760701,0.5,True,1,native
259,1.0,10,0.2743815040481898,0.5,True,1,native
260,0.0,3,0.2730095965279488,0.5,True,1,native
261,0.0,19,0.27164454854530906,0.5,True,1,native
262,0.0,11,0.2702863258025825,0.5,True,1,native
263,0.0,37,0.2689348941735696,0.5,True,1,native
264,0.0,10,0.26759021970270175,0.5,True,1,native
265,0.0,9,0.2662522686041882,0.5,True,1,native
266,0.0,15,0.2649210072611673,0.5,True,1,native
267,0.0,8,0.26359640222486147,0.5,True,1,native
268,0.0,2,0.26227842021373715,0.5,True,1,native
269,0.0,16,0.2609670281126685,0.5,True,1,native
270,0.0,30,0.25966219297210513,0.5,True,1,native
271,0.0,6,0.2583638820072446,0.5,True,1,native
272,0.0,11,0.2570720625972084,0.5,True,1,native
273,0.0,5,0.25578670228422234,0.5,True,1,native
274,0.0,11,0.25450776877280124,0.5,True,1,native
275,0.0,23,0.2532352299289372,0.5,True,1,native
276,0.0,5,0.2519690537792925,0.5,True,1,native
277,0.0,9,0.2507092085103961,0.5,True,1,native
278,0.0,9,0.2494556624678441,0.5,True,1,native
279,0.0,23,0.24820838415550486,0.5,True,1,native
280,1.0,28,0.24696734223472733,0.5,True,1,native
281,0.0,14,0.2457325055235537,0.5,True,1,native
282,0.0,5,0.24450384299593592,0.5,True,1,native
283,1.0,10,0.24328132378095624,0.5,True,1,native
284,0.0,3,0.24206491716205145,0.5,True,1,native
285,0.0,6,0.2408545925762412,0.5,True,1,native
286,0.0,11,0.23965031961336,0.5,True,1,native
287,0.0,7,0.2384520680152932,0.5,True,1,native
288,0.0,31,0.23725980767521673,0.5,True,1,native
289,1.0,13,0.23607350863684065,0.5,True,1,native
290,0.0,12,0.23489314109365644,0.5,True,1,native
291,0.0,13,0.23371867538818816,0.5,True,1,native
292,0.0,11,0.23255008201124722,0.5,True,1,native
293,0.0,8,0.231387331601191,0.5,True,1,native
294,0.0,4,0.23023039494318503,0.5,True,1,native
295,0.0,58,0.2290792429684691,0.5,True,1,native
296,0.0,3,0.22793384675362674,0.5,True,1,native
297,0.0,17,0.22679417751985861,0.5,True,1,native
298,0.0,5,0.22566020663225933,0.5,True,1,native
299,0.0,16,0.22453190559909803,0.5,True,1,native
300,0.0,40,0.22340924607110255,0.5,True,1,native
301,0.0,8,0.22229219984074702,0.5,True,1,native
302,0.0,10,0.2211807388415433,0.5,True,1,native
303,1.0,34,0.22007483514733558,0.5,True,1,native
304,0.0,11,0.2189744609715989,0.5,True,1,native
305,0.0,6,0.2178795886667409,0.5,True,1,native
306,0.0,11,0.2167901907234072,0.5,True,1,native
307,0.0,20,0.21570623976979014,0.5,True,1,native
308,0.0,12,0.21462770857094118,0.5,True,1,native
309,0.0,8,0.21355457002808648,0.5,True,1,native
310,0.0,13,0.21248679717794605,0.5,True,1,native
311,0.0,9,0.21142436319205632,0.5,True,1,native
312,0.0,7,0.21036724137609603,0.5,True,1,native
313,0.0,40,0.20931540516921554,0.5,True,1,native
314,0.0,13,0.20826882814336947,0.5,True,1,native
315,0.0,8,0.20722748400265262,0.5,True,1,native
316,0.0,9,0.20619134658263935,0.5,True,1,native
317,0.0,26,0.20516038984972615,0.5,True,1,native
318,0.0,45,0.2041345879004775,0.5,True,1,native
319,0.0,7,0.2031139149609751,0.5,True,1,native
320,0.0,14,0.20209834538617025,0.5,True,1,native
321,0.0,7,0.2010878536592394,0.5,True,1,native
322,0.0,17,0.2000824143909432,0.5,True,1,native
323,0.0,6,0.19908200231898848,0.5,True,1,native
324,0.0,9,0.19808659230739353,0.5,True,1,native
325,0.0,16,0.19709615934585656,0.5,True,1,native
326,1.0,8,0.19611067854912728,0.5,True,1,native
327,0.0,37,0.19513012515638165,0.5,True,1,native
328,0.0,3,0.19415447453059972,0.5,True,1,native
329,0.0,15,0.19318370215794672,0.5,True,1,native
330,0.0,7,0.192217783647157,0.5,True,1,native
331,0.0,11,0.1912566947289212,0.5,True,1,native
332,0.0,64,0.1903004112552766,0.5,True,1,native
333,1.0,26,0.18934890919900021,0.5,True,1,native
334,0.0,8,0.18840216465300522,0.5,True,1,native
335,0.0,8,0.18746015382974018,0.5,True,1,native
336,1.0,42,0.1865228530605915,0.5,True,1,native
337,1.0,16,0.18559023879528855,0.5,True,1,native
338,0.0,36,0.1846622876013121,0.5,True,1,native
339,0.0,18,0.18373897616330553,0.5,True,1,native
340,0.0,39,0.182820281282489,0.5,True,1,native
341,1.0,15,0.18190617987607657,0.5,True,1,native
342,1.0,21,0.18099664897669618,0.5,True,1,native
343,0.0,36,0.1800916657318127,0.5,True,1,native
344,1.0,30,0.17919120740315364,0.5,True,1,native
345,0.0,71,0.17829525136613786,0.5,True,1,native
346,0.0,2,0.17740377510930716,0.5,True,1,native
347,1.0,13,0.17651675623376062,0.5,True,1,native
348,0.0,6,0.1756341724525918,0.5,True,1,native
349,1.0,44,0.17475600159032884,0.5,True,1,native
350,0.0,14,0.17388222158237718,0.5,True,1,native
351,0.0,13,0.1730128104744653,0.5,True,1,native
352,0.0,11,0.17214774642209296,0.5,True,1,native
353,0.0,21,0.1712870076899825,0.5,True,1,native
354,0.0,15,0.17043057265153258,0.5,True,1,native
355,1.0,16,0.16957841978827493,0.5,True,1,native
356,0.0,41,0.16873052768933355,0.5,True,1,native
357,0.0,15,0.1678868750508869,0.5,True,1,native
358,1.0,10,0.16704744067563246,0.5,True,1,native
359,0.0,11,0.1662122034722543,0.5,True,1,native
360,1.0,23,0.16538114245489302,0.5,True,1,native
361,1.0,30,0.16455423674261854,0.5,True,1,native
362,0.0,68,0.16373146555890544,0.5,True,1,native
363,0.0,10,0.16291280823111093,0.5,True,1,native
364,0.0,52,0.16209824418995536,0.5,True,1,native
365,0.0,75,0.16128775296900558,0.5,True,1,native
366,1.0,9,0.16048131420416054,0.5,True,1,native
367,0.0,17,0.15967890763313974,0.5,True,1,native
368,0.0,10,0.15888051309497406,0.5,True,1,native
369,0.0,15,0.1580861105294992,0.5,True,1,native
370,1.0,15,0.1572956799768517,0.5,True,1,native
371,0.0,24,0.15650920157696743,0.5,True,1,native
372,0.0,15,0.1557266555690826,0.5,True,1,native
373,0.0,8,0.1549480222912372,0.5,True,1,native
374,1.0,35,0.15417328217978102,0.5,True,1,native
375,0.0,66,0.1534024157688821,0.5,True,1,native
376,1.0,10,0.1526354036900377,0.5,True,1,native
377,0.0,14,0.1518722266715875,0.5,True,1,native
378,1.0,85,0.15111286553822956,0.5,True,1,native
379,0.0,10,0.15035730121053842,0.5,True,1,native
380,0.0,69,0.14960551470448571,0.5,True,1,native
381,0.0,5,0.14885748713096328,0.5,True,1,native
382,1.0,12,0.14811319969530845,0.5,True,1,native
383,0.0,16,0.1473726336968319,0.5,True,1,native
384,0.0,32,0.14663577052834775,0.5,True,1,native
385,1.0,42,0.14590259167570602,0.5,True,1,native
386,0.0,21,0.1451730787173275,0.5,True,1,native
387,0.0,5,0.14444721332374086,0.5,True,1,native
388,0.0,53,0.14372497725712216,0.5,True,1,native
389,1.0,82,0.14300635237083656,0.5,True,1,native
390,0.0,43,0.14229132060898236,0.5,True,1,native
391,0.0,15,0.14157986400593744,0.5,True,1,native
392,0.0,12,0.14087196468590776,0.5,True,1,native
393,0.0,6,0.14016760486247823,0.5,True,1,native
394,0.0,23,0.13946676683816583,0.5,True,1,native
395,1.0,18,0.138769433003975,0.5,True,1,native
396,0.0,22,0.13807558583895513,0.5,True,1,native
397,0.0,33,0.13738520790976036,0.5,True,1,native
398,0.0,18,0.13669828187021155,0.5,True,1,native
399,0.0,12,0.13601479046086049,0.5,True,1,native
400,0.0,7,0.1353347165085562,0.5,True,1,native
401,0.0,10,0.1346580429260134,0.5,True,1,native
402,0.0,17,0.13398475271138335,0.5,True,1,native
403,0.0,20,0.13331482894782642,0.5,True,1,native
404,1.0,14,0.13264825480308728,0.5,True,1,native
405,1.0,29,0.13198501352907185,0.5,True,1,native
406,1.0,18,0.1313250884614265,0.5,True,1,native
407,0.0,9,0.13066846301911936,0.5,True,1,native
408,0.0,13,0.13001512070402377,0.5,True,1,native
409,1.0,28,0.12936504510050365,0.5,True,1,native
410,1.0,42,0.12871821987500112,0.5,True,1,native
411,0.0,5,0.12807462877562611,0.5,True,1,native
412,0.0,100,0.12743425563174798,0.5,True,1,native
413,0.0,10,0.12679708435358925,0.5,True,1,native
414,0.0,20,0.1261630989318213,0.5,True,1,native
415,0.0,14,0.1255322834371622,0.5,True,1,native
416,0.0,73,0.12490462201997637,0.5,True,1,native
417,0.0,20,0.1242800989098765,0.5,True,1,native
418,0.0,8,0.12365869841532712,0.5,True,1,native
419,0.0,5,0.12304040492325048,0.5,True,1,native
420,0.0,25,0.12242520289863423,0.5,True,1,native
421,1.0,8,0.12181307688414106,0.5,True,1,native
422,1.0,54,0.12120401149972035,0.5,True,1,native
423,1.0,31,0.12059799144222175,0.5,True,1,native
424,1.0,19,0.11999500148501063,0.5,True,1,native
425,1.0,20,0.11939502647758558,0.5,True,1,native
426,0.0,24,0.11879805134519765,0.5,True,1,native
427,1.0,27,0.11820406108847166,0.5,True,1,native
428,0.0,7,0.1176130407830293,0.5,True,1,native
429,1.0,21,0.11702497557911415,0.5,True,1,native
430,0.0,30,0.11643985070121858,0.5,True,1,native
431,0.0,42,0.11585765144771248,0.5,True,1,native
432,1.0,19,0.11527836319047392,0.5,True,1,native
433,0.0,11,0.11470197137452155,0.5,True,1,native
434,0.0,38,0.11412846151764894,0.5,True,1,native
435,0.0,56,0.1135578192100607,0.5,True,1,native
436,0.0,39,0.11299003011401039,0.5,True,1,native
437,0.0,23,0.11242507996344034,0.5,True,1,native
438,0.0,20,0.11186295456362313,0.5,True,1,native
439,0.0,32,0.11130363979080501,0.5,True,1,native
440,0.0,3,0.11074712159185099,0.5,True,1,native
441,0.0,5,0.11019338598389174,0.5,True,1,native
442,1.0,20,0.10964241905397228,0.5,True,1,native
443,1.0,13,0.10909420695870241,0.5,True,1,native
444,0.0,7,0.1085487359239089,0.5,True,1,native
445,1.0,21,0.10800599224428936,0.5,True,1,native
446,0.0,15,0.10746596228306791,0.5,True,1,native
447,0.0,5,0.10692863247165257,0.5,True,1,native
448,1.0,13,0.1063939893092943,0.5,True,1,native
449,0.0,14,0.10586201936274783,0.5,True,1,native
450,0.0,6,0.10533270926593409,0.5,True,1,native
451,1.0,9,0.10480604571960442,0.5,True,1,native
452,0.0,12,0.1042820154910064,0.5,True,1,native
453,1.0,24,0.10376060541355137,0.5,True,1,native
454,0.0,12,0.1032418023864836,0.5,True,1,native
455,0.0,22,0.10272559337455119,0.5,True,1,native
456,0.0,3,0.10221196540767843,0.5,True,1,native
457,0.0,45,0.10170090558064004,0.5,True,1,native
458,1.0,13,0.10119240105273684,0.5,True,1,native
459,1.0,18,0.10068643904747315,0.5,True,1,native
460,0.0,9,0.10018300685223579,0.5,True,1,native
461,0.0,50,0.0996820918179746,0.5,True,1,native
462,0.0,10,0.09918368135888474,0.5,True,1,native
463,0.0,21,0.09868776295209031,0.5,True,1,native
464,0.0,38,0.09819432413732986,0.5,True,1,native
465,0.0,10,0.09770335251664321,0.5,True,1,native
466,0.0,20,0.09721483575406,0.5,True,1,native
467,0.0,15,0.09672876157528969,0.5,True,1,native
468,1.0,29,0.09624511776741324,0.5,True,1,native
469,0.0,7,0.09576389217857617,0.5,True,1,native
470,0.0,87,0.09528507271768329,0.5,True,1,native
471,0.0,5,0.09480864735409487,0.5,True,1,native
472,0.0,4,0.0943346041173244,0.5,True,1,native
473,0.0,18,0.09386293109673778,0.5,True,1,native
474,0.0,8,0.09339361644125409,0.5,True,1,native
475,0.0,94,0.09292664835904782,0.5,True,1,native
476,1.0,24,0.09246201511725258,0.5,True,1,native
477,1.0,18,0.09199970504166631,0.5,True,1,native
478,1.0,14,0.09153970651645797,0.5,True,1,native
479,0.0,30,0.09108200798387568,0.5,True,1,native
480,1.0,15,0.0906265979439563,0.5,True,1,native
481,0.0,16,0.09017346495423652,0.5,True,1,native
482,0.0,11,0.08972259762946533,0.5,True,1,native
483,0.0,3,0.089273984641318,0.5,True,1,native
484,0.0,40,0.0888276147181114,0.5,True,1,native
485,1.0,36,0.08838347664452084,0.5,True,1,native
486,0.0,15,0.08794155926129824,0.5,True,1,native
487,0.0,31,0.08750185146499175,0.5,True,1,native
488,0.0,9,0.08706434220766679,0.5,True,1,native
489,0.0,14,0.08662902049662846,0.5,True,1,native
490,0.0,32,0.08619587539414532,0.5,True,1,native
491,0.0,12,0.08576489601717459,0.5,True,1,native
492,0.0,12,0.08533607153708872,0.5,True,1,native
493,1.0,17,0.08490939117940327,0.5,True,1,native
494,0.0,7,0.08448484422350626,0.5,True,1,native
495,0.0,77,0.08406242000238873,0.5,True,1,native
496,0.0,56,0.08364210790237678,0.5,True,1,native
497,1.0,45,0.0832238973628649,0.5,True,1,native
498,0.0,9,0.08280777787605056,0.5,True,1,native
499,0.0,57,0.08239373898667031,0.5,True,1,native
500,0.0,53,0.08198177029173696,0.5,True,1,native
501,0.0,29,0.08157186144027828,0.5,True,1,native
502,0.0,56,0.0811640021330769,0.5,True,1,native
503,1.0,75,0.08075818212241151,0.5,True,1,native
504,0.0,62,0.08035439121179945,0.5,True,1,native
505,0.0,82,0.07995261925574046,0.5,True,1,native
506,0.0,61,0.07955285615946175,0.5,True,1,native
507,1.0,15,0.07915509187866444,0.5,True,1,native
508,0.0,19,0.07875931641927113,0.5,True,1,native
509,0.0,23,0.07836551983717477,0.5,True,1,native
510,0.0,37,0.07797369223798889,0.5,True,1,native
511,0.0,100,0.07758382377679894,0.5,True,1,native
512,1.0,15,0.07719590465791494,0.5,True,1,native
513,1.0,29,0.07680992513462537,0.5,True,1,native
514,0.0,50,0.07642587550895225,0.5,True,1,native
515,0.0,8,0.07604374613140748,0.5,True,1,native
516,1.0,42,0.07566352740075044,0.5,True,1,native
517,0.0,20,0.07528520976374668,0.5,True,1,native
518,0.0,25,0.07490878371492794,0.5,True,1,native
519,1.0,14,0.0745342397963533,0.5,True,1,native
520,0.0,20,0.07416156859737154,0.5,True,1,native
521,1.0,13,0.07379076075438468,0.5,True,1,native
522,1.0,38,0.07342180695061275,0.5,True,1,native
523,0.0,48,0.07305469791585968,0.5,True,1,native
524,1.0,64,0.07268942442628039,0.5,True,1,native
525,0.0,38,0.07232597730414898,0.5,True,1,native
526,1.0,20,0.07196434741762824,0.5,True,1,native
527,0.0,7,0.0716045256805401,0.5,True,1,native
528,1.0,19,0.0712465030521374,0.5,True,1,native
529,1.0,35,0.0708902705368767,0.5,True,1,native
530,1.0,24,0.07053581918419231,0.5,True,1,native
531,0.0,8,0.07018314008827135,0.5,True,1,native
532,0.0,11,0.06983222438783,0.5,True,1,native
533,0.0,100,0.06948306326589085,0.5,True,1,native
534,1.0,11,0.0691356479495614,0.5,True,1,native
535,0.0,100,0.06878996970981359,0.5,True,1,native
536,1.0,23,0.06844601986126451,0.5,True,1,native
537,1.0,8,0.06810378976195819,0.5,True,1,native
538,1.0,56,0.0677632708131484,0.5,True,1,native
539,1.0,12,0.06742445445908266,0.5,True,1,native
540,0.0,44,0.06708733218678724,0.5,True,1,native
541,0.0,91,0.0667518955258533,0.5,True,1,native
542,1.0,32,0.06641813604822402,0.5,True,1,native
543,1.0,40,0.0660860453679829,0.5,True,1,native
544,0.0,35,0.06575561514114299,0.5,True,1,native
545,0.0,100,0.06542683706543727,0.5,True,1,native
546,0.0,14,0.06509970288011008,0.5,True,1,native
547,1.0,9,0.06477420436570952,0.5,True,1,native
548,0.0,3,0.06445033334388098,0.5,True,1,native
549,0.0,34,0.06412808167716157,0.5,True,1,native
550,1.0,28,0.06380744126877576,0.5,True,1,native
551,1.0,7,0.06348840406243188,0.5,True,1,native
552,1.0,17,0.06317096204211972,0.5,True,1,native
553,1.0,68,0.06285510723190912,0.5,True,1,native
554,0.0,16,0.06254083169574957,0.5,True,1,native
555,1.0,90,0.062228127537270826,0.5,True,1,native
556,1.0,13,0.06191698689958447,0.5,True,1,native
557,1.0,25,0.061607401965086545,0.5,True,1,native
558,0.0,2,0.06129936495526111,0.5,True,1,native
559,0.0,67,0.0609928681304848,0.5,True,1,native
560,0.0,49,0.060687903789832374,0.5,True,1,native
561,0.0,25,0.06038446427088321,0.5,True,1,native
562,0.0,5,0.06008254194952879,0.5,True,1,native
563,0.0,30,0.05978212923978115,0.5,True,1,native
564,0.0,10,0.05948321859358224,0.5,True,1,native
565,0.0,38,0.05918580250061433,0.5,True,1,native
566,1.0,17,0.058889873488111255,0.5,True,1,native
567,0.0,80,0.058595424120670696,0.5,True,1,native
568,0.0,35,0.05830244700006734,0.5,True,1,native
569,1.0,24,0.058010934765067,0.5,True,1,native
570,0.0,19,0.05772088009124167,0.5,True,1,native
571,0.0,13,0.05743227569078546,0.5,True,1,native
572,1.0,24,0.05714511431233153,0.5,True,1,native
573,0.0,100,0.05685938874076987,0.5,True,1,native
574,0.0,20,0.056575091797066025,0.5,True,1,native
575,0.0,64,0.056292216338080694,0.5,True,1,native
576,0.0,93,0.05601075525639029,0.5,True,1,native
577,0.0,17,0.05573070148010834,0.5,True,1,native
578,1.0,13,0.0554520479727078,0.5,True,1,native
579,1.0,38,0.05517478773284426,0.5,True,1,native
580,1.0,21,0.05489891379418004,0.5,True,1,native
581,0.0,60,0.05462441922520914,0.5,True,1,native
582,1.0,20,0.0543512971290831,0.5,True,1,native
583,1.0,38,0.05407954064343768,0.5,True,1,native
584,0.0,6,0.05380914294022049,0.5,True,1,native
585,1.0,17,0.05354009722551939,0.5,True,1,native
586,1.0,31,0.05327239673939179,0.5,True,1,native
587,0.0,100,0.053006034755694834,0.5,True,1,native
588,0.0,12,0.052741004581916356,0.5,True,1,native
589,0.0,19,0.052477299559006776,0.5,True,1,native
590,1.0,6,0.052214913061211746,0.5,True,1,native
591,0.0,7,0.05195383849590569,0.5,True,1,native
592,0.0,4,0.05169406930342616,0.5,True,1,native
593,1.0,39,0.05143559895690903,0.5,True,1,native
594,1.0,56,0.051178420962124486,0.5,True,1,native
595,0.0,25,0.05092252885731386,0.5,True,1,native
596,0.0,25,0.05066791621302729,0.5,True,1,native
597,1.0,23,0.05041457663196215,0.5,True,1,native
598,1.0,48,0.050162503748802344,0.5,True,1,native
599,1.0,16,0.049911691230058335,0.5,True,1,native
600,0.0,27,0.04966213277390804,0.5,True,1,native
601,0.0,28,0.0494138221100385,0.5,True,1,native
602,1.0,23,0.04916675299948831,0.5,True,1,native
603,1.0,17,0.04892091923449087,0.5,True,1,native
604,0.0,64,0.04867631463831842,0.5,True,1,native
605,1.0,29,0.048432933065126825,0.5,True,1,native
606,0.0,22,0.048190768399801194,0.5,True,1,native
607,0.0,14,0.04794981455780219,0.5,True,1,native
608,1.0,38,0.04771006548501318,0.5,True,1,native
609,1.0,22,0.047471515157588115,0.5,True,1,native
610,0.0,9,0.047234157581800176,0.5,True,1,native
611,0.0,27,0.046997986793891174,0.5,True,1,native
612,1.0,56,0.04676299685992172,0.5,True,1,native
613,0.0,2,0.04652918187562211,0.5,True,1,native
614,1.0,34,0.046296535966244,0.5,True,1,native
615,0.0,17,0.046065053286412784,0.5,True,1,native
616,0.0,47,0.04583472801998072,0.5,True,1,native
617,0.0,8,0.045605554379880814,0.5,True,1,native
618,1.0,62,0.04537752660798141,0.5,True,1,native
619,1.0,55,0.0451506389749415,0.5,True,1,native
620,1.0,58,0.044924885780066794,0.5,True,1,native
621,0.0,19,0.04470026135116646,0.5,True,1,native
622,0.0,100,0.04447676004441063,0.5,True,1,native
623,0.0,83,0.04425437624418858,0.5,True,1,native
624,0.0,10,0.04403310436296763,0.5,True,1,native
625,0.0,25,0.043812938841152796,0.5,True,1,native
626,1.0,40,0.04359387414694703,0.5,True,1,native
627,0.0,32,0.043375904776212296,0.5,True,1,native
628,1.0,15,0.043159025252331236,0.5,True,1,native
629,0.0,11,0.04294323012606958,0.5,True,1,native
630,0.0,32,0.04272851397543923,0.5,True,1,native
631,0.0,56,0.04251487140556204,0.5,True,1,native
632,0.0,27,0.04230229704853423,0.5,True,1,native
633,0.0,15,0.04209078556329156,0.5,True,1,native
634,0.0,60,0.0418803316354751,0.5,True,1,native
635,0.0,41,0.041670929977297724,0.5,True,1,native
636,1.0,29,0.04146257532741124,0.5,True,1,native
637,0.0,100,0.04125526245077418,0.5,True,1,native
638,1.0,36,0.04104898613852031,0.5,True,1,native
639,1.0,14,0.04084374120782771,0.5,True,1,native
640,0.0,100,0.04063952250178857,0.5,True,1,native
641,1.0,30,0.04043632488927963,0.5,True,1,native
642,0.0,51,0.04023414326483323,0.5,True,1,native
643,0.0,22,0.040032972548509065,0.5,True,1,native
644,0.0,44,0.03983280768576652,0.5,True,1,native
645,0.0,55,0.03963364364733769,0.5,True,1,native
646,0.0,47,0.039435475429100995,0.5,True,1,native
647,1.0,11,0.03923829805195549,0.5,True,1,native
648,1.0,28,0.03904210656169572,0.5,True,1,native
649,0.0,96,0.03884689602888724,0.5,True,1,native
650,1.0,7,0.0386526615487428,0.5,True,1,native
651,1.0,59,0.03845939824099909,0.5,True,1,native
652,0.0,52,0.03826710124979409,0.5,True,1,native
653,1.0,64,0.038075765743545126,0.5,True,1,native
654,1.0,15,0.0378853869148274,0.5,True,1,native
655,1.0,13,0.03769595998025326,0.5,True,1,native
656,1.0,45,0.03750748018035199,0.5,True,1,native
657,1.0,37,0.037319942779450235,0.5,True,1,native
658,1.0,21,0.037133343065552986,0.5,True,1,native
659,0.0,41,0.03694767635022522,0.5,True,1,native
660,1.0,37,0.036762937968474095,0.5,True,1,native
661,1.0,47,0.03657912327863173,0.5,True,1,native
662,0.0,4,0.036396227662238566,0.5,True,1,native
663,1.0,28,0.03621424652392737,0.5,True,1,native
664,1.0,26,0.036033175291307735,0.5,True,1,native
665,0.0,31,0.03585300941485119,0.5,True,1,native
666,1.0,24,0.035673744367776934,0.5,True,1,native
667,1.0,36,0.03549537564593805,0.5,True,1,native
668,0.0,7,0.035317898767708356,0.5,True,1,native
669,0.0,18,0.03514130927386981,0.5,True,1,native
670,0.0,38,0.03496560272750046,0.5,True,1,native
671,0.0,26,0.03479077471386296,0.5,True,1,native
672,0.0,22,0.03461682084029365,0.5,True,1,native
673,1.0,26,0.034443736736092176,0.5,True,1,native
674,0.0,25,0.034271518052411715,0.5,True,1,native
675,0.0,66,0.034100160462149656,0.5,True,1,native
676,1.0,48,0.03392965965983891,0.5,True,1,native
677,1.0,36,0.033760011361539714,0.5,True,1,native
678,1.0,23,0.03359121130473201,0.5,True,1,native
679,1.0,54,0.033423255248208356,0.5,True,1,native
680,0.0,23,0.03325613897196732,0.5,True,1,native
681,0.0,44,0.03308985827710748,0.5,True,1,native
682,1.0,46,0.032924408985721944,0.5,True,1,native
683,1.0,15,0.03275978694079333,0.5,True,1,native
684,1.0,38,0.032595988006089364,0.5,True,1,native
685,0.0,62,0.032433008066058915,0.5,True,1,native
686,0.0,39,0.03227084302572862,0.5,True,1,native
687,1.0,60,0.032109488810599975,0.5,True,1,native
688,0.0,36,0.031948941366546975,0.5,True,1,native
689,1.0,10,0.03178919665971424,0.5,True,1,native
690,1.0,74,0.03163025067641567,0.5,True,1,native
691,1.0,47,0.03147209942303359,0.5,True,1,native
692,0.0,23,0.03131473892591842,0.5,True,1,native
693,0.0,100,0.031158165231288826,0.5,True,1,native
694,0.0,76,0.03100237440513238,0.5,True,1,native
695,1.0,33,0.030847362533106718,0.5,True,1,native
696,1.0,78,0.030693125720441184,0.5,True,1,native
697,1.0,16,0.030539660091838977,0.5,True,1,native
698,0.0,16,0.03038696179137978,0.5,True,1,native
699,1.0,25,0.030235026982422884,0.5,True,1,native
700,1.0,27,0.030083851847510768,0.5,True,1,native
701,1.0,11,0.029933432588273214,0.5,True,1,native
702,0.0,30,0.029783765425331846,0.5,True,1,native
703,0.0,40,0.029634846598205186,0.5,True,1,native
704,0.0,95,0.02948667236521416,0.5,True,1,native
705,0.0,100,0.029339239003388088,0.5,True,1,native
706,0.0,12,0.029192542808371146,0.5,True,1,native
707,0.0,100,0.02904658009432929,0.5,True,1,native
708,1.0,18,0.028901347193857643,0.5,True,1,native
709,0.0,34,0.028756840457888354,0.5,True,1,native
710,1.0,27,0.02861305625559891,0.5,True,1,native
711,1.0,28,0.028469990974320916,0.5,True,1,native
712,1.0,30,0.02832764101944931,0.5,True,1,native
713,0.0,100,0.028186002814352063,0.5,True,1,native
714,0.0,29,0.0280450728002803,0.5,True,1,native
715,0.0,29,0.0279048474362789,0.5,True,1,native
716,0.0,10,0.027765323199097504,0.5,True,1,native
717,0.0,22,0.027626496583102015,0.5,True,1,native
718,0.0,63,0.027488364100186506,0.5,True,1,native
719,0.0,100,0.027350922279685573,0.5,True,1,native
720,1.0,98,0.027214167668287145,0.5,True,1,native
721,0.0,10,0.02707809682994571,0.5,True,1,native
722,0.0,9,0.02694270634579598,0.5,True,1,native
723,1.0,28,0.026807992814067,0.5,True,1,native
724,1.0,28,0.026673952849996664,0.5,True,1,native
725,1.0,51,0.02654058308574668,0.5,True,1,native
726,0.0,8,0.026407880170317945,0.5,True,1,native
727,1.0,51,0.026275840769466357,0.5,True,1,native
728,1.0,28,0.026144461565619025,0.5,True,1,native
729,1.0,35,0.02601373925779093,0.5,True,1,native
730,1.0,31,0.025883670561501974,0.5,True,1,native
731,1.0,10,0.025754252208694463,0.5,True,1,native
732,1.0,62,0.02562548094765099,0.5,True,1,native
733,0.0,21,0.025497353542912736,0.5,True,1,native
734,0.0,22,0.02536986677519817,0.5,True,1,native
735,1.0,17,0.02524301744132218,0.5,True,1,native
736,1.0,70,0.025116802354115567,0.5,True,1,native
737,0.0,100,0.024991218342344988,0.5,True,1,native
738,1.0,50,0.024866262250633264,0.5,True,1,native
739,0.0,57,0.024741930939380097,0.5,True,1,native
740,0.0,27,0.024618221284683196,0.5,True,1,native
741,0.0,21,0.02449513017825978,0.5,True,1,native
742,0.0,26,0.02437265452736848,0.5,True,1,native
743,0.0,29,0.024250791254731636,0.5,True,1,native
744,0.0,62,0.024129537298457977,0.5,True,1,native
745,1.0,26,0.024008889611965685,0.5,True,1,native
746,0.0,10,0.023888845163905856,0.5,True,1,native
747,0.0,61,0.023769400938086327,0.5,True,1,native
748,0.0,6,0.023650553933395897,0.5,True,1,native
749,0.0,9,0.023532301163728918,0.5,True,1,native
750,0.0,16,0.023414639657910272,0.5,True,1,native
751,1.0,32,0.023297566459620722,0.5,True,1,native
752,1.0,44,0.023181078627322618,0.5,True,1,native
753,0.0,52,0.023065173234186005,0.5,True,1,native
754,1.0,13,0.022949847368015076,0.5,True,1,native
755,0.0,76,0.022835098131175,0.5,True,1,native
756,1.0,35,0.022720922640519125,0.5,True,1,native
757,0.0,15,0.02260731802731653,0.5,True,1,native
758,0.0,73,0.022494281437179946,0.5,True,1,native
759,0.0,100,0.022381810029994047,0.5,True,1,native
760,1.0,21,0.022269900979844076,0.5,True,1,native
761,1.0,29,0.022158551474944856,0.5,True,1,native
762,0.0,30,0.022047758717570132,0.5,True,1,native
763,1.0,64,0.021937519923982282,0.5,True,1,native
764,0.0,18,0.021827832324362372,0.5,True,1,native
765,1.0,10,0.02171869316274056,0.5,True,1,native
766,1.0,18,0.021610099696926857,0.5,True,1,native
767,1.0,31,0.021502049198442223,0.5,True,1,native
768,1.0,55,0.021394538952450012,0.5,True,1,native
769,1.0,62,0.02128756625768776,0.5,True,1,native
770,0.0,100,0.021181128426399323,0.5,True,1,native
771,1.0,12,0.021075222784267326,0.5,True,1,native
772,1.0,54,0.020969846670345987,0.5,True,1,native
773,1.0,26,0.020864997436994256,0.5,True,1,native
774,1.0,46,0.020760672449809284,0.5,True,1,native
775,1.0,46,0.020656869087560238,0.5,True,1,native
776,0.0,61,0.020553584742122436,0.5,True,1,native
777,1.0,63,0.020450816818411825,0.5,True,1,native
778,1.0,17,0.020348562734319765,0.5,True,1,native
779,1.0,18,0.020246819920648168,0.5,True,1,native
780,1.0,17,0.020145585821044927,0.5,True,1,native
781,1.0,20,0.020044857891939702,0.5,True,1,native
782,1.0,12,0.019944633602480003,0.5,True,1,native
783,1.0,24,0.019844910434467605,0.5,True,1,native
784,0.0,32,0.019745685882295267,0.5,True,1,native
785,0.0,63,0.01964695745288379,0.5,True,1,native
786,0.0,17,0.01954872266561937,0.5,True,1,native
787,1.0,11,0.019450979052291272,0.5,True,1,native
788,1.0,20,0.019353724157029815,0.5,True,1,native
789,1.0,34,0.019256955536244666,0.5,True,1,native
790,1.0,14,0.019160670758563442,0.5,True,1,native
791,1.0,69,0.019064867404770626,0.5,True,1,native
792,0.0,67,0.018969543067746772,0.5,True,1,native
793,0.0,72,0.018874695352408037,0.5,True,1,native
794,1.0,33,0.018780321875645996,0.5,True,1,native
795,1.0,19,0.018686420266267767,0.5,True,1,native
796,0.0,31,0.018592988164936427,0.5,True,1,native
797,1.0,11,0.018500023224111744,0.5,True,1,native
798,1.0,55,0.018407523107991184,0.5,True,1,native
799,1.0,15,0.01831548549245123,0.5,True,1,native
800,1.0,30,0.018223908064988973,0.5,True,1,native
801,1.0,21,0.018132788524664028,0.5,True,1,native
802,0.0,11,0.018042124582040707,0.5,True,1,native
803,1.0,66,0.017951913959130504,0.5,True,1,native
804,1.0,9,0.01786215438933485,0.5,True,1,native
805,0.0,16,0.017772843617388175,0.5,True,1,native
806,1.0,34,0.017683979399301233,0.5,True,1,native
807,1.0,17,0.017595559502304726,0.5,True,1,native
808,0.0,100,0.0175075817047932,0.5,True,1,native
809,1.0,23,0.017420043796269234,0.5,True,1,native
810,1.0,11,0.017332943577287888,0.5,True,1,native
811,1.0,40,0.01724627885940145,0.5,True,1,native
812,0.0,98,0.017160047465104442,0.5,True,1,native
813,0.0,14,0.01707424722777892,0.5,True,1,native
814,1.0,48,0.016988875991640028,0.5,True,1,native
815,0.0,18,0.016903931611681827,0.5,True,1,native
816,1.0,43,0.01681941195362342,0.5,True,1,native
817,1.0,41,0.016735314893855303,0.5,True,1,native
818,1.0,83,0.016651638319386028,0.5,True,1,native
819,1.0,27,0.0165683801277891,0.5,True,1,native
820,1.0,30,0.016485538227150154,0.5,True,1,native
821,1.0,24,0.0164031105360144,0.5,True,1,native
822,0.0,71,0.01632109498333433,0.5,True,1,native
823,0.0,62,0.016239489508417658,0.5,True,1,native
824,1.0,51,0.01615829206087557,0.5,True,1,native
825,1.0,42,0.01607750060057119,0.5,True,1,native
826,1.0,13,0.015997113097568336,0.5,True,1,native
827,1.0,43,0.015917127532080494,0.5,True,1,native
828,1.0,30,0.01583754189442009,0.5,True,1,native
829,0.0,4,0.01575835418494799,0.5,True,1,native
830,1.0,28,0.01567956241402325,0.5,True,1,native
831,1.0,38,0.015601164601953134,0.5,True,1,native
832,1.0,30,0.015523158778943369,0.5,True,1,native
833,0.0,15,0.015445542985048652,0.5,True,1,native
834,1.0,22,0.015368315270123408,0.5,True,1,native
835,1.0,53,0.01529147369377279,0.5,True,1,native
836,1.0,13,0.015215016325303928,0.5,True,1,native
837,1.0,46,0.015138941243677408,0.5,True,1,native
838,0.0,93,0.01506324653745902,0.5,True,1,native
839,1.0,11,0.014987930304771725,0.5,True,1,native
840,1.0,39,0.014912990653247866,0.5,True,1,native
841,1.0,28,0.014838425699981627,0.5,True,1,native
842,1.0,32,0.01476423357148172,0.5,True,1,native
843,0.0,100,0.014690412403624311,0.5,True,1,native
844,1.0,50,0.01461696034160619,0.5,True,1,native
845,1.0,15,0.014543875539898159,0.5,True,1,native
846,1.0,18,0.014471156162198668,0.5,True,1,native
847,1.0,30,0.014398800381387675,0.5,True,1,native
848,1.0,17,0.014326806379480736,0.5,True,1,native
849,1.0,22,0.014255172347583332,0.5,True,1,native
850,0.0,12,0.014183896485845416,0.5,True,1,native
851,0.0,100,0.014112977003416188,0.5,True,1,native
852,1.0,45,0.014042412118399107,0.5,True,1,native
853,1.0,55,0.013972200057807112,0.5,True,1,native
854,0.0,100,0.013902339057518077,0.5,True,1,native
855,1.0,23,0.013832827362230486,0.5,True,1,native
856,1.0,54,0.013763663225419333,0.5,True,1,native
857,1.0,41,0.013694844909292236,0.5,True,1,native
858,1.0,9,0.013626370684745774,0.5,True,1,native
859,1.0,21,0.013558238831322046,0.5,True,1,native
860,1.0,15,0.013490447637165436,0.5,True,1,native
861,1.0,10,0.013422995398979608,0.5,True,1,native
862,1.0,14,0.01335588042198471,0.5,True,1,native
863,0.0,100,0.013289101019874787,0.5,True,1,native
864,0.0,83,0.013222655514775413,0.5,True,1,native
865,1.0,14,0.013156542237201536,0.5,True,1,native
866,1.0,19,0.013090759526015528,0.5,True,1,native
867,1.0,9,0.01302530572838545,0.5,True,1,native
868,1.0,99,0.012960179199743523,0.5,True,1,native
869,1.0,29,0.012895378303744804,0.5,True,1,native
870,1.0,18,0.01283090141222608,0.5,True,1,native
871,0.0,75,0.012766746905164949,0.5,True,1,native
872,1.0,69,0.012702913170639124,0.5,True,1,native
873,0.0,68,0.012639398604785928,0.5,True,1,native
874,0.0,100,0.012576201611761997,0.5,True,1,native
875,0.0,45,0.012513320603703188,0.5,True,1,native
876,0.0,50,0.012450754000684672,0.5,True,1,native
877,1.0,29,0.012388500230681249,0.5,True,1,native
878,0.0,7,0.012326557729527843,0.5,True,1,native
879,0.0,45,0.012264924940880204,0.5,True,1,native
880,0.0,20,0.012203600316175803,0.5,True,1,native
881,1.0,27,0.012142582314594924,0.5,True,1,native
882,0.0,12,0.01208186940302195,0.5,True,1,native
883,0.0,100,0.01202146005600684,0.5,True,1,native
884,0.0,57,0.011961352755726806,0.5,True,1,native
885,1.0,77,0.01190154599194817,0.5,True,1,native
886,0.0,44,0.01184203826198843,0.5,True,1,native
887,0.0,100,0.011782828070678488,0.5,True,1,native
888,1.0,51,0.011723913930325095,0.5,True,1,native
889,0.0,10,0.01166529436067347,0.5,True,1,native
890,0.0,19,0.011606967888870102,0.5,True,1,native
891,0.0,32,0.01154893304942575,0.5,True,1,native
892,1.0,67,0.011491188384178622,0.5,True,1,native
893,1.0,62,0.011433732442257729,0.5,True,1,native
894,1.0,26,0.01137656378004644,0.5,True,1,native
895,0.0,14,0.011319680961146208,0.5,True,1,native
896,1.0,37,0.011263082556340478,0.5,True,1,native
897,1.0,61,0.011206767143558775,0.5,True,1,native
898,1.0,70,0.011150733307840981,0.5,True,1,native
899,0.0,32,0.011094979641301777,0.5,True,1,native
900,1.0,26,0.011039504743095268,0.5,True,1,native
901,0.0,60,0.01098430721937979,0.5,True,1,native
902,0.0,21,0.010929385683282892,0.5,True,1,native
903,0.0,100,0.010874738754866477,0.5,True,1,native
904,0.0,23,0.010820365061092144,0.5,True,1,native
905,1.0,31,0.010766263235786683,0.5,True,1,native
906,0.0,77,0.01071243191960775,0.5,True,1,native
907,0.0,8,0.010658869760009713,0.5,True,1,native
908,0.0,16,0.010605575411209664,0.5,True,1,native
909,0.0,76,0.010552547534153616,0.5,True,1,native
910,1.0,9,0.010499784796482848,0.5,True,1,native
911,0.0,100,0.010447285872500434,0.5,True,1,native
912,0.0,72,0.01039504944313793,0.5,True,1,native
913,1.0,28,0.010343074195922241,0.5,True,1,native
914,0.0,26,0.01029135882494263,0.5,True,1,native
915,0.0,62,0.010239902030817916,0.5,True,1,native
916,0.0,100,0.010188702520663827,0.5,True,1,native
917,1.0,36,0.010137759008060509,0.5,True,1,native
918,1.0,59,0.010087070213020206,0.5,True,1,native
919,0.0,54,0.010036634861955105,0.5,True,1,native
920,0.0,13,0.01,0.5,True,1,native
921,1.0,22,0.01,0.5,True,1,native
922,0.0,30,0.01,0.5,True,1,native
923,0.0,9,0.01,0.5,True,1,native
924,1.0,41,0.01,0.5,True,1,native
925,1.0,10,0.01,0.5,True,1,native
926,0.0,23,0.01,0.5,True,1,native
927,0.0,14,0.01,0.5,True,1,native
928,1.0,11,0.01,0.5,True,1,native
929,0.0,60,0.01,0.5,True,1,native
930,1.0,74,0.01,0.5,True,1,native
931,1.0,28,0.01,0.5,True,1,native
932,1.0,47,0.01,0.5,True,1,native
933,1.0,14,0.01,0.5,True,1,native
934,0.0,100,0.01,0.5,True,1,native
935,1.0,20,0.01,0.5,True,1,native
936,1.0,10,0.01,0.5,True,1,native
937,0.0,100,0.01,0.5,True,1,native
938,0.0,34,0.01,0.5,True,1,native
939,1.0,60,0.01,0.5,True,1,native
940,1.0,10,0.01,0.5,True,1,native
941,1.0,22,0.01,0.5,True,1,native
942,0.0,100,0.01,0.5,True,1,native
943,1.0,59,0.01,0.5,True,1,native
944,1.0,11,0.01,0.5,True,1,native
945,1.0,68,0.01,0.5,True,1,native
946,1.0,22,0.01,0.5,True,1,native
947,1.0,87,0.01,0.5,True,1,native
948,1.0,46,0.01,0.5,True,1,native
949,1.0,27,0.01,0.5,True,1,native
950,1.0,25,0.01,0.5,True,1,native
951,0.0,20,0.01,0.5,True,1,native
952,0.0,72,0.01,0.5,True,1,native
953,1.0,31,0.01,0.5,True,1,native
954,1.0,20,0.01,0.5,True,1,native
955,1.0,76,0.01,0.5,True,1,native
956,0.0,69,0.01,0.5,True,1,native
957,1.0,17,0.01,0.5,True,1,native
958,1.0,16,0.01,0.5,True,1,native
959,1.0,98,0.01,0.5,True,1,native
960,1.0,17,0.01,0.5,True,1,native
961,0.0,15,0.01,0.5,True,1,native
962,1.0,62,0.01,0.5,True,1,native
963,1.0,48,0.01,0.5,True,1,native
964,1.0,15,0.01,0.5,True,1,native
965,1.0,83,0.01,0.5,True,1,native
966,1.0,11,0.01,0.5,True,1,native
967,1.0,34,0.01,0.5,True,1,native
968,0.0,100,0.01,0.5,True,1,native
969,0.0,56,0.01,0.5,True,1,native
970,1.0,50,0.01,0.5,True,1,native
971,1.0,39,0.01,0.5,True,1,native
972,0.0,100,0.01,0.5,True,1,native
973,0.0,100,0.01,0.5,True,1,native
974,0.0,48,0.01,0.5,True,1,native
975,0.0,59,0.01,0.5,True,1,native
976,1.0,92,0.01,0.5,True,1,native
977,1.0,44,0.01,0.5,True,1,native
978,0.0,100,0.01,0.5,True,1,native
979,1.0,36,0.01,0.5,True,1,native
980,1.0,21,0.01,0.5,True,1,native
981,1.0,20,0.01,0.5,True,1,native
982,1.0,17,0.01,0.5,True,1,native
983,1.0,9,0.01,0.5,True,1,native
984,1.0,8,0.01,0.5,True,1,native
985,1.0,95,0.01,0.5,True,1,native
986,1.0,47,0.01,0.5,True,1,native
987,0.0,3,0.01,0.5,True,1,native
988,1.0,13,0.01,0.5,True,1,native
989,1.0,42,0.01,0.5,True,1,native
990,1.0,47,0.01,0.5,True,1,native
991,0.0,55,0.01,0.5,True,1,native
992,1.0,16,0.01,0.5,True,1,native
993,0.0,29,0.01,0.5,True,1,native
994,1.0,100,0.01,0.5,True,1,native
995,0.0,100,0.01,0.5,True,1,native
996,1.0,23,0.01,0.5,True,1,native
997,0.0,57,0.01,0.5,True,1,native
998,0.0,10,0.01,0.5,True,1,native
999,0.0,51,0.01,0.5,True,1,native
1000,0.0,19,0.01,0.5,True,1,native
1001,1.0,43,0.01,0.5,True,1,native
1002,0.0,6,0.01,0.5,True,1,native
1003,0.0,100,0.01,0.5,True,1,native
1004,0.0,100,0.01,0.5,True,1,native
1005,0.0,36,0.01,0.5,True,1,native
1006,0.0,38,0.01,0.5,True,1,native
1007,0.0,13,0.01,0.5,True,1,native
1008,0.0,100,0.01,0.5,True,1,native
1009,1.0,76,0.01,0.5,True,1,native
1010,0.0,8,0.01,0.5,True,1,native
1011,0.0,40,0.01,0.5,True,1,native
1012,0.0,75,0.01,0.5,True,1,native
1013,0.0,21,0.01,0.5,True,1,native
1014,1.0,15,0.01,0.5,True,1,native
1015,1.0,24,0.01,0.5,True,1,native
1016,1.0,22,0.01,0.5,True,1,native
1017,0.0,100,0.01,0.5,True,1,native
1018,1.0,25,0.01,0.5,True,1,native
1019,1.0,46,0.01,0.5,True,1,native
1020,0.0,100,0.01,0.5,True,1,native
1021,1.0,37,0.01,0.5,True,1,native
1022,1.0,46,0.01,0.5,True,1,native
1023,1.0,65,0.01,0.5,True,1,native
1024,1.0,22,0.01,0.5,True,1,native
1025,0.0,10,0.01,0.5,True,1,native
1026,1.0,52,0.01,0.5,True,1,native
1027,1.0,20,0.01,0.5,True,1,native
1028,1.0,13,0.01,0.5,True,1,native
1029,1.0,18,0.01,0.5,True,1,native
1030,1.0,58,0.01,0.5,True,1,native
1031,1.0,9,0.01,0.5,True,1,native
1032,1.0,20,0.01,0.5,True,1,native
1033,0.0,18,0.01,0.5,True,1,native
1034,0.0,100,0.01,0.5,True,1,native
1035,1.0,36,0.01,0.5,True,1,native
1036,0.0,100,0.01,0.5,True,1,native
1037,1.0,25,0.01,0.5,True,1,native
1038,1.0,35,0.01,0.5,True,1,native
1039,0.0,100,0.01,0.5,True,1,native
1040,1.0,9,0.01,0.5,True,1,native
1041,0.0,48,0.01,0.5,True,1,native
1042,0.0,38,0.01,0.5,True,1,native
1043,0.0,20,0.01,0.5,True,1,native
1044,1.0,15,0.01,0.5,True,1,native
1045,1.0,39,0.01,0.5,True,1,native
1046,0.0,54,0.01,0.5,True,1,native
1047,1.0,96,0.01,0.5,True,1,native
1048,1.0,38,0.01,0.5,True,1,native
1049,0.0,20,0.01,0.5,True,1,native
1050,0.0,22,0.01,0.5,True,1,native
1051,1.0,18,0.01,0.5,True,1,native
1052,0.0,31,0.01,0.5,True,1,native
1053,1.0,80,0.01,0.5,True,1,native
1054,0.0,29,0.01,0.5,True,1,native
1055,1.0,32,0.01,0.5,True,1,native
1056,0.0,23,0.01,0.5,True,1,native
1057,1.0,25,0.01,0.5,True,1,native
1058,1.0,31,0.01,0.5,True,1,native
1059,1.0,53,0.01,0.5,True,1,native
1060,1.0,70,0.01,0.5,True,1,native
1061,1.0,34,0.01,0.5,True,1,native
1062,1.0,69,0.01,0.5,True,1,native
1063,1.0,20,0.01,0.5,True,1,native
1064,1.0,31,0.01,0.5,True,1,native
1065,1.0,35,0.01,0.5,True,1,native
1066,1.0,79,0.01,0.5,True,1,native
1067,1.0,78,0.01,0.5,True,1,native
1068,0.0,100,0.01,0.5,True,1,native
1069,0.0,8,0.01,0.5,True,1,native
1070,1.0,14,0.01,0.5,True,1,native
1071,0.0,100,0.01,0.5,True,1,native
1072,0.0,100,0.01,0.5,True,1,native
1073,0.0,36,0.01,0.5,True,1,native
1074,0.0,100,0.01,0.5,True,1,native
1075,1.0,55,0.01,0.5,True,1,native
1076,1.0,45,0.01,0.5,True,1,native
1077,0.0,50,0.01,0.5,True,1,native
1078,1.0,50,0.01,0.5,True,1,native
1079,1.0,54,0.01,0.5,True,1,native
1080,1.0,69,0.01,0.5,True,1,native
1081,1.0,13,0.01,0.5,True,1,native
1082,1.0,92,0.01,0.5,True,1,native
1083,1.0,21,0.01,0.5,True,1,native
1084,1.0,27,0.01,0.5,True,1,native
1085,0.0,67,0.01,0.5,True,1,native
1086,0.0,100,0.01,0.5,True,1,native
1087,1.0,18,0.01,0.5,True,1,native
1088,0.0,27,0.01,0.5,True,1,native
1089,1.0,30,0.01,0.5,True,1,native
1090,1.0,16,0.01,0.5,True,1,native
1091,1.0,38,0.01,0.5,True,1,native
1092,0.0,24,0.01,0.5,True,1,native
1093,0.0,20,0.01,0.5,True,1,native
1094,1.0,13,0.01,0.5,True,1,native
1095,1.0,37,0.01,0.5,True,1,native
1096,1.0,28,0.01,0.5,True,1,native
1097,0.0,20,0.01,0.5,True,1,native
1098,0.0,4,0.01,0.5,True,1,native
1099,1.0,28,0.01,0.5,True,1,native
1100,1.0,53,0.01,0.5,True,1,native
1101,1.0,27,0.01,0.5,True,1,native
1102,1.0,7,0.01,0.5,True,1,native
1103,0.0,22,0.01,0.5,True,1,native
1104,1.0,27,0.01,0.5,True,1,native
1105,0.0,27,0.01,0.5,True,1,native
1106,0.0,89,0.01,0.5,True,1,native
1107,1.0,30,0.01,0.5,True,1,native
1108,0.0,100,0.01,0.5,True,1,native
1109,0.0,24,0.01,0.5,True,1,native
1110,1.0,41,0.01,0.5,True,1,native
1111,1.0,28,0.01,0.5,True,1,native
1112,0.0,18,0.01,0.5,True,1,native
1113,1.0,34,0.01,0.5,True,1,native
1114,0.0,8,0.01,0.5,True,1,native
1115,0.0,46,0.01,0.5,True,1,native
1116,1.0,16,0.01,0.5,True,1,native
1117,1.0,20,0.01,0.5,True,1,native
1118,1.0,74,0.01,0.5,True,1,native
1119,1.0,19,0.01,0.5,True,1,native
1120,1.0,25,0.01,0.5,True,1,native
1121,1.0,24,0.01,0.5,True,1,native
1122,0.0,8,0.01,0.5,True,1,native
1123,1.0,43,0.01,0.5,True,1,native
1124,1.0,39,0.01,0.5,True,1,native
1125,1.0,46,0.01,0.5,True,1,native
1126,0.0,16,0.01,0.5,True,1,native
1127,1.0,96,0.01,0.5,True,1,native
1128,0.0,42,0.01,0.5,True,1,native
1129,0.0,15,0.01,0.5,True,1,native
1130,0.0,23,0.01,0.5,True,1,native
1131,1.0,21,0.01,0.5,True,1,native
1132,0.0,21,0.01,0.5,True,1,native
1133,0.0,10,0.01,0.5,True,1,native
1134,0.0,27,0.01,0.5,True,1,native
1135,1.0,21,0.01,0.5,True,1,native
1136,1.0,85,0.01,0.5,True,1,native
1137,0.0,55,0.01,0.5,True,1,native
1138,0.0,73,0.01,0.5,True,1,native
1139,0.0,100,0.01,0.5,True,1,native
1140,1.0,60,0.01,0.5,True,1,native
1141,0.0,100,0.01,0.5,True,1,native
1142,0.0,29,0.01,0.5,True,1,native
1143,1.0,11,0.01,0.5,True,1,native
1144,1.0,24,0.01,0.5,True,1,native
1145,1.0,7,0.01,0.5,True,1,native
1146,1.0,56,0.01,0.5,True,1,native
1147,0.0,100,0.01,0.5,True,1,native
1148,0.0,100,0.01,0.5,True,1,native
1149,0.0,25,0.01,0.5,True,1,native
1150,0.0,36,0.01,0.5,True,1,native
1151,0.0,16,0.01,0.5,True,1,native
1152,1.0,35,0.01,0.5,True,1,native
1153,1.0,10,0.01,0.5,True,1,native
1154,0.0,56,0.01,0.5,True,1,native
1155,1.0,56,0.01,0.5,True,1,native
1156,1.0,33,0.01,0.5,True,1,native
1157,1.0,96,0.01,0.5,True,1,native
1158,1.0,25,0.01,0.5,True,1,native
1159,1.0,69,0.01,0.5,True,1,native
1160,1.0,19,0.01,0.5,True,1,native
1161,0.0,55,0.01,0.5,True,1,native
1162,0.0,27,0.01,0.5,True,1,native
1163,1.0,15,0.01,0.5,True,1,native
1164,0.0,62,0.01,0.5,True,1,native
1165,0.0,15,0.01,0.5,True,1,native
1166,0.0,79,0.01,0.5,True,1,native
1167,1.0,24,0.01,0.5,True,1,native
1168,1.0,15,0.01,0.5,True,1,native
1169,1.0,13,0.01,0.5,True,1,native
1170,0.0,39,0.01,0.5,True,1,native
1171,1.0,21,0.01,0.5,True,1,native
1172,0.0,100,0.01,0.5,True,1,native
1173,0.0,34,0.01,0.5,True,1,native
1174,0.0,95,0.01,0.5,True,1,native
1175,0.0,40,0.01,0.5,True,1,native
1176,0.0,71,0.01,0.5,True,1,native
1177,0.0,12,0.01,0.5,True,1,native
1178,0.0,12,0.01,0.5,True,1,native
1179,0.0,17,0.01,0.5,True,1,native
1180,0.0,20,0.01,0.5,True,1,native
1181,0.0,31,0.01,0.5,True,1,native
1182,0.0,4,0.01,0.5,True,1,native
1183,1.0,68,0.01,0.5,True,1,native
1184,0.0,18,0.01,0.5,True,1,native
1185,1.0,21,0.01,0.5,True,1,native
1186,0.0,3,0.01,0.5,True,1,native
1187,0.0,39,0.01,0.5,True,1,native
1188,1.0,27,0.01,0.5,True,1,native
1189,1.0,66,0.01,0.5,True,1,native
1190,0.0,19,0.01,0.5,True,1,native
1191,1.0,80,0.01,0.5,True,1,native
1192,1.0,61,0.01,0.5,True,1,native
1193,1.0,28,0.01,0.5,True,1,native
1194,1.0,57,0.01,0.5,True,1,native
1195,0.0,10,0.01,0.5,True,1,native
1196,0.0,15,0.01,0.5,True,1,native
1197,0.0,16,0.01,0.5,True,1,native
1198,1.0,86,0.01,0.5,True,1,native
1199,0.0,37,0.01,0.5,True,1,native
1200,1.0,20,0.01,0.5,True,1,native
1201,0.0,24,0.01,0.5,True,1,native
1202,1.0,12,0.01,0.5,True,1,native
1203,0.0,37,0.01,0.5,True,1,native
1204,1.0,34,0.01,0.5,True,1,native
1205,1.0,7,0.01,0.5,True,1,native
1206,0.0,11,0.01,0.5,True,1,native
1207,0.0,67,0.01,0.5,True,1,native
1208,1.0,13,0.01,0.5,True,1,native
1209,0.0,69,0.01,0.5,True,1,native
1210,1.0,16,0.01,0.5,True,1,native
1211,1.0,18,0.01,0.5,True,1,native
1212,0.0,27,0.01,0.5,True,1,native
1213,1.0,59,0.01,0.5,True,1,native
1214,1.0,41,0.01,0.5,True,1,native
1215,1.0,22,0.01,0.5,True,1,native
1216,1.0,13,0.01,0.5,True,1,native
1217,0.0,32,0.01,0.5,True,1,native
1218,0.0,100,0.01,0.5,True,1,native
1219,1.0,47,0.01,0.5,True,1,native
1220,0.0,10,0.01,0.5,True,1,native
1221,0.0,53,0.01,0.5,True,1,native
1222,0.0,6,0.01,0.5,True,1,native
1223,1.0,51,0.01,0.5,True,1,native
1224,1.0,14,0.01,0.5,True,1,native
1225,1.0,17,0.01,0.5,True,1,native
1226,0.0,19,0.01,0.5,True,1,native
1227,0.0,18,0.01,0.5,True,1,native
1228,1.0,17,0.01,0.5,True,1,native
1229,0.0,15,0.01,0.5,True,1,native
1230,1.0,33,0.01,0.5,True,1,native
1231,1.0,42,0.01,0.5,True,1,native
1232,1.0,15,0.01,0.5,True,1,native
1233,1.0,23,0.01,0.5,True,1,native
1234,0.0,19,0.01,0.5,True,1,native
1235,1.0,48,0.01,0.5,True,1,native
1236,0.0,20,0.01,0.5,True,1,native
1237,1.0,27,0.01,0.5,True,1,native
1238,0.0,23,0.01,0.5,True,1,native
1239,1.0,8,0.01,0.5,True,1,native
1240,0.0,19,0.01,0.5,True,1,native
1241,1.0,38,0.01,0.5,True,1,native
1242,1.0,21,0.01,0.5,True,1,native
1243,0.0,8,0.01,0.5,True,1,native
1244,0.0,36,0.01,0.5,True,1,native
1245,1.0,11,0.01,0.5,True,1,native
1246,0.0,39,0.01,0.5,True,1,native
1247,0.0,46,0.01,0.5,True,1,native
1248,0.0,6,0.01,0.5,True,1,native
1249,1.0,38,0.01,0.5,True,1,native
1250,1.0,58,0.01,0.5,True,1,native
1251,0.0,9,0.01,0.5,True,1,native
1252,0.0,33,0.01,0.5,True,1,native
1253,1.0,18,0.01,0.5,True,1,native
1254,0.0,43,0.01,0.5,True,1,native
1255,0.0,56,0.01,0.5,True,1,native
1256,0.0,7,0.01,0.5,True,1,native
1257,0.0,15,0.01,0.5,True,1,native
1258,0.0,38,0.01,0.5,True,1,native
1259,0.0,45,0.01,0.5,True,1,native
1260,0.0,24,0.01,0.5,True,1,native
1261,0.0,35,0.01,0.5,True,1,native
1262,0.0,64,0.01,0.5,True,1,native
1263,0.0,100,0.01,0.5,True,1,native
1264,1.0,31,0.01,0.5,True,1,native
1265,0.0,41,0.01,0.5,True,1,native
1266,1.0,23,0.01,0.5,True,1,native
1267,1.0,35,0.01,0.5,True,1,native
1268,1.0,65,0.01,0.5,True,1,native
1269,0.0,100,0.01,0.5,True,1,native
1270,1.0,39,0.01,0.5,True,1,native
1271,1.0,14,0.01,0.5,True,1,native
1272,1.0,50,0.01,0.5,True,1,native
1273,1.0,33,0.01,0.5,True,1,native
1274,0.0,37,0.01,0.5,True,1,native
1275,0.0,43,0.01,0.5,True,1,native
1276,1.0,53,0.01,0.5,True,1,native
1277,1.0,20,0.01,0.5,True,1,native
1278,1.0,36,0.01,0.5,True,1,native
1279,0.0,65,0.01,0.5,True,1,native
1280,0.0,25,0.01,0.5,True,1,native
1281,1.0,49,0.01,0.5,True,1,native
1282,1.0,17,0.01,0.5,True,1,native
1283,1.0,44,0.01,0.5,True,1,native
1284,1.0,12,0.01,0.5,True,1,native
1285,1.0,31,0.01,0.5,True,1,native
1286,1.0,28,0.01,0.5,True,1,native
1287,1.0,9,0.01,0.5,True,1,native
1288,1.0,10,0.01,0.5,True,1,native
1289,0.0,26,0.01,0.5,True,1,native
1290,1.0,36,0.01,0.5,True,1,native
1291,1.0,10,0.01,0.5,True,1,native
1292,1.0,10,0.01,0.5,True,1,native
1293,1.0,18,0.01,0.5,True,1,native
1294,1.0,6,0.01,0.5,True,1,native
1295,0.0,100,0.01,0.5,True,1,native
1296,1.0,34,0.01,0.5,True,1,native
1297,1.0,88,0.01,0.5,True,1,native
1298,1.0,34,0.01,0.5,True,1,native
1299,1.0,39,0.01,0.5,True,1,native
1300,1.0,10,0.01,0.5,True,1,native
1301,1.0,20,0.01,0.5,True,1,native
1302,1.0,39,0.01,0.5,True,1,native
1303,1.0,42,0.01,0.5,True,1,native
1304,1.0,27,0.01,0.5,True,1,native
1305,0.0,53,0.01,0.5,True,1,native
1306,1.0,61,0.01,0.5,True,1,native
1307,1.0,81,0.01,0.5,True,1,native
1308,1.0,7,0.01,0.5,True,1,native
1309,1.0,63,0.01,0.5,True,1,native
1310,1.0,22,0.01,0.5,True,1,native
1311,1.0,43,0.01,0.5,True,1,native
1312,1.0,17,0.01,0.5,True,1,native
1313,0.0,15,0.01,0.5,True,1,native
1314,1.0,49,0.01,0.5,True,1,native
1315,0.0,32,0.01,0.5,True,1,native
1316,1.0,58,0.01,0.5,True,1,native
1317,1.0,41,0.01,0.5,True,1,native
1318,1.0,24,0.01,0.5,True,1,native
1319,0.0,18,0.01,0.5,True,1,native
1320,0.0,72,0.01,0.5,True,1,native
1321,0.0,100,0.01,0.5,True,1,native
1322,0.0,38,0.01,0.5,True,1,native
1323,1.0,19,0.01,0.5,True,1,native
1324,1.0,20,0.01,0.5,True,1,native
1325,0.0,100,0.01,0.5,True,1,native
1326,0.0,22,0.01,0.5,True,1,native
1327,0.0,100,0.01,0.5,True,1,native
1328,1.0,94,0.01,0.5,True,1,native
1329,0.0,10,0.01,0.5,True,1,native
1330,1.0,62,0.01,0.5,True,1,native
1331,1.0,87,0.01,0.5,True,1,native
1332,0.0,100,0.01,0.5,True,1,native
1333,1.0,12,0.01,0.5,True,1,native
1334,0.0,100,0.01,0.5,True,1,native
1335,0.0,37,0.01,0.5,True,1,native
1336,1.0,35,0.01,0.5,True,1,native
1337,0.0,45,0.01,0.5,True,1,native
1338,1.0,34,0.01,0.5,True,1,native
1339,0.0,12,0.01,0.5,True,1,native
1340,0.0,23,0.01,0.5,True,1,native
1341,1.0,90,0.01,0.5,True,1,native
1342,0.0,26,0.01,0.5,True,1,native
1343,1.0,10,0.01,0.5,True,1,native
1344,1.0,23,0.01,0.5,True,1,native
1345,1.0,40,0.01,0.5,True,1,native
1346,0.0,92,0.01,0.5,True,1,native
1347,1.0,53,0.01,0.5,True,1,native
1348,1.0,44,0.01,0.5,True,1,native
1349,1.0,24,0.01,0.5,True,1,native
1350,1.0,24,0.01,0.5,True,1,native
1351,1.0,60,0.01,0.5,True,1,native
1352,1.0,26,0.01,0.5,True,1,native
1353,1.0,27,0.01,0.5,True,1,native
1354,0.0,23,0.01,0.5,True,1,native
1355,0.0,100,0.01,0.5,True,1,native
1356,1.0,54,0.01,0.5,True,1,native
1357,1.0,46,0.01,0.5,True,1,native
1358,0.0,9,0.01,0.5,True,1,native
1359,1.0,7,0.01,0.5,True,1,native
1360,1.0,14,0.01,0.5,True,1,native
1361,1.0,80,0.01,0.5,True,1,native
1362,1.0,80,0.01,0.5,True,1,native
1363,0.0,89,0.01,0.5,True,1,native
1364,0.0,47,0.01,0.5,True,1,native
1365,1.0,24,0.01,0.5,True,1,native
1366,1.0,16,0.01,0.5,True,1,native
1367,0.0,39,0.01,0.5,True,1,native
1368,0.0,11,0.01,0.5,True,1,native
1369,1.0,16,0.01,0.5,True,1,native
1370,1.0,91,0.01,0.5,True,1,native
1371,0.0,100,0.01,0.5,True,1,native
1372,1.0,80,0.01,0.5,True,1,native
1373,1.0,77,0.01,0.5,True,1,native
1374,1.0,23,0.01,0.5,True,1,native
1375,1.0,49,0.01,0.5,True,1,native
1376,0.0,17,0.01,0.5,True,1,native
1377,0.0,61,0.01,0.5,True,1,native
1378,0.0,100,0.01,0.5,True,1,native
1379,0.0,80,0.01,0.5,True,1,native
1380,1.0,23,0.01,0.5,True,1,native
1381,0.0,58,0.01,0.5,True,1,native
1382,0.0,28,0.01,0.5,True,1,native
1383,1.0,49,0.01,0.5,True,1,native
1384,0.0,51,0.01,0.5,True,1,native
1385,1.0,68,0.01,0.5,True,1,native
1386,1.0,40,0.01,0.5,True,1,native
1387,1.0,37,0.01,0.5,True,1,native
1388,1.0,31,0.01,0.5,True,1,native
1389,0.0,100,0.01,0.5,True,1,native
1390,0.0,100,0.01,0.5,True,1,native
1391,0.0,48,0.01,0.5,True,1,native
1392,0.0,100,0.01,0.5,True,1,native
1393,1.0,11,0.01,0.5,True,1,native
1394,0.0,43,0.01,0.5,True,1,native
1395,0.0,100,0.01,0.5,True,1,native
1396,0.0,100,0.01,0.5,True,1,native
1397,0.0,25,0.01,0.5,True,1,native
1398,1.0,83,0.01,0.5,True,1,native
1399,1.0,7,0.01,0.5,True,1,native
1400,0.0,26,0.01,0.5,True,1,native
1401,1.0,17,0.01,0.5,True,1,native
1402,1.0,25,0.01,0.5,True,1,native
1403,0.0,32,0.01,0.5,True,1,native
1404,1.0,30,0.01,0.5,True,1,native
1405,0.0,8,0.01,0.5,True,1,native
1406,1.0,37,0.01,0.5,True,1,native
1407,1.0,11,0.01,0.5,True,1,native
1408,0.0,100,0.01,0.5,True,1,native
1409,1.0,13,0.01,0.5,True,1,native
1410,0.0,100,0.01,0.5,True,1,native
1411,1.0,56,0.01,0.5,True,1,native
1412,1.0,27,0.01,0.5,True,1,native
1413,1.0,40,0.01,0.5,True,1,native
1414,1.0,16,0.01,0.5,True,1,native
1415,0.0,59,0.01,0.5,True,1,native
1416,0.0,21,0.01,0.5,True,1,native
1417,0.0,7,0.01,0.5,True,1,native
1418,0.0,36,0.01,0.5,True,1,native
1419,0.0,35,0.01,0.5,True,1,native
1420,1.0,24,0.01,0.5,True,1,native
1421,1.0,22,0.01,0.5,True,1,native
1422,1.0,28,0.01,0.5,True,1,native
1423,0.0,100,0.01,0.5,True,1,native
1424,0.0,22,0.01,0.5,True,1,native
1425,0.0,100,0.01,0.5,True,1,native
1426,0.0,20,0.01,0.5,True,1,native
1427,1.0,38,0.01,0.5,True,1,native
1428,1.0,13,0.01,0.5,True,1,native
1429,0.0,19,0.01,0.5,True,1,native
1430,1.0,58,0.01,0.5,True,1,native
1431,1.0,30,0.01,0.5,True,1,native
1432,1.0,33,0.01,0.5,True,1,native
1433,0.0,43,0.01,0.5,True,1,native
1434,0.0,29,0.01,0.5,True,1,native
1435,1.0,58,0.01,0.5,True,1,native
1436,1.0,56,0.01,0.5,True,1,native
1437,1.0,50,0.01,0.5,True,1,native
1438,0.0,100,0.01,0.5,True,1,native
1439,0.0,17,0.01,0.5,True,1,native
1440,0.0,100,0.01,0.5,True,1,native
1441,1.0,13,0.01,0.5,True,1,native
1442,1.0,18,0.01,0.5,True,1,native
1443,1.0,70,0.01,0.5,True,1,native
1444,0.0,100,0.01,0.5,True,1,native
1445,0.0,30,0.01,0.5,True,1,native
1446,0.0,17,0.01,0.5,True,1,native
1447,1.0,17,0.01,0.5,True,1,native
1448,1.0,17,0.01,0.5,True,1,native
1449,1.0,34,0.01,0.5,True,1,native
1450,0.0,16,0.01,0.5,True,1,native
1451,0.0,28,0.01,0.5,True,1,native
1452,1.0,62,0.01,0.5,True,1,native
1453,1.0,86,0.01,0.5,True,1,native
1454,1.0,16,0.01,0.5,True,1,native
1455,1.0,83,0.01,0.5,True,1,native
1456,1.0,86,0.01,0.5,True,1,native
1457,1.0,13,0.01,0.5,True,1,native
1458,0.0,19,0.01,0.5,True,1,native
1459,1.0,33,0.01,0.5,True,1,native
1460,1.0,81,0.01,0.5,True,1,native
1461,1.0,16,0.01,0.5,True,1,native
1462,0.0,8,0.01,0.5,True,1,native
1463,0.0,25,0.01,0.5,True,1,native
1464,1.0,86,0.01,0.5,True,1,native
1465,1.0,12,0.01,0.5,True,1,native
1466,0.0,23,0.01,0.5,True,1,native
1467,1.0,52,0.01,0.5,True,1,native
1468,1.0,12,0.01,0.5,True,1,native
1469,1.0,58,0.01,0.5,True,1,native
1470,1.0,82,0.01,0.5,True,1,native
1471,0.0,9,0.01,0.5,True,1,native
1472,0.0,19,0.01,0.5,True,1,native
1473,1.0,7,0.01,0.5,True,1,native
1474,0.0,24,0.01,0.5,True,1,native
1475,1.0,18,0.01,0.5,True,1,native
1476,1.0,15,0.01,0.5,True,1,native
1477,1.0,14,0.01,0.5,True,1,native
1478,1.0,44,0.01,0.5,True,1,native
1479,0.0,100,0.01,0.5,True,1,native
1480,1.0,82,0.01,0.5,True,1,native
1481,1.0,11,0.01,0.5,True,1,native
1482,1.0,8,0.01,0.5,True,1,native
1483,1.0,14,0.01,0.5,True,1,native
1484,1.0,92,0.01,0.5,True,1,native
1485,1.0,20,0.01,0.5,True,1,native
1486,1.0,17,0.01,0.5,True,1,native
1487,0.0,100,0.01,0.5,True,1,native
1488,0.0,72,0.01,0.5,True,1,native
1489,0.0,27,0.01,0.5,True,1,native
1490,0.0,36,0.01,0.5,True,1,native
1491,1.0,25,0.01,0.5,True,1,native
1492,0.0,100,0.01,0.5,True,1,native
1493,1.0,20,0.01,0.5,True,1,native
1494,1.0,91,0.01,0.5,True,1,native
1495,0.0,65,0.01,0.5,True,1,native
1496,0.0,68,0.01,0.5,True,1,native
1497,0.0,29,0.01,0.5,True,1,native
1498,1.0,55,0.01,0.5,True,1,native
1499,0.0,6,0.01,0.5,True,1,native
1500,0.0,100,0.01,0.5,True,1,native
1501,1.0,18,0.01,0.5,True,1,native
1502,1.0,24,0.01,0.5,True,1,native
1503,0.0,100,0.01,0.5,True,1,native
1504,0.0,100,0.01,0.5,True,1,native
1505,0.0,33,0.01,0.5,True,1,native
1506,1.0,19,0.01,0.5,True,1,native
1507,1.0,14,0.01,0.5,True,1,native
1508,0.0,40,0.01,0.5,True,1,native
1509,1.0,36,0.01,0.5,True,1,native
1510,1.0,11,0.01,0.5,True,1,native
1511,1.0,19,0.01,0.5,True,1,native
1512,0.0,78,0.01,0.5,True,1,native
1513,1.0,43,0.01,0.5,True,1,native
1514,0.0,100,0.01,0.5,True,1,native
1515,1.0,66,0.01,0.5,True,1,native
1516,1.0,79,0.01,0.5,True,1,native
1517,0.0,4,0.01,0.5,True,1,native
1518,1.0,10,0.01,0.5,True,1,native
1519,1.0,16,0.01,0.5,True,1,native
1520,1.0,29,0.01,0.5,True,1,native
1521,1.0,71,0.01,0.5,True,1,native
1522,0.0,100,0.01,0.5,True,1,native
1523,1.0,29,0.01,0.5,True,1,native
1524,1.0,33,0.01,0.5,True,1,native
1525,1.0,45,0.01,0.5,True,1,native
1526,1.0,9,0.01,0.5,True,1,native
1527,1.0,69,0.01,0.5,True,1,native
1528,0.0,100,0.01,0.5,True,1,native
1529,0.0,15,0.01,0.5,True,1,native
1530,1.0,64,0.01,0.5,True,1,native
1531,1.0,29,0.01,0.5,True,1,native
1532,1.0,42,0.01,0.5,True,1,native
1533,0.0,15,0.01,0.5,True,1,native
1534,1.0,83,0.01,0.5,True,1,native
1535,1.0,87,0.01,0.5,True,1,native
1536,1.0,31,0.01,0.5,True,1,native
1537,0.0,100,0.01,0.5,True,1,native
1538,1.0,24,0.01,0.5,True,1,native
1539,1.0,55,0.01,0.5,True,1,native
1540,0.0,37,0.01,0.5,True,1,native
1541,1.0,26,0.01,0.5,True,1,native
1542,1.0,26,0.01,0.5,True,1,native
1543,1.0,26,0.01,0.5,True,1,native
1544,0.0,63,0.01,0.5,True,1,native
1545,1.0,10,0.01,0.5,True,1,native
1546,1.0,40,0.01,0.5,True,1,native
1547,1.0,53,0.01,0.5,True,1,native
1548,1.0,20,0.01,0.5,True,1,native
1549,0.0,15,0.01,0.5,True,1,native
1550,1.0,31,0.01,0.5,True,1,native
1551,1.0,17,0.01,0.5,True,1,native
1552,1.0,9,0.01,0.5,True,1,native
1553,1.0,46,0.01,0.5,True,1,native
1554,0.0,4,0.01,0.5,True,1,native
1555,1.0,35,0.01,0.5,True,1,native
1556,0.0,20,0.01,0.5,True,1,native
1557,1.0,83,0.01,0.5,True,1,native
1558,0.0,25,0.01,0.5,True,1,native
1559,1.0,21,0.01,0.5,True,1,native
1560,1.0,73,0.01,0.5,True,1,native
1561,0.0,100,0.01,0.5,True,1,native
1562,0.0,100,0.01,0.5,True,1,native
1563,0.0,6,0.01,0.5,True,1,native
1564,1.0,63,0.01,0.5,True,1,native
1565,1.0,29,0.01,0.5,True,1,native
1566,1.0,62,0.01,0.5,True,1,native
1567,1.0,35,0.01,0.5,True,1,native
1568,0.0,6,0.01,0.5,True,1,native
1569,1.0,8,0.01,0.5,True,1,native
1570,1.0,84,0.01,0.5,True,1,native
1571,1.0,37,0.01,0.5,True,1,native
1572,1.0,54,0.01,0.5,True,1,native
1573,1.0,24,0.01,0.5,True,1,native
1574,0.0,33,0.01,0.5,True,1,native
1575,1.0,90,0.01,0.5,True,1,native
1576,0.0,28,0.01,0.5,True,1,native
1577,0.0,9,0.01,0.5,True,1,native
1578,0.0,100,0.01,0.5,True,1,native
1579,1.0,42,0.01,0.5,True,1,native
1580,1.0,83,0.01,0.5,True,1,native
1581,0.0,100,0.01,0.5,True,1,native
1582,1.0,25,0.01,0.5,True,1,native
1583,0.0,100,0.01,0.5,True,1,native
1584,1.0,13,0.01,0.5,True,1,native
1585,1.0,11,0.01,0.5,True,1,native
1586,1.0,57,0.01,0.5,True,1,native
1587,1.0,34,0.01,0.5,True,1,native
1588,0.0,13,0.01,0.5,True,1,native
1589,1.0,28,0.01,0.5,True,1,native
1590,0.0,16,0.01,0.5,True,1,native
1591,0.0,46,0.01,0.5,True,1,native
1592,0.0,19,0.01,0.5,True,1,native
1593,1.0,24,0.01,0.5,True,1,native
1594,1.0,23,0.01,0.5,True,1,native
1595,1.0,46,0.01,0.5,True,1,native
1596,1.0,24,0.01,0.5,True,1,native
1597,1.0,60,0.01,0.5,True,1,native
1598,0.0,37,0.01,0.5,True,1,native
1599,1.0,59,0.01,0.5,True,1,native
1600,1.0,12,0.01,0.5,True,1,native
1601,1.0,64,0.01,0.5,True,1,native
1602,1.0,31,0.01,0.5,True,1,native
1603,1.0,36,0.01,0.5,True,1,native
1604,1.0,27,0.01,0.5,True,1,native
1605,0.0,9,0.01,0.5,True,1,native
1606,1.0,32,0.01,0.5,True,1,native
1607,1.0,28,0.01,0.5,True,1,native
1608,1.0,45,0.01,0.5,True,1,native
1609,1.0,23,0.01,0.5,True,1,native
1610,1.0,42,0.01,0.5,True,1,native
1611,0.0,36,0.01,0.5,True,1,native
1612,1.0,17,0.01,0.5,True,1,native
1613,1.0,71,0.01,0.5,True,1,native
1614,1.0,73,0.01,0.5,True,1,native
1615,0.0,11,0.01,0.5,True,1,native
1616,1.0,9,0.01,0.5,True,1,native
1617,1.0,32,0.01,0.5,True,1,native
1618,1.0,53,0.01,0.5,True,1,native
1619,1.0,16,0.01,0.5,True,1,native
1620,1.0,81,0.01,0.5,True,1,native
1621,1.0,50,0.01,0.5,True,1,native
1622,1.0,33,0.01,0.5,True,1,native
1623,1.0,71,0.01,0.5,True,1,native
1624,0.0,100,0.01,0.5,True,1,native
1625,1.0,46,0.01,0.5,True,1,native
1626,0.0,100,0.01,0.5,True,1,native
1627,1.0,19,0.01,0.5,True,1,native
1628,1.0,16,0.01,0.5,True,1,native
1629,0.0,22,0.01,0.5,True,1,native
1630,1.0,38,0.01,0.5,True,1,native
1631,1.0,60,0.01,0.5,True,1,native
1632,0.0,100,0.01,0.5,True,1,native
1633,1.0,35,0.01,0.5,True,1,native
1634,1.0,44,0.01,0.5,True,1,native
1635,1.0,51,0.01,0.5,True,1,native
1636,1.0,14,0.01,0.5,True,1,native
1637,1.0,23,0.01,0.5,True,1,native
1638,1.0,11,0.01,0.5,True,1,native
1639,1.0,60,0.01,0.5,True,1,native
1640,1.0,26,0.01,0.5,True,1,native
1641,0.0,100,0.01,0.5,True,1,native
1642,0.0,57,0.01,0.5,True,1,native
1643,0.0,53,0.01,0.5,True,1,native
1644,0.0,31,0.01,0.5,True,1,native
1645,1.0,28,0.01,0.5,True,1,native
1646,1.0,27,0.01,0.5,True,1,native
1647,1.0,35,0.01,0.5,True,1,native
1648,1.0,67,0.01,0.5,True,1,native
1649,0.0,13,0.01,0.5,True,1,native
1650,1.0,33,0.01,0.5,True,1,native
1651,1.0,22,0.01,0.5,True,1,native
1652,0.0,47,0.01,0.5,True,1,native
1653,1.0,9,0.01,0.5,True,1,native
1654,1.0,78,0.01,0.5,True,1,native
1655,1.0,27,0.01,0.5,True,1,native
1656,1.0,58,0.01,0.5,True,1,native
1657,1.0,32,0.01,0.5,True,1,native
1658,0.0,100,0.01,0.5,True,1,native
1659,0.0,21,0.01,0.5,True,1,native
1660,0.0,100,0.01,0.5,True,1,native
1661,0.0,18,0.01,0.5,True,1,native
1662,1.0,21,0.01,0.5,True,1,native
1663,0.0,17,0.01,0.5,True,1,native
1664,1.0,16,0.01,0.5,True,1,native
1665,1.0,26,0.01,0.5,True,1,native
1666,0.0,63,0.01,0.5,True,1,native
1667,0.0,87,0.01,0.5,True,1,native
1668,0.0,6,0.01,0.5,True,1,native
1669,0.0,100,0.01,0.5,True,1,native
1670,0.0,44,0.01,0.5,True,1,native
1671,0.0,13,0.01,0.5,True,1,native
1672,0.0,5,0.01,0.5,True,1,native
1673,1.0,70,0.01,0.5,True,1,native
1674,1.0,23,0.01,0.5,True,1,native
1675,1.0,71,0.01,0.5,True,1,native
1676,1.0,29,0.01,0.5,True,1,native
1677,1.0,27,0.01,0.5,True,1,native
1678,1.0,21,0.01,0.5,True,1,native
1679,1.0,65,0.01,0.5,True,1,native
1680,1.0,21,0.01,0.5,True,1,native
1681,0.0,8,0.01,0.5,True,1,native
1682,1.0,8,0.01,0.5,True,1,native
1683,1.0,38,0.01,0.5,True,1,native
1684,1.0,32,0.01,0.5,True,1,native
1685,0.0,43,0.01,0.5,True,1,native
1686,1.0,48,0.01,0.5,True,1,native
1687,1.0,17,0.01,0.5,True,1,native
1688,1.0,51,0.01,0.5,True,1,native
1689,0.0,26,0.01,0.5,True,1,native
1690,0.0,100,0.01,0.5,True,1,native
1691,0.0,47,0.01,0.5,True,1,native
1692,1.0,36,0.01,0.5,True,1,native
1693,1.0,24,0.01,0.5,True,1,native
1694,0.0,23,0.01,0.5,True,1,native
1695,0.0,100,0.01,0.5,True,1,native
1696,0.0,26,0.01,0.5,True,1,native
1697,0.0,73,0.01,0.5,True,1,native
1698,1.0,10,0.01,0.5,True,1,native
1699,0.0,100,0.01,0.5,True,1,native
1700,1.0,40,0.01,0.5,True,1,native
1701,1.0,8,0.01,0.5,True,1,native
1702,0.0,100,0.01,0.5,True,1,native
1703,1.0,35,0.01,0.5,True,1,native
1704,1.0,30,0.01,0.5,True,1,native
1705,1.0,48,0.01,0.5,True,1,native
1706,0.0,72,0.01,0.5,True,1,native
1707,1.0,7,0.01,0.5,True,1,native
1708,1.0,41,0.01,0.5,True,1,native
1709,0.0,54,0.01,0.5,True,1,native
1710,1.0,52,0.01,0.5,True,1,native
1711,0.0,33,0.01,0.5,True,1,native
1712,1.0,23,0.01,0.5,True,1,native
1713,0.0,52,0.01,0.5,True,1,native
1714,1.0,18,0.01,0.5,True,1,native
1715,1.0,34,0.01,0.5,True,1,native
1716,0.0,6,0.01,0.5,True,1,native
1717,1.0,16,0.01,0.5,True,1,native
1718,1.0,20,0.01,0.5,True,1,native
1719,1.0,14,0.01,0.5,True,1,native
1720,1.0,17,0.01,0.5,True,1,native
1721,1.0,21,0.01,0.5,True,1,native
1722,1.0,16,0.01,0.5,True,1,native
1723,0.0,18,0.01,0.5,True,1,native
1724,1.0,56,0.01,0.5,True,1,native
1725,1.0,13,0.01,0.5,True,1,native
1726,0.0,100,0.01,0.5,True,1,native
1727,1.0,100,0.01,0.5,True,1,native
1728,1.0,16,0.01,0.5,True,1,native
1729,1.0,42,0.01,0.5,True,1,native
1730,0.0,100,0.01,0.5,True,1,native
1731,1.0,18,0.01,0.5,True,1,native
1732,1.0,33,0.01,0.5,True,1,native
1733,1.0,34,0.01,0.5,True,1,native
1734,1.0,19,0.01,0.5,True,1,native
1735,1.0,79,0.01,0.5,True,1,native
1736,1.0,15,0.01,0.5,True,1,native
1737,1.0,23,0.01,0.5,True,1,native
1738,0.0,61,0.01,0.5,True,1,native
1739,0.0,92,0.01,0.5,True,1,native
1740,1.0,22,0.01,0.5,True,1,native
1741,0.0,100,0.01,0.5,True,1,native
1742,0.0,56,0.01,0.5,True,1,native
1743,0.0,29,0.01,0.5,True,1,native
1744,1.0,16,0.01,0.5,True,1,native
1745,1.0,29,0.01,0.5,True,1,native
1746,0.0,100,0.01,0.5,True,1,native
1747,0.0,41,0.01,0.5,True,1,native
1748,1.0,12,0.01,0.5,True,1,native
1749,1.0,21,0.01,0.5,True,1,native
1750,1.0,72,0.01,0.5,True,1,native
1751,1.0,13,0.01,0.5,True,1,native
1752,1.0,31,0.01,0.5,True,1,native
1753,0.0,54,0.01,0.5,True,1,native
1754,1.0,22,0.01,0.5,True,1,native
1755,1.0,21,0.01,0.5,True,1,native
1756,0.0,33,0.01,0.5,True,1,native
1757,0.0,29,0.01,0.5,True,1,native
1758,1.0,18,0.01,0.5,True,1,native
1759,0.0,100,0.01,0.5,True,1,native
1760,1.0,51,0.01,0.5,True,1,native
1761,1.0,12,0.01,0.5,True,1,native
1762,1.0,32,0.01,0.5,True,1,native
1763,1.0,21,0.01,0.5,True,1,native
1764,0.0,100,0.01,0.5,True,1,native
1765,1.0,10,0.01,0.5,True,1,native
1766,1.0,45,0.01,0.5,True,1,native
1767,1.0,14,0.01,0.5,True,1,native
1768,0.0,24,0.01,0.5,True,1,native
1769,1.0,45,0.01,0.5,True,1,native
1770,1.0,50,0.01,0.5,True,1,native
1771,0.0,78,0.01,0.5,True,1,native
1772,1.0,58,0.01,0.5,True,1,native
1773,0.0,100,0.01,0.5,True,1,native
1774,0.0,100,0.01,0.5,True,1,native
1775,1.0,88,0.01,0.5,True,1,native
1776,1.0,29,0.01,0.5,True,1,native
1777,0.0,10,0.01,0.5,True,1,native
1778,0.0,33,0.01,0.5,True,1,native
1779,0.0,33,0.01,0.5,True,1,native
1780,1.0,47,0.01,0.5,True,1,native
1781,1.0,9,0.01,0.5,True,1,native
1782,1.0,60,0.01,0.5,True,1,native
1783,1.0,11,0.01,0.5,True,1,native
1784,0.0,8,0.01,0.5,True,1,native
1785,1.0,57,0.01,0.5,True,1,native
1786,0.0,100,0.01,0.5,True,1,native
1787,0.0,26,0.01,0.5,True,1,native
1788,0.0,66,0.01,0.5,True,1,native
1789,0.0,30,0.01,0.5,True,1,native
1790,1.0,50,0.01,0.5,True,1,native
1791,0.0,81,0.01,0.5,True,1,native
1792,0.0,100,0.01,0.5,True,1,native
1793,0.0,6,0.01,0.5,True,1,native
1794,0.0,19,0.01,0.5,True,1,native
1795,0.0,22,0.01,0.5,True,1,native
1796,0.0,38,0.01,0.5,True,1,native
1797,0.0,87,0.01,0.5,True,1,native
1798,1.0,48,0.01,0.5,True,1,native
1799,1.0,43,0.01,0.5,True,1,native
1800,0.0,12,0.01,0.5,True,1,native
1801,1.0,19,0.01,0.5,True,1,native
1802,0.0,100,0.01,0.5,True,1,native
1803,0.0,6,0.01,0.5,True,1,native
1804,0.0,28,0.01,0.5,True,1,native
1805,0.0,43,0.01,0.5,True,1,native
1806,1.0,29,0.01,0.5,True,1,native
1807,0.0,50,0.01,0.5,True,1,native
1808,0.0,16,0.01,0.5,True,1,native
1809,1.0,47,0.01,0.5,True,1,native
1810,1.0,34,0.01,0.5,True,1,native
1811,0.0,100,0.01,0.5,True,1,native
1812,1.0,11,0.01,0.5,True,1,native
1813,1.0,28,0.01,0.5,True,1,native
1814,1.0,33,0.01,0.5,True,1,native
1815,1.0,34,0.01,0.5,True,1,native
1816,1.0,60,0.01,0.5,True,1,native
1817,0.0,12,0.01,0.5,True,1,native
1818,1.0,9,0.01,0.5,True,1,native
1819,0.0,24,0.01,0.5,True,1,native
1820,1.0,15,0.01,0.5,True,1,native
1821,1.0,27,0.01,0.5,True,1,native
1822,1.0,81,0.01,0.5,True,1,native
1823,0.0,73,0.01,0.5,True,1,native
1824,1.0,51,0.01,0.5,True,1,native
1825,1.0,15,0.01,0.5,True,1,native
1826,0.0,21,0.01,0.5,True,1,native
1827,1.0,39,0.01,0.5,True,1,native
1828,1.0,53,0.01,0.5,True,1,native
1829,0.0,100,0.01,0.5,True,1,native
1830,1.0,33,0.01,0.5,True,1,native
1831,1.0,13,0.01,0.5,True,1,native
1832,0.0,18,0.01,0.5,True,1,native
1833,0.0,74,0.01,0.5,True,1,native
1834,1.0,21,0.01,0.5,True,1,native
1835,1.0,26,0.01,0.5,True,1,native
1836,1.0,74,0.01,0.5,True,1,native
1837,0.0,48,0.01,0.5,True,1,native
1838,1.0,23,0.01,0.5,True,1,native
1839,1.0,58,0.01,0.5,True,1,native
1840,1.0,9,0.01,0.5,True,1,native
1841,0.0,55,0.01,0.5,True,1,native
1842,0.0,28,0.01,0.5,True,1,native
1843,1.0,29,0.01,0.5,True,1,native
1844,1.0,9,0.01,0.5,True,1,native
1845,0.0,100,0.01,0.5,True,1,native
1846,0.0,26,0.01,0.5,True,1,native
1847,1.0,30,0.01,0.5,True,1,native
1848,0.0,100,0.01,0.5,True,1,native
1849,1.0,39,0.01,0.5,True,1,native
1850,1.0,29,0.01,0.5,True,1,native
1851,0.0,100,0.01,0.5,True,1,native
1852,0.0,93,0.01,0.5,True,1,native
1853,1.0,31,0.01,0.5,True,1,native
1854,0.0,20,0.01,0.5,True,1,native
1855,0.0,24,0.01,0.5,True,1,native
1856,0.0,30,0.01,0.5,True,1,native
1857,1.0,11,0.01,0.5,True,1,native
1858,1.0,41,0.01,0.5,True,1,native
1859,1.0,22,0.01,0.5,True,1,native
1860,1.0,28,0.01,0.5,True,1,native
1861,0.0,2,0.01,0.5,True,1,native
1862,0.0,18,0.01,0.5,True,1,native
1863,1.0,33,0.01,0.5,True,1,native
1864,1.0,30,0.01,0.5,True,1,native
1865,0.0,11,0.01,0.5,True,1,native
1866,1.0,31,0.01,0.5,True,1,native
1867,1.0,64,0.01,0.5,True,1,native
1868,1.0,25,0.01,0.5,True,1,native
1869,1.0,20,0.01,0.5,True,1,native
1870,1.0,22,0.01,0.5,True,1,native
1871,1.0,39,0.01,0.5,True,1,native
1872,1.0,32,0.01,0.5,True,1,native
1873,1.0,71,0.01,0.5,True,1,native
1874,0.0,20,0.01,0.5,True,1,native
1875,0.0,42,0.01,0.5,True,1,native
1876,1.0,61,0.01,0.5,True,1,native
1877,0.0,26,0.01,0.5,True,1,native
1878,1.0,61,0.01,0.5,True,1,native
1879,1.0,20,0.01,0.5,True,1,native
1880,1.0,9,0.01,0.5,True,1,native
1881,0.0,60,0.01,0.5,True,1,native
1882,1.0,12,0.01,0.5,True,1,native
1883,0.0,6,0.01,0.5,True,1,native
1884,0.0,100,0.01,0.5,True,1,native
1885,1.0,28,0.01,0.5,True,1,native
1886,1.0,32,0.01,0.5,True,1,native
1887,1.0,74,0.01,0.5,True,1,native
1888,1.0,35,0.01,0.5,True,1,native
1889,1.0,53,0.01,0.5,True,1,native
1890,1.0,31,0.01,0.5,True,1,native
1891,0.0,10,0.01,0.5,True,1,native
1892,1.0,33,0.01,0.5,True,1,native
1893,1.0,59,0.01,0.5,True,1,native
1894,1.0,85,0.01,0.5,True,1,native
1895,0.0,62,0.01,0.5,True,1,native
1896,1.0,14,0.01,0.5,True,1,native
1897,0.0,22,0.01,0.5,True,1,native
1898,1.0,77,0.01,0.5,True,1,native
1899,0.0,35,0.01,0.5,True,1,native
1900,1.0,30,0.01,0.5,True,1,native
1901,1.0,17,0.01,0.5,True,1,native
1902,1.0,85,0.01,0.5,True,1,native
1903,0.0,100,0.01,0.5,True,1,native
1904,0.0,28,0.01,0.5,True,1,native
1905,1.0,29,0.01,0.5,True,1,native
1906,1.0,70,0.01,0.5,True,1,native
1907,0.0,24,0.01,0.5,True,1,native
1908,1.0,22,0.01,0.5,True,1,native
1909,1.0,81,0.01,0.5,True,1,native
1910,1.0,35,0.01,0.5,True,1,native
1911,0.0,17,0.01,0.5,True,1,native
1912,0.0,71,0.01,0.5,True,1,native
1913,1.0,37,0.01,0.5,True,1,native
1914,1.0,19,0.01,0.5,True,1,native
1915,0.0,47,0.01,0.5,True,1,native
1916,0.0,23,0.01,0.5,True,1,native
1917,1.0,16,0.01,0.5,True,1,native
1918,0.0,26,0.01,0.5,True,1,native
1919,0.0,11,0.01,0.5,True,1,native
1920,1.0,13,0.01,0.5,True,1,native
1921,1.0,38,0.01,0.5,True,1,native
1922,0.0,94,0.01,0.5,True,1,native
1923,1.0,45,0.01,0.5,True,1,native
1924,0.0,41,0.01,0.5,True,1,native
1925,0.0,100,0.01,0.5,True,1,native
1926,0.0,6,0.01,0.5,True,1,native
1927,0.0,29,0.01,0.5,True,1,native
1928,0.0,17,0.01,0.5,True,1,native
1929,0.0,100,0.01,0.5,True,1,native
1930,0.0,7,0.01,0.5,True,1,native
1931,0.0,100,0.01,0.5,True,1,native
1932,0.0,79,0.01,0.5,True,1,native
1933,1.0,86,0.01,0.5,True,1,native
1934,0.0,7,0.01,0.5,True,1,native
1935,0.0,4,0.01,0.5,True,1,native
1936,0.0,6,0.01,0.5,True,1,native
1937,0.0,13,0.01,0.5,True,1,native
1938,1.0,18,0.01,0.5,True,1,native
1939,0.0,100,0.01,0.5,True,1,native
1940,1.0,40,0.01,0.5,True,1,native
1941,0.0,68,0.01,0.5,True,1,native
1942,1.0,18,0.01,0.5,True,1,native
1943,0.0,26,0.01,0.5,True,1,native
1944,0.0,22,0.01,0.5,True,1,native
1945,0.0,100,0.01,0.5,True,1,native
1946,1.0,32,0.01,0.5,True,1,native
1947,1.0,41,0.01,0.5,True,1,native
1948,1.0,18,0.01,0.5,True,1,native
1949,1.0,51,0.01,0.5,True,1,native
1950,1.0,21,0.01,0.5,True,1,native
1951,1.0,26,0.01,0.5,True,1,native
1952,0.0,100,0.01,0.5,True,1,native
1953,0.0,27,0.01,0.5,True,1,native
1954,0.0,100,0.01,0.5,True,1,native
1955,1.0,39,0.01,0.5,True,1,native
1956,1.0,13,0.01,0.5,True,1,native
1957,0.0,60,0.01,0.5,True,1,native
1958,0.0,28,0.01,0.5,True,1,native
1959,1.0,20,0.01,0.5,True,1,native
1960,0.0,5,0.01,0.5,True,1,native
1961,1.0,26,0.01,0.5,True,1,native
1962,1.0,17,0.01,0.5,True,1,native
1963,1.0,68,0.01,0.5,True,1,native
1964,1.0,21,0.01,0.5,True,1,native
1965,0.0,45,0.01,0.5,True,1,native
1966,1.0,22,0.01,0.5,True,1,native
1967,1.0,54,0.01,0.5,True,1,native
1968,0.0,72,0.01,0.5,True,1,native
1969,0.0,31,0.01,0.5,True,1,native
1970,1.0,65,0.01,0.5,True,1,native
1971,0.0,100,0.01,0.5,True,1,native
1972,0.0,26,0.01,0.5,True,1,native
1973,1.0,58,0.01,0.5,True,1,native
1974,1.0,27,0.01,0.5,True,1,native
1975,0.0,100,0.01,0.5,True,1,native
1976,0.0,11,0.01,0.5,True,1,native
1977,0.0,22,0.01,0.5,True,1,native
1978,1.0,35,0.01,0.5,True,1,native
1979,0.0,12,0.01,0.5,True,1,native
1980,0.0,100,0.01,0.5,True,1,native
1981,1.0,40,0.01,0.5,True,1,native
1982,0.0,81,0.01,0.5,True,1,native
1983,0.0,15,0.01,0.5,True,1,native
1984,1.0,84,0.01,0.5,True,1,native
1985,1.0,24,0.01,0.5,True,1,native
1986,1.0,23,0.01,0.5,True,1,native
1987,1.0,23,0.01,0.5,True,1,native
1988,1.0,20,0.01,0.5,True,1,native
1989,0.0,42,0.01,0.5,True,1,native
1990,1.0,27,0.01,0.5,True,1,native
1991,1.0,22,0.01,0.5,True,1,native
1992,1.0,40,0.01,0.5,True,1,native
1993,1.0,49,0.01,0.5,True,1,native
1994,0.0,67,0.01,0.5,True,1,native
1995,1.0,23,0.01,0.5,True,1,native
1996,1.0,55,0.01,0.5,True,1,native
1997,1.0,23,0.01,0.5,True,1,native
1998,1.0,54,0.01,0.5,True,1,native
1999,0.0,85,0.01,0.5,True,1,native
2000,0.0,17,0.01,0.5,True,1,native
2001,1.0,53,0.01,0.5,True,1,native
2002,1.0,47,0.01,0.5,True,1,native
2003,1.0,44,0.01,0.5,True,1,native
2004,1.0,27,0.01,0.5,True,1,native
2005,0.0,51,0.01,0.5,True,1,native
2006,1.0,32,0.01,0.5,True,1,native
2007,0.0,100,0.01,0.5,True,1,native
2008,1.0,43,0.01,0.5,True,1,native
2009,0.0,21,0.01,0.5,True,1,native
2010,1.0,47,0.01,0.5,True,1,native
2011,1.0,38,0.01,0.5,True,1,native
2012,0.0,100,0.01,0.5,True,1,native
2013,0.0,100,0.01,0.5,True,1,native
2014,1.0,13,0.01,0.5,True,1,native
2015,1.0,35,0.01,0.5,True,1,native
2016,0.0,100,0.01,0.5,True,1,native
2017,1.0,12,0.01,0.5,True,1,native
2018,0.0,100,0.01,0.5,True,1,native
2019,0.0,27,0.01,0.5,True,1,native
2020,1.0,51,0.01,0.5,True,1,native
2021,1.0,62,0.01,0.5,True,1,native
2022,1.0,23,0.01,0.5,True,1,native
2023,1.0,16,0.01,0.5,True,1,native
2024,0.0,36,0.01,0.5,True,1,native
2025,1.0,37,0.01,0.5,True,1,native
2026,1.0,36,0.01,0.5,True,1,native
2027,1.0,44,0.01,0.5,True,1,native
2028,1.0,15,0.01,0.5,True,1,native
2029,0.0,7,0.01,0.5,True,1,native
2030,1.0,87,0.01,0.5,True,1,native
2031,1.0,49,0.01,0.5,True,1,native
2032,1.0,9,0.01,0.5,True,1,native
2033,1.0,17,0.01,0.5,True,1,native
2034,1.0,15,0.01,0.5,True,1,native
2035,1.0,51,0.01,0.5,True,1,native
2036,1.0,12,0.01,0.5,True,1,native
2037,0.0,24,0.01,0.5,True,1,native
2038,1.0,15,0.01,0.5,True,1,native
2039,1.0,56,0.01,0.5,True,1,native
2040,1.0,15,0.01,0.5,True,1,native
2041,1.0,40,0.01,0.5,True,1,native
2042,1.0,26,0.01,0.5,True,1,native
2043,1.0,40,0.01,0.5,True,1,native
2044,1.0,54,0.01,0.5,True,1,native
2045,1.0,31,0.01,0.5,True,1,native
2046,0.0,40,0.01,0.5,True,1,native
2047,0.0,66,0.01,0.5,True,1,native
2048,0.0,6,0.01,0.5,True,1,native
2049,1.0,48,0.01,0.5,True,1,native
2050,0.0,15,0.01,0.5,True,1,native
2051,0.0,8,0.01,0.5,True,1,native
2052,0.0,15,0.01,0.5,True,1,native
2053,1.0,55,0.01,0.5,True,1,native
2054,0.0,100,0.01,0.5,True,1,native
2055,1.0,12,0.01,0.5,True,1,native
2056,0.0,100,0.01,0.5,True,1,native
2057,1.0,99,0.01,0.5,True,1,native
2058,1.0,25,0.01,0.5,True,1,native
2059,1.0,83,0.01,0.5,True,1,native
2060,1.0,57,0.01,0.5,True,1,native
2061,0.0,20,0.01,0.5,True,1,native
2062,1.0,57,0.01,0.5,True,1,native
2063,0.0,44,0.01,0.5,True,1,native
2064,1.0,31,0.01,0.5,True,1,native
2065,1.0,19,0.01,0.5,True,1,native
2066,1.0,41,0.01,0.5,True,1,native
2067,1.0,18,0.01,0.5,True,1,native
2068,1.0,57,0.01,0.5,True,1,native
2069,0.0,29,0.01,0.5,True,1,native
2070,1.0,25,0.01,0.5,True,1,native
2071,1.0,55,0.01,0.5,True,1,native
2072,1.0,65,0.01,0.5,True,1,native
2073,0.0,21,0.01,0.5,True,1,native
2074,0.0,39,0.01,0.5,True,1,native
2075,0.0,22,0.01,0.5,True,1,native
2076,0.0,100,0.01,0.5,True,1,native
2077,1.0,54,0.01,0.5,True,1,native
2078,0.0,100,0.01,0.5,True,1,native
2079,0.0,100,0.01,0.5,True,1,native
2080,1.0,32,0.01,0.5,True,1,native
2081,1.0,70,0.01,0.5,True,1,native
2082,0.0,20,0.01,0.5,True,1,native
2083,1.0,19,0.01,0.5,True,1,native
2084,1.0,45,0.01,0.5,True,1,native
2085,0.0,55,0.01,0.5,True,1,native
2086,1.0,38,0.01,0.5,True,1,native
2087,0.0,100,0.01,0.5,True,1,native
2088,0.0,30,0.01,0.5,True,1,native
2089,1.0,21,0.01,0.5,True,1,native
2090,0.0,8,0.01,0.5,True,1,native
2091,1.0,49,0.01,0.5,True,1,native
2092,0.0,13,0.01,0.5,True,1,native
2093,1.0,12,0.01,0.5,True,1,native
2094,1.0,90,0.01,0.5,True,1,native
2095,0.0,15,0.01,0.5,True,1,native
2096,1.0,61,0.01,0.5,True,1,native
2097,1.0,23,0.01,0.5,True,1,native
2098,0.0,47,0.01,0.5,True,1,native
2099,1.0,24,0.01,0.5,True,1,native
2100,1.0,14,0.01,0.5,True,1,native
2101,1.0,58,0.01,0.5,True,1,native
2102,0.0,17,0.01,0.5,True,1,native
2103,1.0,17,0.01,0.5,True,1,native
2104,1.0,22,0.01,0.5,True,1,native
2105,0.0,41,0.01,0.5,True,1,native
2106,1.0,16,0.01,0.5,True,1,native
2107,1.0,46,0.01,0.5,True,1,native
2108,1.0,24,0.01,0.5,True,1,native
2109,1.0,16,0.01,0.5,True,1,native
2110,0.0,100,0.01,0.5,True,1,native
2111,1.0,12,0.01,0.5,True,1,native
2112,0.0,48,0.01,0.5,True,1,native
2113,0.0,16,0.01,0.5,True,1,native
2114,1.0,23,0.01,0.5,True,1,native
2115,0.0,100,0.01,0.5,True,1,native
2116,1.0,22,0.01,0.5,True,1,native
2117,1.0,17,0.01,0.5,True,1,native
2118,1.0,79,0.01,0.5,True,1,native
2119,1.0,52,0.01,0.5,True,1,native
2120,0.0,100,0.01,0.5,True,1,native
2121,0.0,2,0.01,0.5,True,1,native
2122,1.0,83,0.01,0.5,True,1,native
2123,0.0,38,0.01,0.5,True,1,native
2124,1.0,12,0.01,0.5,True,1,native
2125,1.0,43,0.01,0.5,True,1,native
2126,0.0,100,0.01,0.5,True,1,native
2127,0.0,69,0.01,0.5,True,1,native
2128,1.0,46,0.01,0.5,True,1,native
2129,1.0,42,0.01,0.5,True,1,native
2130,1.0,94,0.01,0.5,True,1,native
2131,1.0,77,0.01,0.5,True,1,native
2132,1.0,15,0.01,0.5,True,1,native
2133,1.0,10,0.01,0.5,True,1,native
2134,0.0,25,0.01,0.5,True,1,native
2135,1.0,15,0.01,0.5,True,1,native
2136,0.0,100,0.01,0.5,True,1,native
2137,0.0,30,0.01,0.5,True,1,native
2138,1.0,12,0.01,0.5,True,1,native
2139,1.0,14,0.01,0.5,True,1,native
2140,1.0,35,0.01,0.5,True,1,native
2141,0.0,34,0.01,0.5,True,1,native
2142,1.0,30,0.01,0.5,True,1,native
2143,0.0,43,0.01,0.5,True,1,native
2144,0.0,100,0.01,0.5,True,1,native
2145,1.0,24,0.01,0.5,True,1,native
2146,1.0,76,0.01,0.5,True,1,native
2147,0.0,100,0.01,0.5,True,1,native
2148,1.0,22,0.01,0.5,True,1,native
2149,1.0,27,0.01,0.5,True,1,native
2150,1.0,17,0.01,0.5,True,1,native
2151,0.0,72,0.01,0.5,True,1,native
2152,1.0,54,0.01,0.5,True,1,native
2153,1.0,35,0.01,0.5,True,1,native
2154,1.0,16,0.01,0.5,True,1,native
2155,1.0,18,0.01,0.5,True,1,native
2156,0.0,96,0.01,0.5,True,1,native
2157,0.0,100,0.01,0.5,True,1,native
2158,1.0,96,0.01,0.5,True,1,native
2159,1.0,13,0.01,0.5,True,1,native
2160,1.0,27,0.01,0.5,True,1,native
2161,0.0,54,0.01,0.5,True,1,native
2162,0.0,22,0.01,0.5,True,1,native
2163,1.0,62,0.01,0.5,True,1,native
2164,1.0,49,0.01,0.5,True,1,native
2165,1.0,17,0.01,0.5,True,1,native
2166,1.0,59,0.01,0.5,True,1,native
2167,1.0,46,0.01,0.5,True,1,native
2168,1.0,47,0.01,0.5,True,1,native
2169,1.0,12,0.01,0.5,True,1,native
2170,0.0,28,0.01,0.5,True,1,native
2171,0.0,32,0.01,0.5,True,1,native
2172,1.0,16,0.01,0.5,True,1,native
2173,0.0,31,0.01,0.5,True,1,native
2174,1.0,8,0.01,0.5,True,1,native
2175,1.0,94,0.01,0.5,True,1,native
2176,0.0,13,0.01,0.5,True,1,native
2177,1.0,47,0.01,0.5,True,1,native
2178,0.0,90,0.01,0.5,True,1,native
2179,1.0,73,0.01,0.5,True,1,native
2180,1.0,33,0.01,0.5,True,1,native
2181,1.0,21,0.01,0.5,True,1,native
2182,1.0,16,0.01,0.5,True,1,native
2183,1.0,34,0.01,0.5,True,1,native
2184,1.0,43,0.01,0.5,True,1,native
2185,1.0,32,0.01,0.5,True,1,native
2186,0.0,68,0.01,0.5,True,1,native
2187,1.0,11,0.01,0.5,True,1,native
2188,1.0,30,0.01,0.5,True,1,native
2189,0.0,22,0.01,0.5,True,1,native
2190,1.0,10,0.01,0.5,True,1,native
2191,1.0,38,0.01,0.5,True,1,native
2192,0.0,100,0.01,0.5,True,1,native
2193,1.0,39,0.01,0.5,True,1,native
2194,1.0,27,0.01,0.5,True,1,native
2195,1.0,26,0.01,0.5,True,1,native
2196,1.0,31,0.01,0.5,True,1,native
2197,1.0,10,0.01,0.5,True,1,native
2198,1.0,19,0.01,0.5,True,1,native
2199,1.0,15,0.01,0.5,True,1,native
2200,1.0,45,0.01,0.5,True,1,native
2201,0.0,100,0.01,0.5,True,1,native
2202,1.0,13,0.01,0.5,True,1,native
2203,1.0,19,0.01,0.5,True,1,native
2204,1.0,34,0.01,0.5,True,1,native
2205,0.0,25,0.01,0.5,True,1,native
2206,1.0,22,0.01,0.5,True,1,native
2207,1.0,34,0.01,0.5,True,1,native
2208,1.0,15,0.01,0.5,True,1,native
2209,1.0,9,0.01,0.5,True,1,native
2210,1.0,45,0.01,0.5,True,1,native
2211,0.0,15,0.01,0.5,True,1,native
2212,0.0,100,0.01,0.5,True,1,native
2213,0.0,3,0.01,0.5,True,1,native
2214,1.0,39,0.01,0.5,True,1,native
2215,1.0,44,0.01,0.5,True,1,native
2216,1.0,13,0.01,0.5,True,1,native
2217,0.0,41,0.01,0.5,True,1,native
2218,0.0,77,0.01,0.5,True,1,native
2219,1.0,11,0.01,0.5,True,1,native
2220,1.0,55,0.01,0.5,True,1,native
2221,1.0,14,0.01,0.5,True,1,native
2222,1.0,18,0.01,0.5,True,1,native
2223,0.0,53,0.01,0.5,True,1,native
2224,1.0,50,0.01,0.5,True,1,native
2225,1.0,24,0.01,0.5,True,1,native
2226,0.0,16,0.01,0.5,True,1,native
2227,1.0,71,0.01,0.5,True,1,native
2228,1.0,17,0.01,0.5,True,1,native
2229,0.0,100,0.01,0.5,True,1,native
2230,1.0,31,0.01,0.5,True,1,native
2231,1.0,64,0.01,0.5,True,1,native
2232,1.0,56,0.01,0.5,True,1,native
2233,0.0,100,0.01,0.5,True,1,native
2234,1.0,34,0.01,0.5,True,1,native
2235,0.0,100,0.01,0.5,True,1,native
2236,0.0,57,0.01,0.5,True,1,native
2237,0.0,100,0.01,0.5,True,1,native
2238,1.0,17,0.01,0.5,True,1,native
2239,1.0,76,0.01,0.5,True,1,native
2240,1.0,14,0.01,0.5,True,1,native
2241,1.0,46,0.01,0.5,True,1,native
2242,1.0,23,0.01,0.5,True,1,native
2243,0.0,36,0.01,0.5,True,1,native
2244,1.0,37,0.01,0.5,True,1,native
2245,1.0,60,0.01,0.5,True,1,native
2246,0.0,100,0.01,0.5,True,1,native
2247,0.0,100,0.01,0.5,True,1,native
2248,0.0,22,0.01,0.5,True,1,native
2249,1.0,16,0.01,0.5,True,1,native
2250,0.0,36,0.01,0.5,True,1,native
2251,1.0,71,0.01,0.5,True,1,native
2252,0.0,44,0.01,0.5,True,1,native
2253,0.0,11,0.01,0.5,True,1,native
2254,0.0,100,0.01,0.5,True,1,native
2255,0.0,50,0.01,0.5,True,1,native
2256,1.0,55,0.01,0.5,True,1,native
2257,1.0,12,0.01,0.5,True,1,native
2258,0.0,21,0.01,0.5,True,1,native
2259,0.0,24,0.01,0.5,True,1,native
2260,1.0,11,0.01,0.5,True,1,native
2261,0.0,100,0.01,0.5,True,1,native
2262,1.0,23,0.01,0.5,True,1,native
2263,1.0,23,0.01,0.5,True,1,native
2264,0.0,100,0.01,0.5,True,1,native
2265,0.0,41,0.01,0.5,True,1,native
2266,1.0,69,0.01,0.5,True,1,native
2267,1.0,19,0.01,0.5,True,1,native
2268,1.0,86,0.01,0.5,True,1,native
2269,0.0,100,0.01,0.5,True,1,native
2270,1.0,65,0.01,0.5,True,1,native
2271,1.0,53,0.01,0.5,True,1,native
2272,1.0,12,0.01,0.5,True,1,native
2273,1.0,12,0.01,0.5,True,1,native
2274,1.0,14,0.01,0.5,True,1,native
2275,1.0,57,0.01,0.5,True,1,native
2276,1.0,14,0.01,0.5,True,1,native
2277,1.0,15,0.01,0.5,True,1,native
2278,0.0,24,0.01,0.5,True,1,native
2279,1.0,60,0.01,0.5,True,1,native
2280,0.0,6,0.01,0.5,True,1,native
2281,1.0,44,0.01,0.5,True,1,native
2282,0.0,31,0.01,0.5,True,1,native
2283,1.0,82,0.01,0.5,True,1,native
2284,1.0,8,0.01,0.5,True,1,native
2285,1.0,9,0.01,0.5,True,1,native
2286,1.0,27,0.01,0.5,True,1,native
2287,1.0,25,0.01,0.5,True,1,native
2288,0.0,73,0.01,0.5,True,1,native
2289,1.0,6,0.01,0.5,True,1,native
2290,1.0,31,0.01,0.5,True,1,native
2291,0.0,100,0.01,0.5,True,1,native
2292,1.0,28,0.01,0.5,True,1,native
2293,0.0,100,0.01,0.5,True,1,native
2294,1.0,18,0.01,0.5,True,1,native
2295,0.0,4,0.01,0.5,True,1,native
2296,0.0,56,0.01,0.5,True,1,native
2297,1.0,21,0.01,0.5,True,1,native
2298,0.0,100,0.01,0.5,True,1,native
2299,1.0,37,0.01,0.5,True,1,native
2300,1.0,38,0.01,0.5,True,1,native
2301,0.0,45,0.01,0.5,True,1,native
2302,1.0,38,0.01,0.5,True,1,native
2303,1.0,27,0.01,0.5,True,1,native
2304,0.0,100,0.01,0.5,True,1,native
2305,1.0,44,0.01,0.5,True,1,native
2306,1.0,77,0.01,0.5,True,1,native
2307,0.0,100,0.01,0.5,True,1,native
2308,0.0,35,0.01,0.5,True,1,native
2309,1.0,10,0.01,0.5,True,1,native
2310,1.0,16,0.01,0.5,True,1,native
2311,0.0,100,0.01,0.5,True,1,native
2312,1.0,61,0.01,0.5,True,1,native
2313,0.0,86,0.01,0.5,True,1,native
2314,1.0,57,0.01,0.5,True,1,native
2315,0.0,15,0.01,0.5,True,1,native
2316,0.0,31,0.01,0.5,True,1,native
2317,0.0,30,0.01,0.5,True,1,native
2318,1.0,18,0.01,0.5,True,1,native
2319,0.0,30,0.01,0.5,True,1,native
2320,1.0,22,0.01,0.5,True,1,native
2321,1.0,25,0.01,0.5,True,1,native
2322,0.0,4,0.01,0.5,True,1,native
2323,1.0,10,0.01,0.5,True,1,native
2324,0.0,91,0.01,0.5,True,1,native
2325,0.0,28,0.01,0.5,True,1,native
2326,0.0,43,0.01,0.5,True,1,native
2327,1.0,41,0.01,0.5,True,1,native
2328,1.0,17,0.01,0.5,True,1,native
2329,1.0,45,0.01,0.5,True,1,native
2330,0.0,100,0.01,0.5,True,1,native
2331,1.0,25,0.01,0.5,True,1,native
2332,0.0,63,0.01,0.5,True,1,native
2333,1.0,85,0.01,0.5,True,1,native
2334,0.0,100,0.01,0.5,True,1,native
2335,1.0,38,0.01,0.5,True,1,native
2336,0.0,60,0.01,0.5,True,1,native
2337,0.0,28,0.01,0.5,True,1,native
2338,0.0,52,0.01,0.5,True,1,native
2339,1.0,82,0.01,0.5,True,1,native
2340,0.0,25,0.01,0.5,True,1,native
2341,1.0,16,0.01,0.5,True,1,native
2342,0.0,21,0.01,0.5,True,1,native
2343,0.0,73,0.01,0.5,True,1,native
2344,0.0,82,0.01,0.5,True,1,native
2345,0.0,10,0.01,0.5,True,1,native
2346,0.0,86,0.01,0.5,True,1,native
2347,1.0,14,0.01,0.5,True,1,native
2348,0.0,15,0.01,0.5,True,1,native
2349,0.0,47,0.01,0.5,True,1,native
2350,0.0,63,0.01,0.5,True,1,native
2351,0.0,25,0.01,0.5,True,1,native
2352,0.0,29,0.01,0.5,True,1,native
2353,0.0,46,0.01,0.5,True,1,native
2354,0.0,24,0.01,0.5,True,1,native
2355,0.0,10,0.01,0.5,True,1,native
2356,1.0,39,0.01,0.5,True,1,native
2357,0.0,11,0.01,0.5,True,1,native
2358,0.0,74,0.01,0.5,True,1,native
2359,0.0,27,0.01,0.5,True,1,native
2360,0.0,32,0.01,0.5,True,1,native
2361,0.0,52,0.01,0.5,True,1,native
2362,0.0,7,0.01,0.5,True,1,native
2363,0.0,23,0.01,0.5,True,1,native
2364,0.0,61,0.01,0.5,True,1,native
2365,0.0,14,0.01,0.5,True,1,native
2366,0.0,14,0.01,0.5,True,1,native
2367,0.0,14,0.01,0.5,True,1,native
2368,0.0,100,0.01,0.5,True,1,native
2369,0.0,17,0.01,0.5,True,1,native
2370,1.0,34,0.01,0.5,True,1,native
2371,0.0,22,0.01,0.5,True,1,native
2372,1.0,10,0.01,0.5,True,1,native
2373,0.0,30,0.01,0.5,True,1,native
2374,1.0,45,0.01,0.5,True,1,native
2375,1.0,42,0.01,0.5,True,1,native
2376,0.0,18,0.01,0.5,True,1,native
2377,0.0,33,0.01,0.5,True,1,native
2378,0.0,32,0.01,0.5,True,1,native
2379,1.0,90,0.01,0.5,True,1,native
2380,0.0,47,0.01,0.5,True,1,native
2381,0.0,100,0.01,0.5,True,1,native
2382,0.0,14,0.01,0.5,True,1,native
2383,1.0,26,0.01,0.5,True,1,native
2384,1.0,57,0.01,0.5,True,1,native
2385,0.0,90,0.01,0.5,True,1,native
2386,0.0,24,0.01,0.5,True,1,native
2387,1.0,29,0.01,0.5,True,1,native
2388,0.0,100,0.01,0.5,True,1,native
2389,1.0,34,0.01,0.5,True,1,native
2390,1.0,16,0.01,0.5,True,1,native
2391,1.0,28,0.01,0.5,True,1,native
2392,0.0,40,0.01,0.5,True,1,native
2393,0.0,31,0.01,0.5,True,1,native
2394,0.0,72,0.01,0.5,True,1,native
2395,0.0,20,0.01,0.5,True,1,native
2396,0.0,21,0.01,0.5,True,1,native
2397,1.0,43,0.01,0.5,True,1,native
2398,1.0,20,0.01,0.5,True,1,native
2399,0.0,100,0.01,0.5,True,1,native
2400,0.0,100,0.01,0.5,True,1,native
2401,0.0,60,0.01,0.5,True,1,native
2402,1.0,65,0.01,0.5,True,1,native
2403,1.0,95,0.01,0.5,True,1,native
2404,1.0,34,0.01,0.5,True,1,native
2405,1.0,19,0.01,0.5,True,1,native
2406,1.0,62,0.01,0.5,True,1,native
2407,0.0,52,0.01,0.5,True,1,native
2408,1.0,36,0.01,0.5,True,1,native
2409,1.0,50,0.01,0.5,True,1,native
2410,1.0,20,0.01,0.5,True,1,native
2411,1.0,24,0.01,0.5,True,1,native
2412,1.0,14,0.01,0.5,True,1,native
2413,1.0,42,0.01,0.5,True,1,native
2414,0.0,2,0.01,0.5,True,1,native
2415,1.0,11,0.01,0.5,True,1,native
2416,1.0,30,0.01,0.5,True,1,native
2417,1.0,32,0.01,0.5,True,1,native
2418,1.0,46,0.01,0.5,True,1,native
2419,0.0,47,0.01,0.5,True,1,native
2420,1.0,25,0.01,0.5,True,1,native
2421,0.0,100,0.01,0.5,True,1,native
2422,1.0,22,0.01,0.5,True,1,native
2423,0.0,51,0.01,0.5,True,1,native
2424,1.0,37,0.01,0.5,True,1,native
2425,1.0,11,0.01,0.5,True,1,native
2426,1.0,28,0.01,0.5,True,1,native
2427,1.0,25,0.01,0.5,True,1,native
2428,1.0,42,0.01,0.5,True,1,native
2429,1.0,56,0.01,0.5,True,1,native
2430,1.0,27,0.01,0.5,True,1,native
2431,1.0,25,0.01,0.5,True,1,native
2432,0.0,26,0.01,0.5,True,1,native
2433,0.0,57,0.01,0.5,True,1,native
2434,1.0,55,0.01,0.5,True,1,native
2435,0.0,33,0.01,0.5,True,1,native
2436,1.0,65,0.01,0.5,True,1,native
2437,1.0,49,0.01,0.5,True,1,native
2438,1.0,76,0.01,0.5,True,1,native
2439,1.0,20,0.01,0.5,True,1,native
2440,0.0,60,0.01,0.5,True,1,native
2441,1.0,37,0.01,0.5,True,1,native
2442,0.0,100,0.01,0.5,True,1,native
2443,1.0,10,0.01,0.5,True,1,native
2444,1.0,17,0.01,0.5,True,1,native
2445,0.0,7,0.01,0.5,True,1,native
2446,1.0,14,0.01,0.5,True,1,native
2447,1.0,18,0.01,0.5,True,1,native
2448,0.0,100,0.01,0.5,True,1,native
2449,1.0,20,0.01,0.5,True,1,native
2450,1.0,74,0.01,0.5,True,1,native
2451,1.0,7,0.01,0.5,True,1,native
2452,0.0,100,0.01,0.5,True,1,native
2453,1.0,20,0.01,0.5,True,1,native
2454,1.0,14,0.01,0.5,True,1,native
2455,0.0,15,0.01,0.5,True,1,native
2456,1.0,11,0.01,0.5,True,1,native
2457,1.0,39,0.01,0.5,True,1,native
2458,1.0,54,0.01,0.5,True,1,native
2459,1.0,15,0.01,0.5,True,1,native
2460,1.0,13,0.01,0.5,True,1,native
2461,1.0,22,0.01,0.5,True,1,native
2462,1.0,32,0.01,0.5,True,1,native
2463,1.0,81,0.01,0.5,True,1,native
2464,1.0,16,0.01,0.5,True,1,native
2465,1.0,34,0.01,0.5,True,1,native
2466,1.0,50,0.01,0.5,True,1,native
2467,0.0,41,0.01,0.5,True,1,native
2468,1.0,20,0.01,0.5,True,1,native
2469,0.0,16,0.01,0.5,True,1,native
2470,1.0,39,0.01,0.5,True,1,native
2471,0.0,100,0.01,0.5,True,1,native
2472,1.0,31,0.01,0.5,True,1,native
2473,1.0,11,0.01,0.5,True,1,native
2474,1.0,22,0.01,0.5,True,1,native
2475,1.0,64,0.01,0.5,True,1,native
2476,0.0,100,0.01,0.5,True,1,native
2477,1.0,95,0.01,0.5,True,1,native
2478,1.0,43,0.01,0.5,True,1,native
2479,1.0,48,0.01,0.5,True,1,native
2480,0.0,100,0.01,0.5,True,1,native
2481,1.0,49,0.01,0.5,True,1,native
2482,1.0,59,0.01,0.5,True,1,native
2483,0.0,100,0.01,0.5,True,1,native
2484,1.0,23,0.01,0.5,True,1,native
2485,0.0,15,0.01,0.5,True,1,native
2486,0.0,20,0.01,0.5,True,1,native
2487,1.0,15,0.01,0.5,True,1,native
2488,0.0,13,0.01,0.5,True,1,native
2489,1.0,98,0.01,0.5,True,1,native
2490,1.0,10,0.01,0.5,True,1,native
2491,1.0,35,0.01,0.5,True,1,native
2492,1.0,35,0.01,0.5,True,1,native
2493,0.0,100,0.01,0.5,True,1,native
2494,1.0,30,0.01,0.5,True,1,native
2495,1.0,68,0.01,0.5,True,1,native
2496,1.0,37,0.01,0.5,True,1,native
2497,1.0,29,0.01,0.5,True,1,native
2498,1.0,39,0.01,0.5,True,1,native
2499,1.0,23,0.01,0.5,True,1,native
2500,1.0,21,0.01,0.5,True,1,native
2501,1.0,57,0.01,0.5,True,1,native
2502,0.0,22,0.01,0.5,True,1,native
2503,0.0,16,0.01,0.5,True,1,native
2504,1.0,44,0.01,0.5,True,1,native
2505,1.0,33,0.01,0.5,True,1,native
2506,0.0,100,0.01,0.5,True,1,native
2507,0.0,74,0.01,0.5,True,1,native
2508,0.0,22,0.01,0.5,True,1,native
2509,0.0,15,0.01,0.5,True,1,native
2510,1.0,47,0.01,0.5,True,1,native
2511,1.0,11,0.01,0.5,True,1,native
2512,0.0,20,0.01,0.5,True,1,native
2513,0.0,13,0.01,0.5,True,1,native
2514,1.0,7,0.01,0.5,True,1,native
2515,0.0,11,0.01,0.5,True,1,native
2516,1.0,21,0.01,0.5,True,1,native
2517,0.0,69,0.01,0.5,True,1,native
2518,0.0,9,0.01,0.5,True,1,native
2519,0.0,93,0.01,0.5,True,1,native
2520,0.0,52,0.01,0.5,True,1,native
2521,0.0,100,0.01,0.5,True,1,native
2522,1.0,35,0.01,0.5,True,1,native
2523,1.0,17,0.01,0.5,True,1,native
2524,0.0,44,0.01,0.5,True,1,native
2525,0.0,100,0.01,0.5,True,1,native
2526,0.0,38,0.01,0.5,True,1,native
2527,0.0,65,0.01,0.5,True,1,native
2528,0.0,10,0.01,0.5,True,1,native
2529,1.0,52,0.01,0.5,True,1,native
2530,0.0,38,0.01,0.5,True,1,native
2531,0.0,90,0.01,0.5,True,1,native
2532,1.0,27,0.01,0.5,True,1,native
2533,1.0,43,0.01,0.5,True,1,native
2534,1.0,11,0.01,0.5,True,1,native
2535,1.0,11,0.01,0.5,True,1,native
2536,0.0,8,0.01,0.5,True,1,native
2537,1.0,19,0.01,0.5,True,1,native
2538,1.0,16,0.01,0.5,True,1,native
2539,1.0,17,0.01,0.5,True,1,native
2540,1.0,19,0.01,0.5,True,1,native
2541,1.0,20,0.01,0.5,True,1,native
2542,1.0,66,0.01,0.5,True,1,native
2543,1.0,19,0.01,0.5,True,1,native
2544,1.0,51,0.01,0.5,True,1,native
2545,1.0,19,0.01,0.5,True,1,native
2546,0.0,86,0.01,0.5,True,1,native
2547,1.0,10,0.01,0.5,True,1,native
2548,1.0,21,0.01,0.5,True,1,native
2549,1.0,35,0.01,0.5,True,1,native
2550,1.0,75,0.01,0.5,True,1,native
2551,1.0,50,0.01,0.5,True,1,native
2552,1.0,8,0.01,0.5,True,1,native
2553,1.0,18,0.01,0.5,True,1,native
2554,1.0,61,0.01,0.5,True,1,native
2555,1.0,56,0.01,0.5,True,1,native
2556,1.0,47,0.01,0.5,True,1,native
2557,1.0,14,0.01,0.5,True,1,native
2558,1.0,73,0.01,0.5,True,1,native
2559,1.0,27,0.01,0.5,True,1,native
2560,1.0,13,0.01,0.5,True,1,native
2561,1.0,14,0.01,0.5,True,1,native
2562,1.0,13,0.01,0.5,True,1,native
2563,1.0,18,0.01,0.5,True,1,native
2564,1.0,79,0.01,0.5,True,1,native
2565,0.0,100,0.01,0.5,True,1,native
2566,1.0,41,0.01,0.5,True,1,native
2567,0.0,78,0.01,0.5,True,1,native
2568,1.0,98,0.01,0.5,True,1,native
2569,0.0,34,0.01,0.5,True,1,native
2570,1.0,52,0.01,0.5,True,1,native
2571,1.0,53,0.01,0.5,True,1,native
2572,1.0,19,0.01,0.5,True,1,native
2573,1.0,21,0.01,0.5,True,1,native
2574,1.0,47,0.01,0.5,True,1,native
2575,0.0,65,0.01,0.5,True,1,native
2576,0.0,33,0.01,0.5,True,1,native
2577,0.0,69,0.01,0.5,True,1,native
2578,1.0,12,0.01,0.5,True,1,native
2579,0.0,24,0.01,0.5,True,1,native
2580,1.0,60,0.01,0.5,True,1,native
2581,0.0,22,0.01,0.5,True,1,native
2582,1.0,53,0.01,0.5,True,1,native
2583,0.0,24,0.01,0.5,True,1,native
2584,1.0,52,0.01,0.5,True,1,native
2585,1.0,32,0.01,0.5,True,1,native
2586,0.0,100,0.01,0.5,True,1,native
2587,1.0,26,0.01,0.5,True,1,native
2588,1.0,51,0.01,0.5,True,1,native
2589,1.0,15,0.01,0.5,True,1,native
2590,0.0,25,0.01,0.5,True,1,native
2591,1.0,69,0.01,0.5,True,1,native
2592,0.0,100,0.01,0.5,True,1,native
2593,1.0,7,0.01,0.5,True,1,native
2594,0.0,16,0.01,0.5,True,1,native
2595,1.0,11,0.01,0.5,True,1,native
2596,1.0,29,0.01,0.5,True,1,native
2597,1.0,62,0.01,0.5,True,1,native
2598,1.0,24,0.01,0.5,True,1,native
2599,0.0,79,0.01,0.5,True,1,native
2600,1.0,72,0.01,0.5,True,1,native
2601,0.0,4,0.01,0.5,True,1,native
2602,1.0,30,0.01,0.5,True,1,native
2603,1.0,33,0.01,0.5,True,1,native
2604,1.0,24,0.01,0.5,True,1,native
2605,1.0,31,0.01,0.5,True,1,native
2606,1.0,30,0.01,0.5,True,1,native
2607,0.0,62,0.01,0.5,True,1,native
2608,0.0,100,0.01,0.5,True,1,native
2609,1.0,51,0.01,0.5,True,1,native
2610,0.0,55,0.01,0.5,True,1,native
2611,1.0,32,0.01,0.5,True,1,native
2612,1.0,10,0.01,0.5,True,1,native
2613,1.0,42,0.01,0.5,True,1,native
2614,1.0,40,0.01,0.5,True,1,native
2615,1.0,23,0.01,0.5,True,1,native
2616,1.0,70,0.01,0.5,True,1,native
2617,1.0,71,0.01,0.5,True,1,native
2618,1.0,49,0.01,0.5,True,1,native
2619,1.0,15,0.01,0.5,True,1,native
2620,1.0,50,0.01,0.5,True,1,native
2621,1.0,30,0.01,0.5,True,1,native
2622,1.0,45,0.01,0.5,True,1,native
2623,1.0,41,0.01,0.5,True,1,native
2624,1.0,17,0.01,0.5,True,1,native
2625,0.0,100,0.01,0.5,True,1,native
2626,1.0,11,0.01,0.5,True,1,native
2627,0.0,19,0.01,0.5,True,1,native
2628,1.0,21,0.01,0.5,True,1,native
2629,1.0,28,0.01,0.5,True,1,native
2630,1.0,32,0.01,0.5,True,1,native
2631,1.0,56,0.01,0.5,True,1,native
2632,1.0,58,0.01,0.5,True,1,native
2633,1.0,29,0.01,0.5,True,1,native
2634,1.0,24,0.01,0.5,True,1,native
2635,1.0,93,0.01,0.5,True,1,native
2636,1.0,34,0.01,0.5,True,1,native
2637,1.0,45,0.01,0.5,True,1,native
2638,1.0,12,0.01,0.5,True,1,native
2639,0.0,75,0.01,0.5,True,1,native
2640,0.0,80,0.01,0.5,True,1,native
2641,1.0,20,0.01,0.5,True,1,native
2642,0.0,32,0.01,0.5,True,1,native
2643,1.0,57,0.01,0.5,True,1,native
2644,0.0,18,0.01,0.5,True,1,native
2645,1.0,48,0.01,0.5,True,1,native
2646,1.0,39,0.01,0.5,True,1,native
2647,1.0,25,0.01,0.5,True,1,native
2648,1.0,31,0.01,0.5,True,1,native
2649,1.0,88,0.01,0.5,True,1,native
2650,1.0,89,0.01,0.5,True,1,native
2651,1.0,31,0.01,0.5,True,1,native
2652,1.0,25,0.01,0.5,True,1,native
2653,1.0,23,0.01,0.5,True,1,native
2654,0.0,41,0.01,0.5,True,1,native
2655,1.0,23,0.01,0.5,True,1,native
2656,1.0,82,0.01,0.5,True,1,native
2657,1.0,65,0.01,0.5,True,1,native
2658,0.0,51,0.01,0.5,True,1,native
2659,1.0,63,0.01,0.5,True,1,native
2660,1.0,83,0.01,0.5,True,1,native
2661,0.0,29,0.01,0.5,True,1,native
2662,1.0,24,0.01,0.5,True,1,native
2663,0.0,100,0.01,0.5,True,1,native
2664,1.0,17,0.01,0.5,True,1,native
2665,1.0,31,0.01,0.5,True,1,native
2666,0.0,56,0.01,0.5,True,1,native
2667,1.0,50,0.01,0.5,True,1,native
2668,1.0,19,0.01,0.5,True,1,native
2669,1.0,26,0.01,0.5,True,1,native
2670,0.0,100,0.01,0.5,True,1,native
2671,1.0,23,0.01,0.5,True,1,native
2672,0.0,23,0.01,0.5,True,1,native
2673,1.0,25,0.01,0.5,True,1,native
2674,1.0,32,0.01,0.5,True,1,native
2675,1.0,24,0.01,0.5,True,1,native
2676,1.0,66,0.01,0.5,True,1,native
2677,1.0,60,0.01,0.5,True,1,native
2678,1.0,72,0.01,0.5,True,1,native
2679,1.0,15,0.01,0.5,True,1,native
2680,1.0,19,0.01,0.5,True,1,native
2681,1.0,31,0.01,0.5,True,1,native
2682,1.0,17,0.01,0.5,True,1,native
2683,1.0,27,0.01,0.5,True,1,native
2684,1.0,13,0.01,0.5,True,1,native
2685,0.0,100,0.01,0.5,True,1,native
2686,0.0,100,0.01,0.5,True,1,native
2687,0.0,64,0.01,0.5,True,1,native
2688,1.0,33,0.01,0.5,True,1,native
2689,0.0,10,0.01,0.5,True,1,native
2690,1.0,18,0.01,0.5,True,1,native
2691,0.0,13,0.01,0.5,True,1,native
2692,1.0,14,0.01,0.5,True,1,native
2693,1.0,17,0.01,0.5,True,1,native
2694,0.0,18,0.01,0.5,True,1,native
2695,1.0,32,0.01,0.5,True,1,native
2696,1.0,29,0.01,0.5,True,1,native
2697,1.0,11,0.01,0.5,True,1,native
2698,1.0,10,0.01,0.5,True,1,native
2699,1.0,60,0.01,0.5,True,1,native
2700,1.0,37,0.01,0.5,True,1,native
2701,1.0,30,0.01,0.5,True,1,native
2702,1.0,32,0.01,0.5,True,1,native
2703,1.0,38,0.01,0.5,True,1,native
2704,1.0,68,0.01,0.5,True,1,native
2705,0.0,100,0.01,0.5,True,1,native
2706,1.0,18,0.01,0.5,True,1,native
2707,1.0,52,0.01,0.5,True,1,native
2708,1.0,18,0.01,0.5,True,1,native
2709,1.0,79,0.01,0.5,True,1,native
2710,0.0,41,0.01,0.5,True,1,native
2711,1.0,13,0.01,0.5,True,1,native
2712,0.0,94,0.01,0.5,True,1,native
2713,1.0,54,0.01,0.5,True,1,native
2714,0.0,56,0.01,0.5,True,1,native
2715,1.0,40,0.01,0.5,True,1,native
2716,0.0,40,0.01,0.5,True,1,native
2717,1.0,64,0.01,0.5,True,1,native
2718,1.0,73,0.01,0.5,True,1,native
2719,1.0,49,0.01,0.5,True,1,native
2720,0.0,20,0.01,0.5,True,1,native
2721,1.0,32,0.01,0.5,True,1,native
2722,1.0,96,0.01,0.5,True,1,native
2723,1.0,27,0.01,0.5,True,1,native
2724,1.0,27,0.01,0.5,True,1,native
2725,1.0,53,0.01,0.5,True,1,native
2726,1.0,24,0.01,0.5,True,1,native
2727,1.0,49,0.01,0.5,True,1,native
2728,1.0,60,0.01,0.5,True,1,native
2729,1.0,44,0.01,0.5,True,1,native
2730,1.0,19,0.01,0.5,True,1,native
2731,1.0,22,0.01,0.5,True,1,native
2732,1.0,27,0.01,0.5,True,1,native
2733,0.0,20,0.01,0.5,True,1,native
2734,0.0,9,0.01,0.5,True,1,native
2735,1.0,23,0.01,0.5,True,1,native
2736,1.0,33,0.01,0.5,True,1,native
2737,1.0,18,0.01,0.5,True,1,native
2738,0.0,9,0.01,0.5,True,1,native
2739,1.0,25,0.01,0.5,True,1,native
2740,1.0,13,0.01,0.5,True,1,native
2741,1.0,13,0.01,0.5,True,1,native
2742,1.0,26,0.01,0.5,True,1,native
2743,1.0,52,0.01,0.5,True,1,native
2744,0.0,100,0.01,0.5,True,1,native
2745,1.0,50,0.01,0.5,True,1,native
2746,1.0,16,0.01,0.5,True,1,native
2747,1.0,18,0.01,0.5,True,1,native
2748,1.0,30,0.01,0.5,True,1,native
2749,1.0,12,0.01,0.5,True,1,native
2750,1.0,30,0.01,0.5,True,1,native
2751,0.0,66,0.01,0.5,True,1,native
2752,0.0,40,0.01,0.5,True,1,native
2753,1.0,29,0.01,0.5,True,1,native
2754,1.0,31,0.01,0.5,True,1,native
2755,1.0,29,0.01,0.5,True,1,native
2756,0.0,28,0.01,0.5,True,1,native
2757,1.0,56,0.01,0.5,True,1,native
2758,1.0,44,0.01,0.5,True,1,native
2759,1.0,38,0.01,0.5,True,1,native
2760,0.0,18,0.01,0.5,True,1,native
2761,1.0,73,0.01,0.5,True,1,native
2762,1.0,26,0.01,0.5,True,1,native
2763,1.0,99,0.01,0.5,True,1,native
2764,1.0,27,0.01,0.5,True,1,native
2765,0.0,100,0.01,0.5,True,1,native
2766,1.0,23,0.01,0.5,True,1,native
2767,1.0,44,0.01,0.5,True,1,native
2768,1.0,87,0.01,0.5,True,1,native
2769,1.0,10,0.01,0.5,True,1,native
2770,0.0,3,0.01,0.5,True,1,native
2771,1.0,22,0.01,0.5,True,1,native
2772,1.0,47,0.01,0.5,True,1,native
2773,1.0,67,0.01,0.5,True,1,native
2774,1.0,39,0.01,0.5,True,1,native
2775,1.0,15,0.01,0.5,True,1,native
2776,0.0,39,0.01,0.5,True,1,native
2777,0.0,91,0.01,0.5,True,1,native
2778,1.0,14,0.01,0.5,True,1,native
2779,1.0,17,0.01,0.5,True,1,native
2780,1.0,63,0.01,0.5,True,1,native
2781,1.0,16,0.01,0.5,True,1,native
2782,0.0,100,0.01,0.5,True,1,native
2783,0.0,71,0.01,0.5,True,1,native
2784,0.0,20,0.01,0.5,True,1,native
2785,1.0,53,0.01,0.5,True,1,native
2786,1.0,24,0.01,0.5,True,1,native
2787,0.0,45,0.01,0.5,True,1,native
2788,0.0,10,0.01,0.5,True,1,native
2789,0.0,57,0.01,0.5,True,1,native
2790,0.0,19,0.01,0.5,True,1,native
2791,0.0,50,0.01,0.5,True,1,native
2792,0.0,8,0.01,0.5,True,1,native
2793,1.0,29,0.01,0.5,True,1,native
2794,1.0,42,0.01,0.5,True,1,native
2795,0.0,50,0.01,0.5,True,1,native
2796,1.0,41,0.01,0.5,True,1,native
2797,0.0,100,0.01,0.5,True,1,native
2798,0.0,61,0.01,0.5,True,1,native
2799,0.0,32,0.01,0.5,True,1,native
2800,1.0,21,0.01,0.5,True,1,native
2801,0.0,93,0.01,0.5,True,1,native
2802,1.0,13,0.01,0.5,True,1,native
2803,1.0,53,0.01,0.5,True,1,native
2804,1.0,9,0.01,0.5,True,1,native
2805,1.0,74,0.01,0.5,True,1,native
2806,1.0,59,0.01,0.5,True,1,native
2807,1.0,33,0.01,0.5,True,1,native
2808,1.0,37,0.01,0.5,True,1,native
2809,0.0,24,0.01,0.5,True,1,native
2810,1.0,96,0.01,0.5,True,1,native
2811,1.0,45,0.01,0.5,True,1,native
2812,1.0,24,0.01,0.5,True,1,native
2813,1.0,24,0.01,0.5,True,1,native
2814,0.0,23,0.01,0.5,True,1,native
2815,0.0,10,0.01,0.5,True,1,native
2816,1.0,79,0.01,0.5,True,1,native
2817,0.0,24,0.01,0.5,True,1,native
2818,0.0,66,0.01,0.5,True,1,native
2819,0.0,25,0.01,0.5,True,1,native
2820,1.0,28,0.01,0.5,True,1,native
2821,1.0,23,0.01,0.5,True,1,native
2822,1.0,63,0.01,0.5,True,1,native
2823,0.0,33,0.01,0.5,True,1,native
2824,1.0,30,0.01,0.5,True,1,native
2825,1.0,33,0.01,0.5,True,1,native
2826,0.0,50,0.01,0.5,True,1,native
2827,1.0,33,0.01,0.5,True,1,native
2828,1.0,42,0.01,0.5,True,1,native
2829,0.0,44,0.01,0.5,True,1,native
2830,0.0,43,0.01,0.5,True,1,native
2831,1.0,23,0.01,0.5,True,1,native
2832,0.0,25,0.01,0.5,True,1,native
2833,1.0,80,0.01,0.5,True,1,native
2834,1.0,22,0.01,0.5,True,1,native
2835,1.0,36,0.01,0.5,True,1,native
2836,0.0,29,0.01,0.5,True,1,native
2837,1.0,20,0.01,0.5,True,1,native
2838,1.0,17,0.01,0.5,True,1,native
2839,1.0,31,0.01,0.5,True,1,native
2840,0.0,44,0.01,0.5,True,1,native
2841,0.0,100,0.01,0.5,True,1,native
2842,1.0,36,0.01,0.5,True,1,native
2843,1.0,29,0.01,0.5,True,1,native
2844,1.0,24,0.01,0.5,True,1,native
2845,1.0,44,0.01,0.5,True,1,native
2846,1.0,52,0.01,0.5,True,1,native
2847,0.0,26,0.01,0.5,True,1,native
2848,1.0,40,0.01,0.5,True,1,native
2849,1.0,40,0.01,0.5,True,1,native
2850,0.0,70,0.01,0.5,True,1,native
2851,0.0,100,0.01,0.5,True,1,native
2852,1.0,25,0.01,0.5,True,1,native
2853,0.0,10,0.01,0.5,True,1,native
2854,1.0,27,0.01,0.5,True,1,native
2855,1.0,23,0.01,0.5,True,1,native
2856,0.0,31,0.01,0.5,True,1,native
2857,0.0,100,0.01,0.5,True,1,native
2858,1.0,39,0.01,0.5,True,1,native
2859,0.0,10,0.01,0.5,True,1,native
2860,1.0,50,0.01,0.5,True,1,native
2861,1.0,97,0.01,0.5,True,1,native
2862,0.0,23,0.01,0.5,True,1,native
2863,0.0,61,0.01,0.5,True,1,native
2864,0.0,7,0.01,0.5,True,1,native
2865,1.0,6,0.01,0.5,True,1,native
2866,0.0,79,0.01,0.5,True,1,native
2867,0.0,48,0.01,0.5,True,1,native
2868,0.0,4,0.01,0.5,True,1,native
2869,1.0,21,0.01,0.5,True,1,native
2870,1.0,15,0.01,0.5,True,1,native
2871,1.0,17,0.01,0.5,True,1,native
2872,1.0,51,0.01,0.5,True,1,native
2873,0.0,54,0.01,0.5,True,1,native
2874,0.0,40,0.01,0.5,True,1,native
2875,0.0,49,0.01,0.5,True,1,native
2876,0.0,34,0.01,0.5,True,1,native
2877,0.0,44,0.01,0.5,True,1,native
2878,0.0,47,0.01,0.5,True,1,native
2879,0.0,15,0.01,0.5,True,1,native
2880,0.0,48,0.01,0.5,True,1,native
2881,1.0,15,0.01,0.5,True,1,native
2882,0.0,100,0.01,0.5,True,1,native
2883,0.0,30,0.01,0.5,True,1,native
2884,1.0,41,0.01,0.5,True,1,native
2885,0.0,45,0.01,0.5,True,1,native
2886,0.0,40,0.01,0.5,True,1,native
2887,0.0,20,0.01,0.5,True,1,native
2888,0.0,76,0.01,0.5,True,1,native
2889,0.0,100,0.01,0.5,True,1,native
2890,1.0,27,0.01,0.5,True,1,native
2891,0.0,50,0.01,0.5,True,1,native
2892,0.0,73,0.01,0.5,True,1,native
2893,0.0,93,0.01,0.5,True,1,native
2894,0.0,43,0.01,0.5,True,1,native
2895,0.0,90,0.01,0.5,True,1,native
2896,0.0,39,0.01,0.5,True,1,native
2897,0.0,43,0.01,0.5,True,1,native
2898,0.0,4,0.01,0.5,True,1,native
2899,1.0,21,0.01,0.5,True,1,native
2900,1.0,57,0.01,0.5,True,1,native
2901,0.0,8,0.01,0.5,True,1,native
2902,0.0,98,0.01,0.5,True,1,native
2903,1.0,74,0.01,0.5,True,1,native
2904,1.0,24,0.01,0.5,True,1,native
2905,0.0,31,0.01,0.5,True,1,native
2906,0.0,23,0.01,0.5,True,1,native
2907,0.0,22,0.01,0.5,True,1,native
2908,1.0,13,0.01,0.5,True,1,native
2909,1.0,42,0.01,0.5,True,1,native
2910,1.0,23,0.01,0.5,True,1,native
2911,1.0,34,0.01,0.5,True,1,native
2912,0.0,92,0.01,0.5,True,1,native
2913,1.0,54,0.01,0.5,True,1,native
2914,1.0,32,0.01,0.5,True,1,native
2915,0.0,100,0.01,0.5,True,1,native
2916,1.0,19,0.01,0.5,True,1,native
2917,1.0,61,0.01,0.5,True,1,native
2918,0.0,36,0.01,0.5,True,1,native
2919,1.0,41,0.01,0.5,True,1,native
2920,0.0,18,0.01,0.5,True,1,native
2921,1.0,58,0.01,0.5,True,1,native
2922,1.0,19,0.01,0.5,True,1,native
2923,1.0,43,0.01,0.5,True,1,native
2924,1.0,29,0.01,0.5,True,1,native
2925,1.0,50,0.01,0.5,True,1,native
2926,1.0,9,0.01,0.5,True,1,native
2927,1.0,19,0.01,0.5,True,1,native
2928,0.0,63,0.01,0.5,True,1,native
2929,1.0,15,0.01,0.5,True,1,native
2930,1.0,68,0.01,0.5,True,1,native
2931,1.0,35,0.01,0.5,True,1,native
2932,0.0,100,0.01,0.5,True,1,native
2933,1.0,59,0.01,0.5,True,1,native
2934,1.0,39,0.01,0.5,True,1,native
2935,1.0,27,0.01,0.5,True,1,native
2936,0.0,22,0.01,0.5,True,1,native
2937,1.0,44,0.01,0.5,True,1,native
2938,1.0,30,0.01,0.5,True,1,native
2939,1.0,10,0.01,0.5,True,1,native
2940,1.0,34,0.01,0.5,True,1,native
2941,0.0,11,0.01,0.5,True,1,native
2942,0.0,100,0.01,0.5,True,1,native
2943,1.0,20,0.01,0.5,True,1,native
2944,1.0,23,0.01,0.5,True,1,native
2945,1.0,67,0.01,0.5,True,1,native
2946,0.0,100,0.01,0.5,True,1,native
2947,1.0,31,0.01,0.5,True,1,native
2948,1.0,9,0.01,0.5,True,1,native
2949,1.0,22,0.01,0.5,True,1,native
2950,1.0,94,0.01,0.5,True,1,native
2951,1.0,44,0.01,0.5,True,1,native
2952,1.0,26,0.01,0.5,True,1,native
2953,1.0,32,0.01,0.5,True,1,native
2954,0.0,40,0.01,0.5,True,1,native
2955,1.0,47,0.01,0.5,True,1,native
2956,1.0,72,0.01,0.5,True,1,native
2957,1.0,56,0.01,0.5,True,1,native
2958,1.0,46,0.01,0.5,True,1,native
2959,1.0,21,0.01,0.5,True,1,native
2960,1.0,45,0.01,0.5,True,1,native
2961,1.0,13,0.01,0.5,True,1,native
2962,0.0,10,0.01,0.5,True,1,native
2963,1.0,95,0.01,0.5,True,1,native
2964,1.0,24,0.01,0.5,True,1,native
2965,1.0,87,0.01,0.5,True,1,native
2966,1.0,89,0.01,0.5,True,1,native
2967,0.0,96,0.01,0.5,True,1,native
2968,0.0,87,0.01,0.5,True,1,native
2969,1.0,24,0.01,0.5,True,1,native
2970,1.0,49,0.01,0.5,True,1,native
2971,0.0,100,0.01,0.5,True,1,native
2972,1.0,82,0.01,0.5,True,1,native
2973,1.0,29,0.01,0.5,True,1,native
2974,0.0,30,0.01,0.5,True,1,native
2975,0.0,100,0.01,0.5,True,1,native
2976,0.0,31,0.01,0.5,True,1,native
2977,1.0,18,0.01,0.5,True,1,native
2978,1.0,9,0.01,0.5,True,1,native
2979,0.0,49,0.01,0.5,True,1,native
2980,1.0,23,0.01,0.5,True,1,native
2981,1.0,77,0.01,0.5,True,1,native
2982,0.0,32,0.01,0.5,True,1,native
2983,1.0,33,0.01,0.5,True,1,native
2984,1.0,25,0.01,0.5,True,1,native
2985,1.0,18,0.01,0.5,True,1,native
2986,1.0,94,0.01,0.5,True,1,native
2987,1.0,24,0.01,0.5,True,1,native
2988,1.0,27,0.01,0.5,True,1,native
2989,1.0,95,0.01,0.5,True,1,native
2990,1.0,56,0.01,0.5,True,1,native
2991,0.0,38,0.01,0.5,True,1,native
2992,0.0,55,0.01,0.5,True,1,native
2993,1.0,15,0.01,0.5,True,1,native
2994,1.0,25,0.01,0.5,True,1,native
2995,1.0,26,0.01,0.5,True,1,native
2996,0.0,58,0.01,0.5,True,1,native
2997,1.0,20,0.01,0.5,True,1,native
2998,0.0,100,0.01,0.5,True,1,native
2999,0.0,66,0.01,0.5,True,1,native
3000,1.0,24,0.01,0.5,True,1,native
3001,1.0,31,0.01,0.5,True,1,native
3002,1.0,15,0.01,0.5,True,1,native
3003,1.0,37,0.01,0.5,True,1,native
3004,1.0,52,0.01,0.5,True,1,native
3005,1.0,29,0.01,0.5,True,1,native
3006,1.0,21,0.01,0.5,True,1,native
3007,1.0,28,0.01,0.5,True,1,native
3008,1.0,18,0.01,0.5,True,1,native
3009,1.0,89,0.01,0.5,True,1,native
3010,0.0,15,0.01,0.5,True,1,native
3011,1.0,91,0.01,0.5,True,1,native
3012,1.0,21,0.01,0.5,True,1,native
3013,0.0,19,0.01,0.5,True,1,native
3014,1.0,11,0.01,0.5,True,1,native
3015,1.0,22,0.01,0.5,True,1,native
3016,1.0,48,0.01,0.5,True,1,native
3017,0.0,100,0.01,0.5,True,1,native
3018,1.0,34,0.01,0.5,True,1,native
3019,1.0,25,0.01,0.5,True,1,native
3020,1.0,22,0.01,0.5,True,1,native
3021,0.0,100,0.01,0.5,True,1,native
3022,1.0,71,0.01,0.5,True,1,native
3023,0.0,12,0.01,0.5,True,1,native
3024,1.0,16,0.01,0.5,True,1,native
3025,1.0,16,0.01,0.5,True,1,native
3026,1.0,81,0.01,0.5,True,1,native
3027,1.0,6,0.01,0.5,True,1,native
3028,0.0,100,0.01,0.5,True,1,native
3029,0.0,100,0.01,0.5,True,1,native
3030,0.0,50,0.01,0.5,True,1,native
3031,0.0,47,0.01,0.5,True,1,native
3032,0.0,100,0.01,0.5,True,1,native
3033,1.0,49,0.01,0.5,True,1,native
3034,1.0,27,0.01,0.5,True,1,native
3035,0.0,100,0.01,0.5,True,1,native
3036,0.0,30,0.01,0.5,True,1,native
3037,1.0,14,0.01,0.5,True,1,native
3038,1.0,47,0.01,0.5,True,1,native
3039,1.0,32,0.01,0.5,True,1,native
3040,1.0,35,0.01,0.5,True,1,native
3041,1.0,35,0.01,0.5,True,1,native
3042,0.0,64,0.01,0.5,True,1,native
3043,0.0,32,0.01,0.5,True,1,native
3044,0.0,31,0.01,0.5,True,1,native
3045,0.0,41,0.01,0.5,True,1,native
3046,1.0,50,0.01,0.5,True,1,native
3047,0.0,31,0.01,0.5,True,1,native
3048,0.0,16,0.01,0.5,True,1,native
3049,1.0,86,0.01,0.5,True,1,native
3050,0.0,8,0.01,0.5,True,1,native
3051,0.0,100,0.01,0.5,True,1,native
3052,0.0,46,0.01,0.5,True,1,native
3053,0.0,5,0.01,0.5,True,1,native
3054,0.0,97,0.01,0.5,True,1,native
3055,0.0,62,0.01,0.5,True,1,native
3056,0.0,27,0.01,0.5,True,1,native
3057,0.0,13,0.01,0.5,True,1,native
3058,0.0,13,0.01,0.5,True,1,native
3059,0.0,6,0.01,0.5,True,1,native
3060,0.0,68,0.01,0.5,True,1,native
3061,0.0,21,0.01,0.5,True,1,native
3062,1.0,12,0.01,0.5,True,1,native
3063,1.0,73,0.01,0.5,True,1,native
3064,0.0,57,0.01,0.5,True,1,native
3065,0.0,39,0.01,0.5,True,1,native
3066,1.0,33,0.01,0.5,True,1,native
3067,0.0,79,0.01,0.5,True,1,native
3068,0.0,83,0.01,0.5,True,1,native
3069,0.0,100,0.01,0.5,True,1,native
3070,0.0,24,0.01,0.5,True,1,native
3071,0.0,100,0.01,0.5,True,1,native
3072,1.0,36,0.01,0.5,True,1,native
3073,0.0,16,0.01,0.5,True,1,native
3074,0.0,44,0.01,0.5,True,1,native
3075,1.0,89,0.01,0.5,True,1,native
3076,0.0,4,0.01,0.5,True,1,native
3077,0.0,49,0.01,0.5,True,1,native
3078,1.0,58,0.01,0.5,True,1,native
3079,0.0,100,0.01,0.5,True,1,native
3080,1.0,35,0.01,0.5,True,1,native
3081,0.0,23,0.01,0.5,True,1,native
3082,1.0,16,0.01,0.5,True,1,native
3083,1.0,27,0.01,0.5,True,1,native
3084,0.0,100,0.01,0.5,True,1,native
3085,1.0,77,0.01,0.5,True,1,native
3086,1.0,18,0.01,0.5,True,1,native
3087,1.0,55,0.01,0.5,True,1,native
3088,0.0,42,0.01,0.5,True,1,native
3089,1.0,9,0.01,0.5,True,1,native
3090,0.0,16,0.01,0.5,True,1,native
3091,0.0,100,0.01,0.5,True,1,native
3092,1.0,44,0.01,0.5,True,1,native
3093,0.0,48,0.01,0.5,True,1,native
3094,1.0,55,0.01,0.5,True,1,native
3095,0.0,24,0.01,0.5,True,1,native
3096,0.0,39,0.01,0.5,True,1,native
3097,1.0,10,0.01,0.5,True,1,native
3098,1.0,24,0.01,0.5,True,1,native
3099,1.0,12,0.01,0.5,True,1,native
3100,1.0,30,0.01,0.5,True,1,native
3101,1.0,33,0.01,0.5,True,1,native
3102,1.0,72,0.01,0.5,True,1,native
3103,1.0,42,0.01,0.5,True,1,native
3104,1.0,12,0.01,0.5,True,1,native
3105,0.0,85,0.01,0.5,True,1,native
3106,0.0,26,0.01,0.5,True,1,native
3107,1.0,52,0.01,0.5,True,1,native
3108,0.0,9,0.01,0.5,True,1,native
3109,1.0,43,0.01,0.5,True,1,native
3110,1.0,25,0.01,0.5,True,1,native
3111,1.0,75,0.01,0.5,True,1,native
3112,1.0,12,0.01,0.5,True,1,native
3113,1.0,53,0.01,0.5,True,1,native
3114,1.0,42,0.01,0.5,True,1,native
3115,1.0,73,0.01,0.5,True,1,native
3116,1.0,9,0.01,0.5,True,1,native
3117,0.0,100,0.01,0.5,True,1,native
3118,1.0,40,0.01,0.5,True,1,native
3119,1.0,54,0.01,0.5,True,1,native
3120,1.0,26,0.01,0.5,True,1,native
3121,1.0,27,0.01,0.5,True,1,native
3122,1.0,50,0.01,0.5,True,1,native
3123,0.0,10,0.01,0.5,True,1,native
3124,1.0,14,0.01,0.5,True,1,native
3125,1.0,48,0.01,0.5,True,1,native
3126,1.0,45,0.01,0.5,True,1,native
3127,1.0,20,0.01,0.5,True,1,native
3128,1.0,50,0.01,0.5,True,1,native
3129,0.0,64,0.01,0.5,True,1,native
3130,1.0,68,0.01,0.5,True,1,native
3131,1.0,29,0.01,0.5,True,1,native
3132,1.0,94,0.01,0.5,True,1,native
3133,1.0,25,0.01,0.5,True,1,native
3134,1.0,62,0.01,0.5,True,1,native
3135,0.0,18,0.01,0.5,True,1,native
3136,1.0,54,0.01,0.5,True,1,native
3137,1.0,30,0.01,0.5,True,1,native
3138,0.0,11,0.01,0.5,True,1,native
3139,0.0,56,0.01,0.5,True,1,native
3140,1.0,16,0.01,0.5,True,1,native
3141,1.0,42,0.01,0.5,True,1,native
3142,0.0,58,0.01,0.5,True,1,native
3143,1.0,57,0.01,0.5,True,1,native
3144,1.0,44,0.01,0.5,True,1,native
3145,1.0,27,0.01,0.5,True,1,native
3146,0.0,79,0.01,0.5,True,1,native
3147,0.0,16,0.01,0.5,True,1,native
3148,0.0,18,0.01,0.5,True,1,native
3149,0.0,79,0.01,0.5,True,1,native
3150,0.0,28,0.01,0.5,True,1,native
3151,1.0,26,0.01,0.5,True,1,native
3152,1.0,55,0.01,0.5,True,1,native
3153,0.0,28,0.01,0.5,True,1,native
3154,1.0,64,0.01,0.5,True,1,native
3155,0.0,100,0.01,0.5,True,1,native
3156,1.0,76,0.01,0.5,True,1,native
3157,0.0,55,0.01,0.5,True,1,native
3158,0.0,41,0.01,0.5,True,1,native
3159,0.0,14,0.01,0.5,True,1,native
3160,1.0,7,0.01,0.5,True,1,native
3161,1.0,24,0.01,0.5,True,1,native
3162,1.0,80,0.01,0.5,True,1,native
3163,1.0,17,0.01,0.5,True,1,native
3164,1.0,23,0.01,0.5,True,1,native
3165,0.0,14,0.01,0.5,True,1,native
3166,1.0,13,0.01,0.5,True,1,native
3167,1.0,19,0.01,0.5,True,1,native
3168,1.0,15,0.01,0.5,True,1,native
3169,0.0,100,0.01,0.5,True,1,native
3170,1.0,25,0.01,0.5,True,1,native
3171,1.0,48,0.01,0.5,True,1,native
3172,1.0,6,0.01,0.5,True,1,native
3173,0.0,100,0.01,0.5,True,1,native
3174,0.0,72,0.01,0.5,True,1,native
3175,1.0,81,0.01,0.5,True,1,native
3176,0.0,66,0.01,0.5,True,1,native
3177,1.0,12,0.01,0.5,True,1,native
3178,0.0,37,0.01,0.5,True,1,native
3179,1.0,41,0.01,0.5,True,1,native
3180,1.0,36,0.01,0.5,True,1,native
3181,1.0,24,0.01,0.5,True,1,native
3182,1.0,82,0.01,0.5,True,1,native
3183,1.0,12,0.01,0.5,True,1,native
3184,1.0,45,0.01,0.5,True,1,native
3185,1.0,27,0.01,0.5,True,1,native
3186,1.0,14,0.01,0.5,True,1,native
3187,1.0,12,0.01,0.5,True,1,native
3188,1.0,58,0.01,0.5,True,1,native
3189,0.0,2,0.01,0.5,True,1,native
3190,1.0,14,0.01,0.5,True,1,native
3191,1.0,43,0.01,0.5,True,1,native
3192,0.0,100,0.01,0.5,True,1,native
3193,0.0,60,0.01,0.5,True,1,native
3194,1.0,18,0.01,0.5,True,1,native
3195,0.0,100,0.01,0.5,True,1,native
3196,1.0,43,0.01,0.5,True,1,native
3197,0.0,100,0.01,0.5,True,1,native
3198,0.0,11,0.01,0.5,True,1,native
3199,1.0,96,0.01,0.5,True,1,native
3200,1.0,30,0.01,0.5,True,1,native
3201,1.0,10,0.01,0.5,True,1,native
3202,1.0,76,0.01,0.5,True,1,native
3203,0.0,72,0.01,0.5,True,1,native
3204,1.0,17,0.01,0.5,True,1,native
3205,1.0,46,0.01,0.5,True,1,native
3206,1.0,96,0.01,0.5,True,1,native
3207,1.0,27,0.01,0.5,True,1,native
3208,0.0,89,0.01,0.5,True,1,native
3209,0.0,18,0.01,0.5,True,1,native
3210,1.0,49,0.01,0.5,True,1,native
3211,1.0,35,0.01,0.5,True,1,native
3212,1.0,62,0.01,0.5,True,1,native
3213,1.0,47,0.01,0.5,True,1,native
3214,1.0,30,0.01,0.5,True,1,native
3215,1.0,9,0.01,0.5,True,1,native
3216,1.0,24,0.01,0.5,True,1,native
3217,1.0,37,0.01,0.5,True,1,native
3218,0.0,98,0.01,0.5,True,1,native
3219,0.0,7,0.01,0.5,True,1,native
3220,1.0,22,0.01,0.5,True,1,native
3221,1.0,51,0.01,0.5,True,1,native
3222,1.0,31,0.01,0.5,True,1,native
3223,1.0,12,0.01,0.5,True,1,native
3224,1.0,47,0.01,0.5,True,1,native
3225,1.0,15,0.01,0.5,True,1,native
3226,0.0,100,0.01,0.5,True,1,native
3227,1.0,12,0.01,0.5,True,1,native
3228,0.0,49,0.01,0.5,True,1,native
3229,1.0,41,0.01,0.5,True,1,native
3230,1.0,35,0.01,0.5,True,1,native
3231,1.0,76,0.01,0.5,True,1,native
3232,1.0,26,0.01,0.5,True,1,native
3233,1.0,12,0.01,0.5,True,1,native
3234,1.0,34,0.01,0.5,True,1,native
3235,1.0,50,0.01,0.5,True,1,native
3236,0.0,14,0.01,0.5,True,1,native
3237,0.0,10,0.01,0.5,True,1,native
3238,0.0,100,0.01,0.5,True,1,native
3239,0.0,100,0.01,0.5,True,1,native
3240,0.0,2,0.01,0.5,True,1,native
3241,1.0,15,0.01,0.5,True,1,native
3242,0.0,27,0.01,0.5,True,1,native
3243,0.0,100,0.01,0.5,True,1,native
3244,1.0,12,0.01,0.5,True,1,native
3245,0.0,100,0.01,0.5,True,1,native
3246,1.0,36,0.01,0.5,True,1,native
3247,1.0,9,0.01,0.5,True,1,native
3248,1.0,63,0.01,0.5,True,1,native
3249,1.0,65,0.01,0.5,True,1,native
3250,1.0,99,0.01,0.5,True,1,native
3251,1.0,12,0.01,0.5,True,1,native
3252,1.0,8,0.01,0.5,True,1,native
3253,0.0,13,0.01,0.5,True,1,native
3254,1.0,67,0.01,0.5,True,1,native
3255,0.0,18,0.01,0.5,True,1,native
3256,1.0,33,0.01,0.5,True,1,native
3257,1.0,28,0.01,0.5,True,1,native
3258,1.0,24,0.01,0.5,True,1,native
3259,1.0,7,0.01,0.5,True,1,native
3260,1.0,14,0.01,0.5,True,1,native
3261,0.0,73,0.01,0.5,True,1,native
3262,0.0,100,0.01,0.5,True,1,native
3263,1.0,96,0.01,0.5,True,1,native
3264,1.0,8,0.01,0.5,True,1,native
3265,0.0,42,0.01,0.5,True,1,native
3266,0.0,35,0.01,0.5,True,1,native
3267,0.0,12,0.01,0.5,True,1,native
3268,1.0,19,0.01,0.5,True,1,native
3269,0.0,92,0.01,0.5,True,1,native
3270,1.0,98,0.01,0.5,True,1,native
3271,1.0,46,0.01,0.5,True,1,native
3272,1.0,74,0.01,0.5,True,1,native
3273,1.0,48,0.01,0.5,True,1,native
3274,1.0,13,0.01,0.5,True,1,native
3275,1.0,21,0.01,0.5,True,1,native
3276,1.0,54,0.01,0.5,True,1,native
3277,0.0,22,0.01,0.5,True,1,native
3278,1.0,32,0.01,0.5,True,1,native
3279,1.0,27,0.01,0.5,True,1,native
3280,1.0,23,0.01,0.5,True,1,native
3281,1.0,8,0.01,0.5,True,1,native
3282,0.0,21,0.01,0.5,True,1,native
3283,0.0,100,0.01,0.5,True,1,native
3284,1.0,52,0.01,0.5,True,1,native
3285,0.0,28,0.01,0.5,True,1,native
3286,1.0,26,0.01,0.5,True,1,native
3287,1.0,98,0.01,0.5,True,1,native
3288,1.0,80,0.01,0.5,True,1,native
3289,1.0,47,0.01,0.5,True,1,native
3290,0.0,12,0.01,0.5,True,1,native
3291,1.0,15,0.01,0.5,True,1,native
3292,1.0,7,0.01,0.5,True,1,native
3293,1.0,17,0.01,0.5,True,1,native
3294,1.0,86,0.01,0.5,True,1,native
3295,0.0,100,0.01,0.5,True,1,native
3296,0.0,11,0.01,0.5,True,1,native
3297,0.0,33,0.01,0.5,True,1,native
3298,0.0,30,0.01,0.5,True,1,native
3299,0.0,100,0.01,0.5,True,1,native
3300,1.0,33,0.01,0.5,True,1,native
3301,1.0,52,0.01,0.5,True,1,native
3302,1.0,23,0.01,0.5,True,1,native
3303,1.0,33,0.01,0.5,True,1,native
3304,1.0,15,0.01,0.5,True,1,native
3305,0.0,72,0.01,0.5,True,1,native
3306,0.0,14,0.01,0.5,True,1,native
3307,0.0,11,0.01,0.5,True,1,native
3308,0.0,87,0.01,0.5,True,1,native
3309,0.0,21,0.01,0.5,True,1,native
3310,0.0,19,0.01,0.5,True,1,native
3311,1.0,19,0.01,0.5,True,1,native
3312,0.0,27,0.01,0.5,True,1,native
3313,0.0,100,0.01,0.5,True,1,native
3314,0.0,70,0.01,0.5,True,1,native
3315,0.0,34,0.01,0.5,True,1,native
3316,0.0,100,0.01,0.5,True,1,native
3317,0.0,63,0.01,0.5,True,1,native
3318,1.0,26,0.01,0.5,True,1,native
3319,1.0,52,0.01,0.5,True,1,native
3320,1.0,86,0.01,0.5,True,1,native
3321,0.0,44,0.01,0.5,True,1,native
3322,0.0,22,0.01,0.5,True,1,native
3323,1.0,20,0.01,0.5,True,1,native
3324,1.0,36,0.01,0.5,True,1,native
3325,1.0,69,0.01,0.5,True,1,native
3326,1.0,21,0.01,0.5,True,1,native
3327,1.0,35,0.01,0.5,True,1,native
3328,0.0,100,0.01,0.5,True,1,native
3329,1.0,30,0.01,0.5,True,1,native
3330,1.0,16,0.01,0.5,True,1,native
3331,0.0,5,0.01,0.5,True,1,native
3332,1.0,26,0.01,0.5,True,1,native
3333,1.0,37,0.01,0.5,True,1,native
3334,1.0,17,0.01,0.5,True,1,native
3335,0.0,33,0.01,0.5,True,1,native
3336,1.0,46,0.01,0.5,True,1,native
3337,1.0,27,0.01,0.5,True,1,native
3338,1.0,19,0.01,0.5,True,1,native
3339,0.0,24,0.01,0.5,True,1,native
3340,1.0,40,0.01,0.5,True,1,native
3341,0.0,45,0.01,0.5,True,1,native
3342,1.0,31,0.01,0.5,True,1,native
3343,0.0,26,0.01,0.5,True,1,native
3344,0.0,14,0.01,0.5,True,1,native
3345,1.0,17,0.01,0.5,True,1,native
3346,1.0,11,0.01,0.5,True,1,native
3347,0.0,45,0.01,0.5,True,1,native
3348,1.0,95,0.01,0.5,True,1,native
3349,0.0,27,0.01,0.5,True,1,native
3350,0.0,14,0.01,0.5,True,1,native
3351,0.0,19,0.01,0.5,True,1,native
3352,0.0,12,0.01,0.5,True,1,native
3353,0.0,37,0.01,0.5,True,1,native
3354,1.0,23,0.01,0.5,True,1,native
3355,0.0,20,0.01,0.5,True,1,native
3356,0.0,100,0.01,0.5,True,1,native
3357,0.0,100,0.01,0.5,True,1,native
3358,0.0,50,0.01,0.5,True,1,native
3359,1.0,44,0.01,0.5,True,1,native
3360,1.0,11,0.01,0.5,True,1,native
3361,1.0,36,0.01,0.5,True,1,native
3362,1.0,21,0.01,0.5,True,1,native
3363,0.0,13,0.01,0.5,True,1,native
3364,1.0,11,0.01,0.5,True,1,native
3365,1.0,53,0.01,0.5,True,1,native
3366,1.0,43,0.01,0.5,True,1,native
3367,0.0,11,0.01,0.5,True,1,native
3368,0.0,14,0.01,0.5,True,1,native
3369,1.0,34,0.01,0.5,True,1,native
3370,1.0,18,0.01,0.5,True,1,native
3371,0.0,12,0.01,0.5,True,1,native
3372,1.0,19,0.01,0.5,True,1,native
3373,1.0,52,0.01,0.5,True,1,native
3374,0.0,15,0.01,0.5,True,1,native
3375,1.0,19,0.01,0.5,True,1,native
3376,1.0,9,0.01,0.5,True,1,native
3377,0.0,10,0.01,0.5,True,1,native
3378,1.0,31,0.01,0.5,True,1,native
3379,1.0,24,0.01,0.5,True,1,native
3380,0.0,42,0.01,0.5,True,1,native
3381,1.0,69,0.01,0.5,True,1,native
3382,1.0,31,0.01,0.5,True,1,native
3383,1.0,16,0.01,0.5,True,1,native
3384,0.0,16,0.01,0.5,True,1,native
3385,0.0,100,0.01,0.5,True,1,native
3386,1.0,25,0.01,0.5,True,1,native
3387,0.0,7,0.01,0.5,True,1,native
3388,0.0,100,0.01,0.5,True,1,native
3389,0.0,29,0.01,0.5,True,1,native
3390,0.0,40,0.01,0.5,True,1,native
3391,1.0,65,0.01,0.5,True,1,native
3392,0.0,68,0.01,0.5,True,1,native
3393,0.0,100,0.01,0.5,True,1,native
3394,1.0,9,0.01,0.5,True,1,native
3395,1.0,10,0.01,0.5,True,1,native
3396,1.0,16,0.01,0.5,True,1,native
3397,1.0,17,0.01,0.5,True,1,native
3398,0.0,13,0.01,0.5,True,1,native
3399,1.0,15,0.01,0.5,True,1,native
3400,0.0,12,0.01,0.5,True,1,native
3401,1.0,86,0.01,0.5,True,1,native
3402,0.0,37,0.01,0.5,True,1,native
3403,0.0,100,0.01,0.5,True,1,native
3404,1.0,68,0.01,0.5,True,1,native
3405,1.0,26,0.01,0.5,True,1,native
3406,1.0,61,0.01,0.5,True,1,native
3407,1.0,62,0.01,0.5,True,1,native
3408,1.0,13,0.01,0.5,True,1,native
3409,1.0,28,0.01,0.5,True,1,native
3410,1.0,15,0.01,0.5,True,1,native
3411,1.0,31,0.01,0.5,True,1,native
3412,0.0,8,0.01,0.5,True,1,native
3413,1.0,20,0.01,0.5,True,1,native
3414,1.0,14,0.01,0.5,True,1,native
3415,1.0,15,0.01,0.5,True,1,native
3416,1.0,16,0.01,0.5,True,1,native
3417,1.0,19,0.01,0.5,True,1,native
3418,1.0,23,0.01,0.5,True,1,native
3419,1.0,50,0.01,0.5,True,1,native
3420,0.0,36,0.01,0.5,True,1,native
3421,1.0,73,0.01,0.5,True,1,native
3422,1.0,18,0.01,0.5,True,1,native
3423,1.0,31,0.01,0.5,True,1,native
3424,0.0,29,0.01,0.5,True,1,native
3425,0.0,100,0.01,0.5,True,1,native
3426,0.0,10,0.01,0.5,True,1,native
3427,0.0,36,0.01,0.5,True,1,native
3428,1.0,59,0.01,0.5,True,1,native
3429,0.0,16,0.01,0.5,True,1,native
3430,1.0,19,0.01,0.5,True,1,native
3431,1.0,65,0.01,0.5,True,1,native
3432,1.0,32,0.01,0.5,True,1,native
3433,1.0,22,0.01,0.5,True,1,native
3434,0.0,19,0.01,0.5,True,1,native
3435,1.0,32,0.01,0.5,True,1,native
3436,0.0,15,0.01,0.5,True,1,native
3437,1.0,48,0.01,0.5,True,1,native
3438,1.0,24,0.01,0.5,True,1,native
3439,1.0,39,0.01,0.5,True,1,native
3440,0.0,100,0.01,0.5,True,1,native
3441,1.0,41,0.01,0.5,True,1,native
3442,0.0,100,0.01,0.5,True,1,native
3443,0.0,6,0.01,0.5,True,1,native
3444,1.0,24,0.01,0.5,True,1,native
3445,0.0,100,0.01,0.5,True,1,native
3446,1.0,29,0.01,0.5,True,1,native
3447,1.0,14,0.01,0.5,True,1,native
3448,1.0,23,0.01,0.5,True,1,native
3449,0.0,36,0.01,0.5,True,1,native
3450,1.0,12,0.01,0.5,True,1,native
3451,1.0,21,0.01,0.5,True,1,native
3452,0.0,8,0.01,0.5,True,1,native
3453,0.0,73,0.01,0.5,True,1,native
3454,1.0,81,0.01,0.5,True,1,native
3455,0.0,19,0.01,0.5,True,1,native
3456,1.0,47,0.01,0.5,True,1,native
3457,1.0,43,0.01,0.5,True,1,native
3458,0.0,100,0.01,0.5,True,1,native
3459,1.0,6,0.01,0.5,True,1,native
3460,0.0,100,0.01,0.5,True,1,native
3461,0.0,33,0.01,0.5,True,1,native
3462,1.0,24,0.01,0.5,True,1,native
3463,1.0,16,0.01,0.5,True,1,native
3464,1.0,77,0.01,0.5,True,1,native
3465,1.0,68,0.01,0.5,True,1,native
3466,1.0,79,0.01,0.5,True,1,native
3467,1.0,31,0.01,0.5,True,1,native
3468,1.0,21,0.01,0.5,True,1,native
3469,1.0,39,0.01,0.5,True,1,native
3470,1.0,23,0.01,0.5,True,1,native
3471,1.0,20,0.01,0.5,True,1,native
3472,1.0,28,0.01,0.5,True,1,native
3473,1.0,38,0.01,0.5,True,1,native
3474,1.0,52,0.01,0.5,True,1,native
3475,1.0,7,0.01,0.5,True,1,native
3476,0.0,13,0.01,0.5,True,1,native
3477,0.0,100,0.01,0.5,True,1,native
3478,0.0,37,0.01,0.5,True,1,native
3479,1.0,18,0.01,0.5,True,1,native
3480,0.0,100,0.01,0.5,True,1,native
3481,0.0,100,0.01,0.5,True,1,native
3482,0.0,100,0.01,0.5,True,1,native
3483,0.0,100,0.01,0.5,True,1,native
3484,0.0,74,0.01,0.5,True,1,native
3485,0.0,12,0.01,0.5,True,1,native
3486,1.0,98,0.01,0.5,True,1,native
3487,1.0,15,0.01,0.5,True,1,native
3488,0.0,100,0.01,0.5,True,1,native
3489,0.0,10,0.01,0.5,True,1,native
3490,0.0,100,0.01,0.5,True,1,native
3491,0.0,25,0.01,0.5,True,1,native
3492,0.0,16,0.01,0.5,True,1,native
3493,1.0,41,0.01,0.5,True,1,native
3494,1.0,78,0.01,0.5,True,1,native
3495,1.0,17,0.01,0.5,True,1,native
3496,0.0,100,0.01,0.5,True,1,native
3497,0.0,34,0.01,0.5,True,1,native
3498,0.0,41,0.01,0.5,True,1,native
3499,0.0,100,0.01,0.5,True,1,native
3500,0.0,100,0.01,0.5,True,1,native
3501,0.0,100,0.01,0.5,True,1,native
3502,0.0,27,0.01,0.5,True,1,native
3503,1.0,25,0.01,0.5,True,1,native
3504,1.0,16,0.01,0.5,True,1,native
3505,0.0,72,0.01,0.5,True,1,native
3506,0.0,100,0.01,0.5,True,1,native
3507,0.0,100,0.01,0.5,True,1,native
3508,0.0,100,0.01,0.5,True,1,native
3509,0.0,82,0.01,0.5,True,1,native
3510,1.0,55,0.01,0.5,True,1,native
3511,1.0,27,0.01,0.5,True,1,native
3512,1.0,33,0.01,0.5,True,1,native
3513,1.0,14,0.01,0.5,True,1,native
3514,0.0,12,0.01,0.5,True,1,native
3515,0.0,100,0.01,0.5,True,1,native
3516,0.0,58,0.01,0.5,True,1,native
3517,1.0,39,0.01,0.5,True,1,native
3518,1.0,55,0.01,0.5,True,1,native
3519,0.0,100,0.01,0.5,True,1,native
3520,0.0,100,0.01,0.5,True,1,native
3521,0.0,43,0.01,0.5,True,1,native
3522,0.0,42,0.01,0.5,True,1,native
3523,0.0,64,0.01,0.5,True,1,native
3524,0.0,81,0.01,0.5,True,1,native
3525,0.0,14,0.01,0.5,True,1,native
3526,0.0,100,0.01,0.5,True,1,native
3527,0.0,100,0.01,0.5,True,1,native
3528,0.0,10,0.01,0.5,True,1,native
3529,0.0,3,0.01,0.5,True,1,native
3530,0.0,100,0.01,0.5,True,1,native
3531,0.0,72,0.01,0.5,True,1,native
3532,1.0,21,0.01,0.5,True,1,native
3533,0.0,38,0.01,0.5,True,1,native
3534,0.0,35,0.01,0.5,True,1,native
3535,1.0,16,0.01,0.5,True,1,native
3536,1.0,48,0.01,0.5,True,1,native
3537,1.0,29,0.01,0.5,True,1,native
3538,1.0,42,0.01,0.5,True,1,native
3539,1.0,32,0.01,0.5,True,1,native
3540,0.0,51,0.01,0.5,True,1,native
3541,0.0,75,0.01,0.5,True,1,native
3542,0.0,39,0.01,0.5,True,1,native
3543,1.0,40,0.01,0.5,True,1,native
3544,1.0,14,0.01,0.5,True,1,native
3545,1.0,19,0.01,0.5,True,1,native
3546,1.0,74,0.01,0.5,True,1,native
3547,0.0,27,0.01,0.5,True,1,native
3548,0.0,38,0.01,0.5,True,1,native
3549,1.0,37,0.01,0.5,True,1,native
3550,1.0,100,0.01,0.5,True,1,native
3551,1.0,9,0.01,0.5,True,1,native
3552,1.0,41,0.01,0.5,True,1,native
3553,1.0,38,0.01,0.5,True,1,native
3554,1.0,47,0.01,0.5,True,1,native
3555,1.0,63,0.01,0.5,True,1,native
3556,0.0,46,0.01,0.5,True,1,native
3557,1.0,25,0.01,0.5,True,1,native
3558,1.0,35,0.01,0.5,True,1,native
3559,1.0,18,0.01,0.5,True,1,native
3560,0.0,75,0.01,0.5,True,1,native
3561,0.0,33,0.01,0.5,True,1,native
3562,0.0,15,0.01,0.5,True,1,native
3563,0.0,61,0.01,0.5,True,1,native
3564,0.0,31,0.01,0.5,True,1,native
3565,0.0,70,0.01,0.5,True,1,native
3566,0.0,100,0.01,0.5,True,1,native
3567,0.0,58,0.01,0.5,True,1,native
3568,1.0,20,0.01,0.5,True,1,native
3569,0.0,20,0.01,0.5,True,1,native
3570,0.0,100,0.01,0.5,True,1,native
3571,1.0,21,0.01,0.5,True,1,native
3572,1.0,65,0.01,0.5,True,1,native
3573,0.0,100,0.01,0.5,True,1,native
3574,1.0,42,0.01,0.5,True,1,native
3575,1.0,40,0.01,0.5,True,1,native
3576,0.0,100,0.01,0.5,True,1,native
3577,0.0,14,0.01,0.5,True,1,native
3578,1.0,53,0.01,0.5,True,1,native
3579,1.0,58,0.01,0.5,True,1,native
3580,1.0,30,0.01,0.5,True,1,native
3581,0.0,38,0.01,0.5,True,1,native
3582,0.0,43,0.01,0.5,True,1,native
3583,0.0,16,0.01,0.5,True,1,native
3584,1.0,7,0.01,0.5,True,1,native
3585,0.0,100,0.01,0.5,True,1,native
3586,0.0,19,0.01,0.5,True,1,native
3587,0.0,6,0.01,0.5,True,1,native
3588,1.0,7,0.01,0.5,True,1,native
3589,1.0,47,0.01,0.5,True,1,native
3590,0.0,28,0.01,0.5,True,1,native
3591,0.0,100,0.01,0.5,True,1,native
3592,1.0,10,0.01,0.5,True,1,native
3593,1.0,70,0.01,0.5,True,1,native
3594,0.0,7,0.01,0.5,True,1,native
3595,1.0,28,0.01,0.5,True,1,native
3596,0.0,17,0.01,0.5,True,1,native
3597,1.0,58,0.01,0.5,True,1,native
3598,1.0,62,0.01,0.5,True,1,native
3599,1.0,55,0.01,0.5,True,1,native
3600,1.0,27,0.01,0.5,True,1,native
3601,1.0,65,0.01,0.5,True,1,native
3602,1.0,24,0.01,0.5,True,1,native
3603,1.0,10,0.01,0.5,True,1,native
3604,0.0,100,0.01,0.5,True,1,native
3605,0.0,7,0.01,0.5,True,1,native
3606,0.0,56,0.01,0.5,True,1,native
3607,1.0,24,0.01,0.5,True,1,native
3608,0.0,100,0.01,0.5,True,1,native
3609,1.0,82,0.01,0.5,True,1,native
3610,0.0,77,0.01,0.5,True,1,native
3611,1.0,19,0.01,0.5,True,1,native
3612,1.0,14,0.01,0.5,True,1,native
3613,0.0,34,0.01,0.5,True,1,native
3614,1.0,38,0.01,0.5,True,1,native
3615,1.0,9,0.01,0.5,True,1,native
3616,1.0,55,0.01,0.5,True,1,native
3617,1.0,20,0.01,0.5,True,1,native
3618,1.0,15,0.01,0.5,True,1,native
3619,0.0,26,0.01,0.5,True,1,native
3620,1.0,21,0.01,0.5,True,1,native
3621,1.0,84,0.01,0.5,True,1,native
3622,0.0,25,0.01,0.5,True,1,native
3623,1.0,53,0.01,0.5,True,1,native
3624,1.0,85,0.01,0.5,True,1,native
3625,1.0,29,0.01,0.5,True,1,native
3626,1.0,18,0.01,0.5,True,1,native
3627,1.0,13,0.01,0.5,True,1,native
3628,0.0,79,0.01,0.5,True,1,native
3629,1.0,85,0.01,0.5,True,1,native
3630,0.0,25,0.01,0.5,True,1,native
3631,1.0,61,0.01,0.5,True,1,native
3632,1.0,18,0.01,0.5,True,1,native
3633,0.0,14,0.01,0.5,True,1,native
3634,0.0,60,0.01,0.5,True,1,native
3635,1.0,96,0.01,0.5,True,1,native
3636,0.0,11,0.01,0.5,True,1,native
3637,1.0,22,0.01,0.5,True,1,native
3638,0.0,85,0.01,0.5,True,1,native
3639,0.0,37,0.01,0.5,True,1,native
3640,1.0,11,0.01,0.5,True,1,native
3641,0.0,60,0.01,0.5,True,1,native
3642,1.0,95,0.01,0.5,True,1,native
3643,1.0,10,0.01,0.5,True,1,native
3644,1.0,43,0.01,0.5,True,1,native
3645,0.0,54,0.01,0.5,True,1,native
3646,1.0,33,0.01,0.5,True,1,native
3647,1.0,55,0.01,0.5,True,1,native
3648,1.0,27,0.01,0.5,True,1,native
3649,1.0,12,0.01,0.5,True,1,native
3650,1.0,47,0.01,0.5,True,1,native
3651,0.0,14,0.01,0.5,True,1,native
3652,1.0,20,0.01,0.5,True,1,native
3653,1.0,76,0.01,0.5,True,1,native
3654,0.0,100,0.01,0.5,True,1,native
3655,0.0,17,0.01,0.5,True,1,native
3656,1.0,13,0.01,0.5,True,1,native
3657,0.0,86,0.01,0.5,True,1,native
3658,1.0,17,0.01,0.5,True,1,native
3659,1.0,31,0.01,0.5,True,1,native
3660,1.0,49,0.01,0.5,True,1,native
3661,0.0,6,0.01,0.5,True,1,native
3662,1.0,18,0.01,0.5,True,1,native
3663,1.0,15,0.01,0.5,True,1,native
3664,0.0,75,0.01,0.5,True,1,native
3665,1.0,21,0.01,0.5,True,1,native
3666,1.0,42,0.01,0.5,True,1,native
3667,1.0,90,0.01,0.5,True,1,native
3668,0.0,16,0.01,0.5,True,1,native
3669,1.0,39,0.01,0.5,True,1,native
3670,0.0,25,0.01,0.5,True,1,native
3671,1.0,47,0.01,0.5,True,1,native
3672,0.0,59,0.01,0.5,True,1,native
3673,1.0,58,0.01,0.5,True,1,native
3674,0.0,20,0.01,0.5,True,1,native
3675,0.0,100,0.01,0.5,True,1,native
3676,0.0,89,0.01,0.5,True,1,native
3677,1.0,41,0.01,0.5,True,1,native
3678,0.0,47,0.01,0.5,True,1,native
3679,1.0,34,0.01,0.5,True,1,native
3680,0.0,57,0.01,0.5,True,1,native
3681,1.0,36,0.01,0.5,True,1,native
3682,0.0,100,0.01,0.5,True,1,native
3683,0.0,21,0.01,0.5,True,1,native
3684,0.0,17,0.01,0.5,True,1,native
3685,0.0,67,0.01,0.5,True,1,native
3686,1.0,25,0.01,0.5,True,1,native
3687,1.0,51,0.01,0.5,True,1,native
3688,1.0,44,0.01,0.5,True,1,native
3689,1.0,37,0.01,0.5,True,1,native
3690,0.0,100,0.01,0.5,True,1,native
3691,1.0,36,0.01,0.5,True,1,native
3692,1.0,49,0.01,0.5,True,1,native
3693,0.0,34,0.01,0.5,True,1,native
3694,0.0,63,0.01,0.5,True,1,native
3695,1.0,18,0.01,0.5,True,1,native
3696,0.0,100,0.01,0.5,True,1,native
3697,0.0,100,0.01,0.5,True,1,native
3698,0.0,25,0.01,0.5,True,1,native
3699,1.0,31,0.01,0.5,True,1,native
3700,0.0,18,0.01,0.5,True,1,native
3701,1.0,18,0.01,0.5,True,1,native
3702,1.0,20,0.01,0.5,True,1,native
3703,1.0,42,0.01,0.5,True,1,native
3704,1.0,13,0.01,0.5,True,1,native
3705,1.0,22,0.01,0.5,True,1,native
3706,0.0,23,0.01,0.5,True,1,native
3707,0.0,100,0.01,0.5,True,1,native
3708,0.0,100,0.01,0.5,True,1,native
3709,1.0,32,0.01,0.5,True,1,native
3710,1.0,42,0.01,0.5,True,1,native
3711,1.0,31,0.01,0.5,True,1,native
3712,1.0,10,0.01,0.5,True,1,native
3713,1.0,24,0.01,0.5,True,1,native
3714,1.0,49,0.01,0.5,True,1,native
3715,0.0,73,0.01,0.5,True,1,native
3716,1.0,57,0.01,0.5,True,1,native
3717,1.0,36,0.01,0.5,True,1,native
3718,1.0,21,0.01,0.5,True,1,native
3719,1.0,59,0.01,0.5,True,1,native
3720,1.0,21,0.01,0.5,True,1,native
3721,1.0,15,0.01,0.5,True,1,native
3722,1.0,53,0.01,0.5,True,1,native
3723,1.0,11,0.01,0.5,True,1,native
3724,1.0,11,0.01,0.5,True,1,native
3725,0.0,23,0.01,0.5,True,1,native
3726,1.0,13,0.01,0.5,True,1,native
3727,1.0,39,0.01,0.5,True,1,native
3728,1.0,71,0.01,0.5,True,1,native
3729,1.0,34,0.01,0.5,True,1,native
3730,0.0,8,0.01,0.5,True,1,native
3731,1.0,24,0.01,0.5,True,1,native
3732,1.0,20,0.01,0.5,True,1,native
3733,1.0,26,0.01,0.5,True,1,native
3734,0.0,100,0.01,0.5,True,1,native
3735,0.0,12,0.01,0.5,True,1,native
3736,1.0,27,0.01,0.5,True,1,native
3737,1.0,16,0.01,0.5,True,1,native
3738,1.0,15,0.01,0.5,True,1,native
3739,1.0,50,0.01,0.5,True,1,native
3740,1.0,15,0.01,0.5,True,1,native
3741,1.0,19,0.01,0.5,True,1,native
3742,1.0,46,0.01,0.5,True,1,native
3743,1.0,35,0.01,0.5,True,1,native
3744,1.0,41,0.01,0.5,True,1,native
3745,1.0,9,0.01,0.5,True,1,native
3746,0.0,75,0.01,0.5,True,1,native
3747,0.0,100,0.01,0.5,True,1,native
3748,1.0,24,0.01,0.5,True,1,native
3749,1.0,19,0.01,0.5,True,1,native
3750,1.0,89,0.01,0.5,True,1,native
3751,0.0,20,0.01,0.5,True,1,native
3752,1.0,20,0.01,0.5,True,1,native
3753,1.0,22,0.01,0.5,True,1,native
3754,1.0,14,0.01,0.5,True,1,native
3755,1.0,25,0.01,0.5,True,1,native
3756,0.0,45,0.01,0.5,True,1,native
3757,1.0,19,0.01,0.5,True,1,native
3758,1.0,15,0.01,0.5,True,1,native
3759,1.0,54,0.01,0.5,True,1,native
3760,1.0,49,0.01,0.5,True,1,native
3761,1.0,42,0.01,0.5,True,1,native
3762,0.0,24,0.01,0.5,True,1,native
3763,1.0,18,0.01,0.5,True,1,native
3764,0.0,4,0.01,0.5,True,1,native
3765,0.0,50,0.01,0.5,True,1,native
3766,1.0,50,0.01,0.5,True,1,native
3767,0.0,19,0.01,0.5,True,1,native
3768,1.0,70,0.01,0.5,True,1,native
3769,1.0,27,0.01,0.5,True,1,native
3770,0.0,93,0.01,0.5,True,1,native
3771,0.0,72,0.01,0.5,True,1,native
3772,1.0,50,0.01,0.5,True,1,native
3773,0.0,78,0.01,0.5,True,1,native
3774,1.0,11,0.01,0.5,True,1,native
3775,0.0,58,0.01,0.5,True,1,native
3776,0.0,13,0.01,0.5,True,1,native
3777,0.0,40,0.01,0.5,True,1,native
3778,1.0,26,0.01,0.5,True,1,native
3779,1.0,11,0.01,0.5,True,1,native
3780,1.0,20,0.01,0.5,True,1,native
3781,1.0,13,0.01,0.5,True,1,native
3782,0.0,46,0.01,0.5,True,1,native
3783,1.0,8,0.01,0.5,True,1,native
3784,0.0,3,0.01,0.5,True,1,native
3785,0.0,37,0.01,0.5,True,1,native
3786,1.0,11,0.01,0.5,True,1,native
3787,0.0,94,0.01,0.5,True,1,native
3788,0.0,100,0.01,0.5,True,1,native
3789,1.0,33,0.01,0.5,True,1,native
3790,0.0,17,0.01,0.5,True,1,native
3791,0.0,29,0.01,0.5,True,1,native
3792,0.0,100,0.01,0.5,True,1,native
3793,0.0,61,0.01,0.5,True,1,native
3794,0.0,45,0.01,0.5,True,1,native
3795,1.0,63,0.01,0.5,True,1,native
3796,0.0,5,0.01,0.5,True,1,native
3797,0.0,100,0.01,0.5,True,1,native
3798,1.0,45,0.01,0.5,True,1,native
3799,1.0,36,0.01,0.5,True,1,native
3800,0.0,100,0.01,0.5,True,1,native
3801,1.0,61,0.01,0.5,True,1,native
3802,0.0,100,0.01,0.5,True,1,native
3803,0.0,100,0.01,0.5,True,1,native
3804,1.0,66,0.01,0.5,True,1,native
3805,1.0,43,0.01,0.5,True,1,native
3806,0.0,53,0.01,0.5,True,1,native
3807,0.0,100,0.01,0.5,True,1,native
3808,1.0,14,0.01,0.5,True,1,native
3809,1.0,46,0.01,0.5,True,1,native
3810,0.0,12,0.01,0.5,True,1,native
3811,1.0,52,0.01,0.5,True,1,native
3812,0.0,10,0.01,0.5,True,1,native
3813,1.0,66,0.01,0.5,True,1,native
3814,1.0,65,0.01,0.5,True,1,native
3815,0.0,4,0.01,0.5,True,1,native
3816,1.0,60,0.01,0.5,True,1,native
3817,1.0,26,0.01,0.5,True,1,native
3818,1.0,32,0.01,0.5,True,1,native
3819,0.0,28,0.01,0.5,True,1,native
3820,1.0,44,0.01,0.5,True,1,native
3821,1.0,15,0.01,0.5,True,1,native
3822,1.0,13,0.01,0.5,True,1,native
3823,0.0,28,0.01,0.5,True,1,native
3824,1.0,20,0.01,0.5,True,1,native
3825,1.0,40,0.01,0.5,True,1,native
3826,1.0,24,0.01,0.5,True,1,native
3827,1.0,19,0.01,0.5,True,1,native
3828,0.0,47,0.01,0.5,True,1,native
3829,1.0,72,0.01,0.5,True,1,native
3830,1.0,45,0.01,0.5,True,1,native
3831,1.0,66,0.01,0.5,True,1,native
3832,1.0,38,0.01,0.5,True,1,native
3833,1.0,36,0.01,0.5,True,1,native
3834,1.0,20,0.01,0.5,True,1,native
3835,0.0,12,0.01,0.5,True,1,native
3836,1.0,31,0.01,0.5,True,1,native
3837,1.0,24,0.01,0.5,True,1,native
3838,0.0,2,0.01,0.5,True,1,native
3839,1.0,64,0.01,0.5,True,1,native
3840,1.0,21,0.01,0.5,True,1,native
3841,1.0,18,0.01,0.5,True,1,native
3842,1.0,14,0.01,0.5,True,1,native
3843,1.0,32,0.01,0.5,True,1,native
3844,1.0,8,0.01,0.5,True,1,native
3845,1.0,57,0.01,0.5,True,1,native
3846,0.0,17,0.01,0.5,True,1,native
3847,0.0,100,0.01,0.5,True,1,native
3848,0.0,27,0.01,0.5,True,1,native
3849,1.0,100,0.01,0.5,True,1,native
3850,0.0,27,0.01,0.5,True,1,native
3851,0.0,100,0.01,0.5,True,1,native
3852,0.0,100,0.01,0.5,True,1,native
3853,0.0,9,0.01,0.5,True,1,native
3854,0.0,100,0.01,0.5,True,1,native
3855,0.0,8,0.01,0.5,True,1,native
3856,1.0,26,0.01,0.5,True,1,native
3857,0.0,100,0.01,0.5,True,1,native
3858,0.0,85,0.01,0.5,True,1,native
3859,0.0,5,0.01,0.5,True,1,native
3860,0.0,72,0.01,0.5,True,1,native
3861,0.0,93,0.01,0.5,True,1,native
3862,0.0,100,0.01,0.5,True,1,native
3863,0.0,77,0.01,0.5,True,1,native
3864,0.0,100,0.01,0.5,True,1,native
3865,1.0,87,0.01,0.5,True,1,native
3866,0.0,100,0.01,0.5,True,1,native
3867,0.0,29,0.01,0.5,True,1,native
3868,1.0,45,0.01,0.5,True,1,native
3869,0.0,12,0.01,0.5,True,1,native
3870,0.0,9,0.01,0.5,True,1,native
3871,1.0,91,0.01,0.5,True,1,native
3872,1.0,25,0.01,0.5,True,1,native
3873,1.0,32,0.01,0.5,True,1,native
3874,1.0,8,0.01,0.5,True,1,native
3875,1.0,75,0.01,0.5,True,1,native
3876,1.0,51,0.01,0.5,True,1,native
3877,0.0,53,0.01,0.5,True,1,native
3878,1.0,40,0.01,0.5,True,1,native
3879,0.0,100,0.01,0.5,True,1,native
3880,1.0,41,0.01,0.5,True,1,native
3881,0.0,43,0.01,0.5,True,1,native
3882,1.0,31,0.01,0.5,True,1,native
3883,0.0,17,0.01,0.5,True,1,native
3884,1.0,12,0.01,0.5,True,1,native
3885,1.0,26,0.01,0.5,True,1,native
3886,1.0,29,0.01,0.5,True,1,native
3887,1.0,29,0.01,0.5,True,1,native
3888,1.0,25,0.01,0.5,True,1,native
3889,0.0,100,0.01,0.5,True,1,native
3890,0.0,37,0.01,0.5,True,1,native
3891,1.0,29,0.01,0.5,True,1,native
3892,1.0,15,0.01,0.5,True,1,native
3893,0.0,33,0.01,0.5,True,1,native
3894,1.0,40,0.01,0.5,True,1,native
3895,0.0,92,0.01,0.5,True,1,native
3896,0.0,19,0.01,0.5,True,1,native
3897,0.0,97,0.01,0.5,True,1,native
3898,0.0,42,0.01,0.5,True,1,native
3899,1.0,30,0.01,0.5,True,1,native
3900,1.0,23,0.01,0.5,True,1,native
3901,1.0,38,0.01,0.5,True,1,native
3902,1.0,77,0.01,0.5,True,1,native
3903,0.0,100,0.01,0.5,True,1,native
3904,1.0,49,0.01,0.5,True,1,native
3905,0.0,86,0.01,0.5,True,1,native
3906,0.0,53,0.01,0.5,True,1,native
3907,1.0,63,0.01,0.5,True,1,native
3908,1.0,12,0.01,0.5,True,1,native
3909,0.0,17,0.01,0.5,True,1,native
3910,1.0,45,0.01,0.5,True,1,native
3911,1.0,13,0.01,0.5,True,1,native
3912,1.0,83,0.01,0.5,True,1,native
3913,1.0,31,0.01,0.5,True,1,native
3914,1.0,23,0.01,0.5,True,1,native
3915,1.0,17,0.01,0.5,True,1,native
3916,0.0,44,0.01,0.5,True,1,native
3917,0.0,6,0.01,0.5,True,1,native
3918,1.0,61,0.01,0.5,True,1,native
3919,1.0,7,0.01,0.5,True,1,native
3920,1.0,38,0.01,0.5,True,1,native
3921,1.0,67,0.01,0.5,True,1,native
3922,1.0,14,0.01,0.5,True,1,native
3923,1.0,25,0.01,0.5,True,1,native
3924,0.0,17,0.01,0.5,True,1,native
3925,0.0,23,0.01,0.5,True,1,native
3926,0.0,68,0.01,0.5,True,1,native
3927,1.0,41,0.01,0.5,True,1,native
3928,1.0,57,0.01,0.5,True,1,native
3929,1.0,26,0.01,0.5,True,1,native
3930,1.0,32,0.01,0.5,True,1,native
3931,1.0,44,0.01,0.5,True,1,native
3932,1.0,36,0.01,0.5,True,1,native
3933,1.0,64,0.01,0.5,True,1,native
3934,0.0,22,0.01,0.5,True,1,native
3935,1.0,15,0.01,0.5,True,1,native
3936,0.0,58,0.01,0.5,True,1,native
3937,1.0,38,0.01,0.5,True,1,native
3938,1.0,7,0.01,0.5,True,1,native
3939,1.0,50,0.01,0.5,True,1,native
3940,1.0,36,0.01,0.5,True,1,native
3941,1.0,28,0.01,0.5,True,1,native
3942,1.0,17,0.01,0.5,True,1,native
3943,1.0,14,0.01,0.5,True,1,native
3944,1.0,15,0.01,0.5,True,1,native
3945,1.0,28,0.01,0.5,True,1,native
3946,1.0,20,0.01,0.5,True,1,native
3947,1.0,64,0.01,0.5,True,1,native
3948,1.0,27,0.01,0.5,True,1,native
3949,0.0,59,0.01,0.5,True,1,native
3950,1.0,89,0.01,0.5,True,1,native
3951,0.0,100,0.01,0.5,True,1,native
3952,0.0,17,0.01,0.5,True,1,native
3953,1.0,28,0.01,0.5,True,1,native
3954,1.0,29,0.01,0.5,True,1,native
3955,1.0,44,0.01,0.5,True,1,native
3956,1.0,32,0.01,0.5,True,1,native
3957,0.0,52,0.01,0.5,True,1,native
3958,1.0,14,0.01,0.5,True,1,native
3959,0.0,75,0.01,0.5,True,1,native
3960,0.0,100,0.01,0.5,True,1,native
3961,1.0,26,0.01,0.5,True,1,native
3962,1.0,22,0.01,0.5,True,1,native
3963,1.0,50,0.01,0.5,True,1,native
3964,1.0,7,0.01,0.5,True,1,native
3965,1.0,29,0.01,0.5,True,1,native
3966,1.0,26,0.01,0.5,True,1,native
3967,1.0,37,0.01,0.5,True,1,native
3968,1.0,49,0.01,0.5,True,1,native
3969,0.0,100,0.01,0.5,True,1,native
3970,1.0,32,0.01,0.5,True,1,native
3971,0.0,8,0.01,0.5,True,1,native
3972,1.0,7,0.01,0.5,True,1,native
3973,1.0,34,0.01,0.5,True,1,native
3974,0.0,35,0.01,0.5,True,1,native
3975,0.0,46,0.01,0.5,True,1,native
3976,1.0,21,0.01,0.5,True,1,native
3977,0.0,100,0.01,0.5,True,1,native
3978,1.0,63,0.01,0.5,True,1,native
3979,1.0,23,0.01,0.5,True,1,native
3980,1.0,23,0.01,0.5,True,1,native
3981,0.0,33,0.01,0.5,True,1,native
3982,1.0,15,0.01,0.5,True,1,native
3983,1.0,25,0.01,0.5,True,1,native
3984,1.0,43,0.01,0.5,True,1,native
3985,1.0,66,0.01,0.5,True,1,native
3986,1.0,41,0.01,0.5,True,1,native
3987,1.0,22,0.01,0.5,True,1,native
3988,1.0,14,0.01,0.5,True,1,native
3989,1.0,66,0.01,0.5,True,1,native
3990,1.0,79,0.01,0.5,True,1,native
3991,0.0,21,0.01,0.5,True,1,native
3992,0.0,77,0.01,0.5,True,1,native
3993,0.0,10,0.01,0.5,True,1,native
3994,0.0,13,0.01,0.5,True,1,native
3995,1.0,64,0.01,0.5,True,1,native
3996,0.0,100,0.01,0.5,True,1,native
3997,0.0,25,0.01,0.5,True,1,native
3998,0.0,17,0.01,0.5,True,1,native
3999,0.0,58,0.01,0.5,True,1,native
4000,1.0,16,0.01,0.5,True,1,native
4001,1.0,37,0.01,0.5,True,1,native
4002,1.0,9,0.01,0.5,True,1,native
4003,1.0,64,0.01,0.5,True,1,native
4004,1.0,14,0.01,0.5,True,1,native
4005,1.0,17,0.01,0.5,True,1,native
4006,1.0,32,0.01,0.5,True,1,native
4007,0.0,39,0.01,0.5,True,1,native
4008,1.0,36,0.01,0.5,True,1,native
4009,0.0,31,0.01,0.5,True,1,native
4010,0.0,100,0.01,0.5,True,1,native
4011,0.0,100,0.01,0.5,True,1,native
4012,0.0,24,0.01,0.5,True,1,native
4013,0.0,100,0.01,0.5,True,1,native
4014,1.0,14,0.01,0.5,True,1,native
4015,0.0,41,0.01,0.5,True,1,native
4016,1.0,26,0.01,0.5,True,1,native
4017,1.0,65,0.01,0.5,True,1,native
4018,0.0,100,0.01,0.5,True,1,native
4019,1.0,43,0.01,0.5,True,1,native
4020,0.0,100,0.01,0.5,True,1,native
4021,0.0,11,0.01,0.5,True,1,native
4022,0.0,69,0.01,0.5,True,1,native
4023,1.0,24,0.01,0.5,True,1,native
4024,1.0,37,0.01,0.5,True,1,native
4025,0.0,27,0.01,0.5,True,1,native
4026,0.0,16,0.01,0.5,True,1,native
4027,1.0,35,0.01,0.5,True,1,native
4028,1.0,42,0.01,0.5,True,1,native
4029,1.0,10,0.01,0.5,True,1,native
4030,0.0,11,0.01,0.5,True,1,native
4031,0.0,100,0.01,0.5,True,1,native
4032,0.0,17,0.01,0.5,True,1,native
4033,1.0,21,0.01,0.5,True,1,native
4034,1.0,24,0.01,0.5,True,1,native
4035,1.0,89,0.01,0.5,True,1,native
4036,0.0,34,0.01,0.5,True,1,native
4037,0.0,55,0.01,0.5,True,1,native
4038,0.0,14,0.01,0.5,True,1,native
4039,1.0,15,0.01,0.5,True,1,native
4040,0.0,8,0.01,0.5,True,1,native
4041,0.0,74,0.01,0.5,True,1,native
4042,1.0,23,0.01,0.5,True,1,native
4043,0.0,100,0.01,0.5,True,1,native
4044,0.0,88,0.01,0.5,True,1,native
4045,0.0,100,0.01,0.5,True,1,native
4046,1.0,34,0.01,0.5,True,1,native
4047,1.0,33,0.01,0.5,True,1,native
4048,1.0,25,0.01,0.5,True,1,native
4049,0.0,100,0.01,0.5,True,1,native
4050,1.0,77,0.01,0.5,True,1,native
4051,1.0,85,0.01,0.5,True,1,native
4052,0.0,19,0.01,0.5,True,1,native
4053,1.0,27,0.01,0.5,True,1,native
4054,1.0,15,0.01,0.5,True,1,native
4055,1.0,46,0.01,0.5,True,1,native
4056,1.0,28,0.01,0.5,True,1,native
4057,1.0,13,0.01,0.5,True,1,native
4058,1.0,43,0.01,0.5,True,1,native
4059,1.0,11,0.01,0.5,True,1,native
4060,1.0,16,0.01,0.5,True,1,native
4061,1.0,7,0.01,0.5,True,1,native
4062,1.0,31,0.01,0.5,True,1,native
4063,1.0,35,0.01,0.5,True,1,native
4064,1.0,43,0.01,0.5,True,1,native
4065,1.0,55,0.01,0.5,True,1,native
4066,1.0,50,0.01,0.5,True,1,native
4067,0.0,5,0.01,0.5,True,1,native
4068,1.0,26,0.01,0.5,True,1,native
4069,1.0,28,0.01,0.5,True,1,native
4070,0.0,9,0.01,0.5,True,1,native
4071,1.0,25,0.01,0.5,True,1,native
4072,1.0,31,0.01,0.5,True,1,native
4073,0.0,31,0.01,0.5,True,1,native
4074,1.0,28,0.01,0.5,True,1,native
4075,1.0,57,0.01,0.5,True,1,native
4076,0.0,100,0.01,0.5,True,1,native
4077,1.0,31,0.01,0.5,True,1,native
4078,1.0,21,0.01,0.5,True,1,native
4079,1.0,64,0.01,0.5,True,1,native
4080,0.0,29,0.01,0.5,True,1,native
4081,0.0,17,0.01,0.5,True,1,native
4082,0.0,25,0.01,0.5,True,1,native
4083,0.0,16,0.01,0.5,True,1,native
4084,1.0,51,0.01,0.5,True,1,native
4085,0.0,13,0.01,0.5,True,1,native
4086,1.0,8,0.01,0.5,True,1,native
4087,1.0,78,0.01,0.5,True,1,native
4088,1.0,11,0.01,0.5,True,1,native
4089,0.0,35,0.01,0.5,True,1,native
4090,1.0,29,0.01,0.5,True,1,native
4091,1.0,51,0.01,0.5,True,1,native
4092,0.0,23,0.01,0.5,True,1,native
4093,1.0,82,0.01,0.5,True,1,native
4094,1.0,26,0.01,0.5,True,1,native
4095,1.0,16,0.01,0.5,True,1,native
4096,1.0,15,0.01,0.5,True,1,native
4097,0.0,100,0.01,0.5,True,1,native
4098,0.0,28,0.01,0.5,True,1,native
4099,0.0,100,0.01,0.5,True,1,native
4100,1.0,11,0.01,0.5,True,1,native
4101,1.0,79,0.01,0.5,True,1,native
4102,0.0,14,0.01,0.5,True,1,native
4103,0.0,26,0.01,0.5,True,1,native
4104,1.0,74,0.01,0.5,True,1,native
4105,0.0,100,0.01,0.5,True,1,native
4106,1.0,14,0.01,0.5,True,1,native
4107,1.0,50,0.01,0.5,True,1,native
4108,1.0,35,0.01,0.5,True,1,native
4109,0.0,46,0.01,0.5,True,1,native
4110,0.0,57,0.01,0.5,True,1,native
4111,0.0,60,0.01,0.5,True,1,native
4112,1.0,69,0.01,0.5,True,1,native
4113,1.0,66,0.01,0.5,True,1,native
4114,0.0,100,0.01,0.5,True,1,native
4115,1.0,14,0.01,0.5,True,1,native
4116,0.0,45,0.01,0.5,True,1,native
4117,0.0,93,0.01,0.5,True,1,native
4118,1.0,49,0.01,0.5,True,1,native
4119,0.0,29,0.01,0.5,True,1,native
4120,1.0,38,0.01,0.5,True,1,native
4121,1.0,40,0.01,0.5,True,1,native
4122,1.0,59,0.01,0.5,True,1,native
4123,1.0,9,0.01,0.5,True,1,native
4124,1.0,81,0.01,0.5,True,1,native
4125,0.0,94,0.01,0.5,True,1,native
4126,0.0,26,0.01,0.5,True,1,native
4127,1.0,73,0.01,0.5,True,1,native
4128,1.0,12,0.01,0.5,True,1,native
4129,1.0,33,0.01,0.5,True,1,native
4130,1.0,72,0.01,0.5,True,1,native
4131,1.0,23,0.01,0.5,True,1,native
4132,1.0,23,0.01,0.5,True,1,native
4133,0.0,100,0.01,0.5,True,1,native
4134,0.0,38,0.01,0.5,True,1,native
4135,1.0,56,0.01,0.5,True,1,native
4136,1.0,27,0.01,0.5,True,1,native
4137,1.0,47,0.01,0.5,True,1,native
4138,1.0,66,0.01,0.5,True,1,native
4139,1.0,98,0.01,0.5,True,1,native
4140,1.0,32,0.01,0.5,True,1,native
4141,0.0,43,0.01,0.5,True,1,native
4142,1.0,100,0.01,0.5,True,1,native
4143,1.0,53,0.01,0.5,True,1,native
4144,1.0,36,0.01,0.5,True,1,native
4145,1.0,30,0.01,0.5,True,1,native
4146,1.0,49,0.01,0.5,True,1,native
4147,0.0,19,0.01,0.5,True,1,native
4148,0.0,7,0.01,0.5,True,1,native
4149,0.0,100,0.01,0.5,True,1,native
4150,1.0,55,0.01,0.5,True,1,native
4151,1.0,9,0.01,0.5,True,1,native
4152,1.0,13,0.01,0.5,True,1,native
4153,0.0,24,0.01,0.5,True,1,native
4154,1.0,53,0.01,0.5,True,1,native
4155,1.0,10,0.01,0.5,True,1,native
4156,1.0,13,0.01,0.5,True,1,native
4157,1.0,59,0.01,0.5,True,1,native
4158,0.0,23,0.01,0.5,True,1,native
4159,1.0,17,0.01,0.5,True,1,native
4160,0.0,28,0.01,0.5,True,1,native
4161,1.0,29,0.01,0.5,True,1,native
4162,1.0,17,0.01,0.5,True,1,native
4163,1.0,15,0.01,0.5,True,1,native
4164,1.0,40,0.01,0.5,True,1,native
4165,0.0,100,0.01,0.5,True,1,native
4166,1.0,24,0.01,0.5,True,1,native
4167,0.0,100,0.01,0.5,True,1,native
4168,1.0,18,0.01,0.5,True,1,native
4169,0.0,100,0.01,0.5,True,1,native
4170,1.0,80,0.01,0.5,True,1,native
4171,1.0,79,0.01,0.5,True,1,native
4172,1.0,13,0.01,0.5,True,1,native
4173,0.0,83,0.01,0.5,True,1,native
4174,0.0,74,0.01,0.5,True,1,native
4175,0.0,53,0.01,0.5,True,1,native
4176,0.0,13,0.01,0.5,True,1,native
4177,1.0,83,0.01,0.5,True,1,native
4178,1.0,30,0.01,0.5,True,1,native
4179,1.0,15,0.01,0.5,True,1,native
4180,0.0,18,0.01,0.5,True,1,native
4181,0.0,100,0.01,0.5,True,1,native
4182,1.0,84,0.01,0.5,True,1,native
4183,1.0,19,0.01,0.5,True,1,native
4184,1.0,90,0.01,0.5,True,1,native
4185,1.0,35,0.01,0.5,True,1,native
4186,1.0,22,0.01,0.5,True,1,native
4187,1.0,43,0.01,0.5,True,1,native
4188,0.0,100,0.01,0.5,True,1,native
4189,1.0,70,0.01,0.5,True,1,native
4190,0.0,77,0.01,0.5,True,1,native
4191,1.0,38,0.01,0.5,True,1,native
4192,1.0,26,0.01,0.5,True,1,native
4193,1.0,85,0.01,0.5,True,1,native
4194,0.0,100,0.01,0.5,True,1,native
4195,0.0,86,0.01,0.5,True,1,native
4196,0.0,38,0.01,0.5,True,1,native
4197,0.0,86,0.01,0.5,True,1,native
4198,0.0,100,0.01,0.5,True,1,native
4199,0.0,29,0.01,0.5,True,1,native
4200,0.0,89,0.01,0.5,True,1,native
4201,0.0,69,0.01,0.5,True,1,native
4202,0.0,11,0.01,0.5,True,1,native
4203,0.0,13,0.01,0.5,True,1,native
4204,0.0,57,0.01,0.5,True,1,native
4205,1.0,23,0.01,0.5,True,1,native
4206,1.0,55,0.01,0.5,True,1,native
4207,1.0,22,0.01,0.5,True,1,native
4208,1.0,78,0.01,0.5,True,1,native
4209,1.0,81,0.01,0.5,True,1,native
4210,0.0,11,0.01,0.5,True,1,native
4211,1.0,33,0.01,0.5,True,1,native
4212,0.0,77,0.01,0.5,True,1,native
4213,1.0,53,0.01,0.5,True,1,native
4214,1.0,14,0.01,0.5,True,1,native
4215,1.0,28,0.01,0.5,True,1,native
4216,1.0,33,0.01,0.5,True,1,native
4217,1.0,52,0.01,0.5,True,1,native
4218,0.0,66,0.01,0.5,True,1,native
4219,1.0,31,0.01,0.5,True,1,native
4220,1.0,82,0.01,0.5,True,1,native
4221,1.0,41,0.01,0.5,True,1,native
4222,0.0,35,0.01,0.5,True,1,native
4223,0.0,10,0.01,0.5,True,1,native
4224,1.0,46,0.01,0.5,True,1,native
4225,1.0,21,0.01,0.5,True,1,native
4226,0.0,68,0.01,0.5,True,1,native
4227,0.0,39,0.01,0.5,True,1,native
4228,1.0,58,0.01,0.5,True,1,native
4229,1.0,14,0.01,0.5,True,1,native
4230,1.0,43,0.01,0.5,True,1,native
4231,1.0,9,0.01,0.5,True,1,native
4232,1.0,51,0.01,0.5,True,1,native
4233,0.0,24,0.01,0.5,True,1,native
4234,0.0,17,0.01,0.5,True,1,native
4235,1.0,24,0.01,0.5,True,1,native
4236,0.0,58,0.01,0.5,True,1,native
4237,1.0,32,0.01,0.5,True,1,native
4238,1.0,19,0.01,0.5,True,1,native
4239,0.0,23,0.01,0.5,True,1,native
4240,1.0,15,0.01,0.5,True,1,native
4241,1.0,11,0.01,0.5,True,1,native
4242,1.0,69,0.01,0.5,True,1,native
4243,0.0,79,0.01,0.5,True,1,native
4244,1.0,25,0.01,0.5,True,1,native
4245,1.0,35,0.01,0.5,True,1,native
4246,1.0,21,0.01,0.5,True,1,native
4247,1.0,14,0.01,0.5,True,1,native
4248,0.0,14,0.01,0.5,True,1,native
4249,1.0,15,0.01,0.5,True,1,native
4250,1.0,43,0.01,0.5,True,1,native
4251,1.0,80,0.01,0.5,True,1,native
4252,1.0,16,0.01,0.5,True,1,native
4253,0.0,29,0.01,0.5,True,1,native
4254,0.0,44,0.01,0.5,True,1,native
4255,1.0,24,0.01,0.5,True,1,native
4256,0.0,10,0.01,0.5,True,1,native
4257,1.0,28,0.01,0.5,True,1,native
4258,1.0,9,0.01,0.5,True,1,native
4259,1.0,20,0.01,0.5,True,1,native
4260,1.0,18,0.01,0.5,True,1,native
4261,0.0,51,0.01,0.5,True,1,native
4262,0.0,100,0.01,0.5,True,1,native
4263,1.0,19,0.01,0.5,True,1,native
4264,0.0,100,0.01,0.5,True,1,native
4265,1.0,17,0.01,0.5,True,1,native
4266,1.0,26,0.01,0.5,True,1,native
4267,1.0,100,0.01,0.5,True,1,native
4268,0.0,100,0.01,0.5,True,1,native
4269,1.0,21,0.01,0.5,True,1,native
4270,0.0,37,0.01,0.5,True,1,native
4271,0.0,15,0.01,0.5,True,1,native
4272,0.0,29,0.01,0.5,True,1,native
4273,1.0,15,0.01,0.5,True,1,native
4274,0.0,100,0.01,0.5,True,1,native
4275,0.0,53,0.01,0.5,True,1,native
4276,0.0,50,0.01,0.5,True,1,native
4277,0.0,50,0.01,0.5,True,1,native
4278,1.0,58,0.01,0.5,True,1,native
4279,0.0,41,0.01,0.5,True,1,native
4280,0.0,9,0.01,0.5,True,1,native
4281,0.0,100,0.01,0.5,True,1,native
4282,1.0,8,0.01,0.5,True,1,native
4283,1.0,14,0.01,0.5,True,1,native
4284,1.0,11,0.01,0.5,True,1,native
4285,0.0,100,0.01,0.5,True,1,native
4286,0.0,52,0.01,0.5,True,1,native
4287,0.0,100,0.01,0.5,True,1,native
4288,0.0,100,0.01,0.5,True,1,native
4289,0.0,100,0.01,0.5,True,1,native
4290,0.0,39,0.01,0.5,True,1,native
4291,1.0,46,0.01,0.5,True,1,native
4292,1.0,26,0.01,0.5,True,1,native
4293,1.0,19,0.01,0.5,True,1,native
4294,1.0,84,0.01,0.5,True,1,native
4295,0.0,6,0.01,0.5,True,1,native
4296,0.0,100,0.01,0.5,True,1,native
4297,1.0,57,0.01,0.5,True,1,native
4298,1.0,34,0.01,0.5,True,1,native
4299,0.0,17,0.01,0.5,True,1,native
4300,1.0,72,0.01,0.5,True,1,native
4301,1.0,17,0.01,0.5,True,1,native
4302,1.0,13,0.01,0.5,True,1,native
4303,0.0,46,0.01,0.5,True,1,native
4304,1.0,17,0.01,0.5,True,1,native
4305,1.0,18,0.01,0.5,True,1,native
4306,1.0,54,0.01,0.5,True,1,native
4307,1.0,6,0.01,0.5,True,1,native
4308,1.0,27,0.01,0.5,True,1,native
4309,0.0,45,0.01,0.5,True,1,native
4310,1.0,19,0.01,0.5,True,1,native
4311,1.0,30,0.01,0.5,True,1,native
4312,0.0,42,0.01,0.5,True,1,native
4313,0.0,25,0.01,0.5,True,1,native
4314,0.0,27,0.01,0.5,True,1,native
4315,1.0,18,0.01,0.5,True,1,native
4316,0.0,100,0.01,0.5,True,1,native
4317,1.0,14,0.01,0.5,True,1,native
4318,0.0,20,0.01,0.5,True,1,native
4319,0.0,10,0.01,0.5,True,1,native
4320,1.0,12,0.01,0.5,True,1,native
4321,0.0,50,0.01,0.5,True,1,native
4322,1.0,45,0.01,0.5,True,1,native
4323,1.0,50,0.01,0.5,True,1,native
4324,0.0,11,0.01,0.5,True,1,native
4325,0.0,100,0.01,0.5,True,1,native
4326,0.0,9,0.01,0.5,True,1,native
4327,0.0,3,0.01,0.5,True,1,native
4328,0.0,100,0.01,0.5,True,1,native
4329,1.0,17,0.01,0.5,True,1,native
4330,1.0,40,0.01,0.5,True,1,native
4331,1.0,69,0.01,0.5,True,1,native
4332,0.0,26,0.01,0.5,True,1,native
4333,0.0,21,0.01,0.5,True,1,native
4334,1.0,16,0.01,0.5,True,1,native
4335,1.0,18,0.01,0.5,True,1,native
4336,0.0,80,0.01,0.5,True,1,native
4337,1.0,84,0.01,0.5,True,1,native
4338,0.0,36,0.01,0.5,True,1,native
4339,1.0,7,0.01,0.5,True,1,native
4340,1.0,61,0.01,0.5,True,1,native
4341,1.0,44,0.01,0.5,True,1,native
4342,1.0,72,0.01,0.5,True,1,native
4343,0.0,49,0.01,0.5,True,1,native
4344,1.0,14,0.01,0.5,True,1,native
4345,0.0,100,0.01,0.5,True,1,native
4346,1.0,51,0.01,0.5,True,1,native
4347,1.0,33,0.01,0.5,True,1,native
4348,1.0,17,0.01,0.5,True,1,native
4349,0.0,21,0.01,0.5,True,1,native
4350,0.0,79,0.01,0.5,True,1,native
4351,0.0,100,0.01,0.5,True,1,native
4352,1.0,27,0.01,0.5,True,1,native
4353,0.0,25,0.01,0.5,True,1,native
4354,1.0,29,0.01,0.5,True,1,native
4355,0.0,100,0.01,0.5,True,1,native
4356,1.0,14,0.01,0.5,True,1,native
4357,0.0,100,0.01,0.5,True,1,native
4358,1.0,26,0.01,0.5,True,1,native
4359,1.0,87,0.01,0.5,True,1,native
4360,1.0,13,0.01,0.5,True,1,native
4361,1.0,50,0.01,0.5,True,1,native
4362,0.0,57,0.01,0.5,True,1,native
4363,0.0,15,0.01,0.5,True,1,native
4364,0.0,10,0.01,0.5,True,1,native
4365,1.0,23,0.01,0.5,True,1,native
4366,1.0,47,0.01,0.5,True,1,native
4367,1.0,76,0.01,0.5,True,1,native
4368,1.0,28,0.01,0.5,True,1,native
4369,1.0,33,0.01,0.5,True,1,native
4370,1.0,52,0.01,0.5,True,1,native
4371,0.0,100,0.01,0.5,True,1,native
4372,1.0,25,0.01,0.5,True,1,native
4373,1.0,31,0.01,0.5,True,1,native
4374,0.0,32,0.01,0.5,True,1,native
4375,1.0,13,0.01,0.5,True,1,native
4376,0.0,26,0.01,0.5,True,1,native
4377,1.0,42,0.01,0.5,True,1,native
4378,1.0,31,0.01,0.5,True,1,native
4379,1.0,16,0.01,0.5,True,1,native
4380,1.0,31,0.01,0.5,True,1,native
4381,1.0,16,0.01,0.5,True,1,native
4382,1.0,61,0.01,0.5,True,1,native
4383,1.0,48,0.01,0.5,True,1,native
4384,0.0,35,0.01,0.5,True,1,native
4385,1.0,16,0.01,0.5,True,1,native
4386,0.0,20,0.01,0.5,True,1,native
4387,0.0,6,0.01,0.5,True,1,native
4388,0.0,84,0.01,0.5,True,1,native
4389,0.0,9,0.01,0.5,True,1,native
4390,1.0,30,0.01,0.5,True,1,native
4391,0.0,100,0.01,0.5,True,1,native
4392,1.0,19,0.01,0.5,True,1,native
4393,0.0,21,0.01,0.5,True,1,native
4394,0.0,11,0.01,0.5,True,1,native
4395,0.0,24,0.01,0.5,True,1,native
4396,1.0,42,0.01,0.5,True,1,native
4397,0.0,29,0.01,0.5,True,1,native
4398,1.0,41,0.01,0.5,True,1,native
4399,1.0,22,0.01,0.5,True,1,native
4400,0.0,5,0.01,0.5,True,1,native
4401,0.0,100,0.01,0.5,True,1,native
4402,0.0,100,0.01,0.5,True,1,native
4403,0.0,44,0.01,0.5,True,1,native
4404,1.0,36,0.01,0.5,True,1,native
4405,0.0,100,0.01,0.5,True,1,native
4406,0.0,17,0.01,0.5,True,1,native
4407,0.0,8,0.01,0.5,True,1,native
4408,1.0,36,0.01,0.5,True,1,native
4409,1.0,24,0.01,0.5,True,1,native
4410,1.0,29,0.01,0.5,True,1,native
4411,0.0,71,0.01,0.5,True,1,native
4412,1.0,15,0.01,0.5,True,1,native
4413,0.0,8,0.01,0.5,True,1,native
4414,1.0,39,0.01,0.5,True,1,native
4415,1.0,44,0.01,0.5,True,1,native
4416,1.0,71,0.01,0.5,True,1,native
4417,1.0,42,0.01,0.5,True,1,native
4418,1.0,87,0.01,0.5,True,1,native
4419,1.0,39,0.01,0.5,True,1,native
4420,1.0,13,0.01,0.5,True,1,native
4421,0.0,31,0.01,0.5,True,1,native
4422,1.0,67,0.01,0.5,True,1,native
4423,1.0,28,0.01,0.5,True,1,native
4424,1.0,59,0.01,0.5,True,1,native
4425,1.0,56,0.01,0.5,True,1,native
4426,0.0,74,0.01,0.5,True,1,native
4427,1.0,26,0.01,0.5,True,1,native
4428,1.0,15,0.01,0.5,True,1,native
4429,1.0,12,0.01,0.5,True,1,native
4430,1.0,36,0.01,0.5,True,1,native
4431,1.0,20,0.01,0.5,True,1,native
4432,0.0,100,0.01,0.5,True,1,native
4433,1.0,19,0.01,0.5,True,1,native
4434,1.0,64,0.01,0.5,True,1,native
4435,1.0,28,0.01,0.5,True,1,native
4436,0.0,100,0.01,0.5,True,1,native
4437,1.0,21,0.01,0.5,True,1,native
4438,0.0,100,0.01,0.5,True,1,native
4439,1.0,9,0.01,0.5,True,1,native
4440,1.0,25,0.01,0.5,True,1,native
4441,1.0,84,0.01,0.5,True,1,native
4442,1.0,80,0.01,0.5,True,1,native
4443,1.0,54,0.01,0.5,True,1,native
4444,1.0,42,0.01,0.5,True,1,native
4445,0.0,40,0.01,0.5,True,1,native
4446,0.0,74,0.01,0.5,True,1,native
4447,1.0,26,0.01,0.5,True,1,native
4448,1.0,45,0.01,0.5,True,1,native
4449,1.0,16,0.01,0.5,True,1,native
4450,1.0,29,0.01,0.5,True,1,native
4451,1.0,74,0.01,0.5,True,1,native
4452,1.0,12,0.01,0.5,True,1,native
4453,1.0,44,0.01,0.5,True,1,native
4454,1.0,32,0.01,0.5,True,1,native
4455,1.0,34,0.01,0.5,True,1,native
4456,1.0,21,0.01,0.5,True,1,native
4457,0.0,3,0.01,0.5,True,1,native
4458,0.0,9,0.01,0.5,True,1,native
4459,1.0,21,0.01,0.5,True,1,native
4460,1.0,34,0.01,0.5,True,1,native
4461,1.0,43,0.01,0.5,True,1,native
4462,1.0,63,0.01,0.5,True,1,native
4463,1.0,36,0.01,0.5,True,1,native
4464,1.0,37,0.01,0.5,True,1,native
4465,1.0,24,0.01,0.5,True,1,native
4466,0.0,100,0.01,0.5,True,1,native
4467,0.0,18,0.01,0.5,True,1,native
4468,1.0,35,0.01,0.5,True,1,native
4469,1.0,17,0.01,0.5,True,1,native
4470,1.0,71,0.01,0.5,True,1,native
4471,1.0,71,0.01,0.5,True,1,native
4472,0.0,18,0.01,0.5,True,1,native
4473,1.0,56,0.01,0.5,True,1,native
4474,0.0,39,0.01,0.5,True,1,native
4475,0.0,31,0.01,0.5,True,1,native
4476,0.0,58,0.01,0.5,True,1,native
4477,1.0,47,0.01,0.5,True,1,native
4478,1.0,37,0.01,0.5,True,1,native
4479,1.0,88,0.01,0.5,True,1,native
4480,1.0,19,0.01,0.5,True,1,native
4481,1.0,32,0.01,0.5,True,1,native
4482,0.0,100,0.01,0.5,True,1,native
4483,1.0,33,0.01,0.5,True,1,native
4484,1.0,79,0.01,0.5,True,1,native
4485,0.0,6,0.01,0.5,True,1,native
4486,1.0,53,0.01,0.5,True,1,native
4487,1.0,43,0.01,0.5,True,1,native
4488,1.0,28,0.01,0.5,True,1,native
4489,0.0,100,0.01,0.5,True,1,native
4490,1.0,7,0.01,0.5,True,1,native
4491,0.0,100,0.01,0.5,True,1,native
4492,1.0,8,0.01,0.5,True,1,native
4493,1.0,73,0.01,0.5,True,1,native
4494,1.0,41,0.01,0.5,True,1,native
4495,1.0,42,0.01,0.5,True,1,native
4496,0.0,18,0.01,0.5,True,1,native
4497,0.0,13,0.01,0.5,True,1,native
4498,1.0,24,0.01,0.5,True,1,native
4499,1.0,15,0.01,0.5,True,1,native
4500,0.0,32,0.01,0.5,True,1,native
4501,0.0,89,0.01,0.5,True,1,native
4502,0.0,52,0.01,0.5,True,1,native
4503,1.0,39,0.01,0.5,True,1,native
4504,0.0,40,0.01,0.5,True,1,native
4505,1.0,23,0.01,0.5,True,1,native
4506,0.0,100,0.01,0.5,True,1,native
4507,1.0,22,0.01,0.5,True,1,native
4508,1.0,40,0.01,0.5,True,1,native
4509,0.0,14,0.01,0.5,True,1,native
4510,1.0,80,0.01,0.5,True,1,native
4511,1.0,33,0.01,0.5,True,1,native
4512,0.0,44,0.01,0.5,True,1,native
4513,1.0,30,0.01,0.5,True,1,native
4514,0.0,7,0.01,0.5,True,1,native
4515,0.0,19,0.01,0.5,True,1,native
4516,0.0,100,0.01,0.5,True,1,native
4517,1.0,65,0.01,0.5,True,1,native
4518,0.0,100,0.01,0.5,True,1,native
4519,0.0,6,0.01,0.5,True,1,native
4520,1.0,29,0.01,0.5,True,1,native
4521,1.0,22,0.01,0.5,True,1,native
4522,0.0,22,0.01,0.5,True,1,native
4523,0.0,29,0.01,0.5,True,1,native
4524,1.0,25,0.01,0.5,True,1,native
4525,1.0,10,0.01,0.5,True,1,native
4526,0.0,17,0.01,0.5,True,1,native
4527,0.0,100,0.01,0.5,True,1,native
4528,1.0,66,0.01,0.5,True,1,native
4529,1.0,57,0.01,0.5,True,1,native
4530,1.0,9,0.01,0.5,True,1,native
4531,0.0,18,0.01,0.5,True,1,native
4532,1.0,30,0.01,0.5,True,1,native
4533,1.0,12,0.01,0.5,True,1,native
4534,0.0,5,0.01,0.5,True,1,native
4535,0.0,10,0.01,0.5,True,1,native
4536,1.0,13,0.01,0.5,True,1,native
4537,1.0,45,0.01,0.5,True,1,native
4538,0.0,45,0.01,0.5,True,1,native
4539,1.0,20,0.01,0.5,True,1,native
4540,1.0,30,0.01,0.5,True,1,native
4541,1.0,36,0.01,0.5,True,1,native
4542,0.0,24,0.01,0.5,True,1,native
4543,0.0,100,0.01,0.5,True,1,native
4544,1.0,15,0.01,0.5,True,1,native
4545,0.0,100,0.01,0.5,True,1,native
4546,1.0,16,0.01,0.5,True,1,native
4547,1.0,42,0.01,0.5,True,1,native
4548,0.0,60,0.01,0.5,True,1,native
4549,1.0,21,0.01,0.5,True,1,native
4550,1.0,28,0.01,0.5,True,1,native
4551,1.0,20,0.01,0.5,True,1,native
4552,1.0,70,0.01,0.5,True,1,native
4553,1.0,16,0.01,0.5,True,1,native
4554,1.0,20,0.01,0.5,True,1,native
4555,1.0,49,0.01,0.5,True,1,native
4556,1.0,30,0.01,0.5,True,1,native
4557,0.0,100,0.01,0.5,True,1,native
4558,1.0,52,0.01,0.5,True,1,native
4559,0.0,100,0.01,0.5,True,1,native
4560,1.0,26,0.01,0.5,True,1,native
4561,1.0,36,0.01,0.5,True,1,native
4562,0.0,100,0.01,0.5,True,1,native
4563,0.0,16,0.01,0.5,True,1,native
4564,1.0,26,0.01,0.5,True,1,native
4565,0.0,100,0.01,0.5,True,1,native
4566,0.0,21,0.01,0.5,True,1,native
4567,1.0,52,0.01,0.5,True,1,native
4568,0.0,100,0.01,0.5,True,1,native
4569,1.0,24,0.01,0.5,True,1,native
4570,1.0,31,0.01,0.5,True,1,native
4571,1.0,17,0.01,0.5,True,1,native
4572,1.0,11,0.01,0.5,True,1,native
4573,1.0,8,0.01,0.5,True,1,native
4574,0.0,26,0.01,0.5,True,1,native
4575,0.0,100,0.01,0.5,True,1,native
4576,0.0,24,0.01,0.5,True,1,native
4577,0.0,11,0.01,0.5,True,1,native
4578,1.0,72,0.01,0.5,True,1,native
4579,1.0,34,0.01,0.5,True,1,native
4580,1.0,7,0.01,0.5,True,1,native
4581,1.0,27,0.01,0.5,True,1,native
4582,0.0,20,0.01,0.5,True,1,native
4583,1.0,15,0.01,0.5,True,1,native
4584,1.0,18,0.01,0.5,True,1,native
4585,1.0,9,0.01,0.5,True,1,native
4586,1.0,48,0.01,0.5,True,1,native
4587,1.0,20,0.01,0.5,True,1,native
4588,1.0,23,0.01,0.5,True,1,native
4589,0.0,100,0.01,0.5,True,1,native
4590,0.0,10,0.01,0.5,True,1,native
4591,1.0,45,0.01,0.5,True,1,native
4592,0.0,77,0.01,0.5,True,1,native
4593,1.0,53,0.01,0.5,True,1,native
4594,0.0,23,0.01,0.5,True,1,native
4595,1.0,32,0.01,0.5,True,1,native
4596,0.0,74,0.01,0.5,True,1,native
4597,0.0,100,0.01,0.5,True,1,native
4598,0.0,40,0.01,0.5,True,1,native
4599,0.0,40,0.01,0.5,True,1,native
4600,1.0,15,0.01,0.5,True,1,native
4601,0.0,100,0.01,0.5,True,1,native
4602,0.0,26,0.01,0.5,True,1,native
4603,0.0,100,0.01,0.5,True,1,native
4604,1.0,32,0.01,0.5,True,1,native
4605,0.0,27,0.01,0.5,True,1,native
4606,1.0,38,0.01,0.5,True,1,native
4607,1.0,16,0.01,0.5,True,1,native
4608,1.0,58,0.01,0.5,True,1,native
4609,1.0,10,0.01,0.5,True,1,native
4610,1.0,34,0.01,0.5,True,1,native
4611,0.0,7,0.01,0.5,True,1,native
4612,1.0,45,0.01,0.5,True,1,native
4613,0.0,52,0.01,0.5,True,1,native
4614,0.0,100,0.01,0.5,True,1,native
4615,1.0,57,0.01,0.5,True,1,native
4616,0.0,9,0.01,0.5,True,1,native
4617,1.0,52,0.01,0.5,True,1,native
4618,1.0,73,0.01,0.5,True,1,native
4619,0.0,38,0.01,0.5,True,1,native
4620,0.0,7,0.01,0.5,True,1,native
4621,0.0,23,0.01,0.5,True,1,native
4622,0.0,10,0.01,0.5,True,1,native
4623,0.0,100,0.01,0.5,True,1,native
4624,0.0,78,0.01,0.5,True,1,native
4625,0.0,38,0.01,0.5,True,1,native
4626,1.0,8,0.01,0.5,True,1,native
4627,1.0,21,0.01,0.5,True,1,native
4628,0.0,39,0.01,0.5,True,1,native
4629,1.0,76,0.01,0.5,True,1,native
4630,0.0,44,0.01,0.5,True,1,native
4631,1.0,33,0.01,0.5,True,1,native
4632,1.0,20,0.01,0.5,True,1,native
4633,1.0,17,0.01,0.5,True,1,native
4634,1.0,38,0.01,0.5,True,1,native
4635,1.0,88,0.01,0.5,True,1,native
4636,0.0,35,0.01,0.5,True,1,native
4637,1.0,30,0.01,0.5,True,1,native
4638,1.0,36,0.01,0.5,True,1,native
4639,1.0,42,0.01,0.5,True,1,native
4640,1.0,43,0.01,0.5,True,1,native
4641,1.0,9,0.01,0.5,True,1,native
4642,1.0,20,0.01,0.5,True,1,native
4643,0.0,19,0.01,0.5,True,1,native
4644,0.0,20,0.01,0.5,True,1,native
4645,0.0,29,0.01,0.5,True,1,native
4646,0.0,36,0.01,0.5,True,1,native
4647,0.0,18,0.01,0.5,True,1,native
4648,0.0,5,0.01,0.5,True,1,native
4649,0.0,6,0.01,0.5,True,1,native
4650,1.0,36,0.01,0.5,True,1,native
4651,0.0,24,0.01,0.5,True,1,native
4652,0.0,15,0.01,0.5,True,1,native
4653,1.0,47,0.01,0.5,True,1,native
4654,0.0,15,0.01,0.5,True,1,native
4655,0.0,18,0.01,0.5,True,1,native
4656,0.0,100,0.01,0.5,True,1,native
4657,0.0,76,0.01,0.5,True,1,native
4658,1.0,19,0.01,0.5,True,1,native
4659,0.0,29,0.01,0.5,True,1,native
4660,0.0,27,0.01,0.5,True,1,native
4661,0.0,35,0.01,0.5,True,1,native
4662,1.0,12,0.01,0.5,True,1,native
4663,0.0,12,0.01,0.5,True,1,native
4664,0.0,6,0.01,0.5,True,1,native
4665,0.0,9,0.01,0.5,True,1,native
4666,0.0,23,0.01,0.5,True,1,native
4667,0.0,12,0.01,0.5,True,1,native
4668,1.0,21,0.01,0.5,True,1,native
4669,0.0,100,0.01,0.5,True,1,native
4670,0.0,30,0.01,0.5,True,1,native
4671,1.0,58,0.01,0.5,True,1,native
4672,0.0,44,0.01,0.5,True,1,native
4673,0.0,26,0.01,0.5,True,1,native
4674,0.0,9,0.01,0.5,True,1,native
4675,0.0,17,0.01,0.5,True,1,native
4676,0.0,21,0.01,0.5,True,1,native
4677,0.0,100,0.01,0.5,True,1,native
4678,0.0,100,0.01,0.5,True,1,native
4679,0.0,100,0.01,0.5,True,1,native
4680,0.0,34,0.01,0.5,True,1,native
4681,0.0,22,0.01,0.5,True,1,native
4682,0.0,38,0.01,0.5,True,1,native
4683,1.0,9,0.01,0.5,True,1,native
4684,1.0,40,0.01,0.5,True,1,native
4685,0.0,22,0.01,0.5,True,1,native
4686,0.0,6,0.01,0.5,True,1,native
4687,1.0,6,0.01,0.5,True,1,native
4688,1.0,45,0.01,0.5,True,1,native
4689,0.0,34,0.01,0.5,True,1,native
4690,0.0,16,0.01,0.5,True,1,native
4691,0.0,75,0.01,0.5,True,1,native
4692,1.0,86,0.01,0.5,True,1,native
4693,0.0,25,0.01,0.5,True,1,native
4694,0.0,2,0.01,0.5,True,1,native
4695,0.0,100,0.01,0.5,True,1,native
4696,0.0,52,0.01,0.5,True,1,native
4697,0.0,40,0.01,0.5,True,1,native
4698,0.0,100,0.01,0.5,True,1,native
4699,0.0,100,0.01,0.5,True,1,native
4700,0.0,11,0.01,0.5,True,1,native
4701,0.0,15,0.01,0.5,True,1,native
4702,0.0,88,0.01,0.5,True,1,native
4703,0.0,26,0.01,0.5,True,1,native
4704,0.0,22,0.01,0.5,True,1,native
4705,0.0,90,0.01,0.5,True,1,native
4706,1.0,36,0.01,0.5,True,1,native
4707,1.0,93,0.01,0.5,True,1,native
4708,0.0,10,0.01,0.5,True,1,native
4709,0.0,38,0.01,0.5,True,1,native
4710,1.0,38,0.01,0.5,True,1,native
4711,1.0,12,0.01,0.5,True,1,native
4712,0.0,33,0.01,0.5,True,1,native
4713,1.0,84,0.01,0.5,True,1,native
4714,0.0,38,0.01,0.5,True,1,native
4715,1.0,53,0.01,0.5,True,1,native
4716,0.0,55,0.01,0.5,True,1,native
4717,1.0,20,0.01,0.5,True,1,native
4718,1.0,66,0.01,0.5,True,1,native
4719,0.0,40,0.01,0.5,True,1,native
4720,1.0,93,0.01,0.5,True,1,native
4721,1.0,28,0.01,0.5,True,1,native
4722,1.0,17,0.01,0.5,True,1,native
4723,0.0,11,0.01,0.5,True,1,native
4724,1.0,24,0.01,0.5,True,1,native
4725,1.0,21,0.01,0.5,True,1,native
4726,1.0,33,0.01,0.5,True,1,native
4727,0.0,17,0.01,0.5,True,1,native
4728,0.0,22,0.01,0.5,True,1,native
4729,1.0,32,0.01,0.5,True,1,native
4730,1.0,23,0.01,0.5,True,1,native
4731,1.0,61,0.01,0.5,True,1,native
4732,0.0,37,0.01,0.5,True,1,native
4733,1.0,23,0.01,0.5,True,1,native
4734,1.0,30,0.01,0.5,True,1,native
4735,1.0,55,0.01,0.5,True,1,native
4736,1.0,26,0.01,0.5,True,1,native
4737,1.0,41,0.01,0.5,True,1,native
4738,1.0,81,0.01,0.5,True,1,native
4739,1.0,61,0.01,0.5,True,1,native
4740,1.0,41,0.01,0.5,True,1,native
4741,1.0,33,0.01,0.5,True,1,native
4742,1.0,33,0.01,0.5,True,1,native
4743,1.0,40,0.01,0.5,True,1,native
4744,1.0,24,0.01,0.5,True,1,native
4745,1.0,70,0.01,0.5,True,1,native
4746,1.0,70,0.01,0.5,True,1,native
4747,1.0,50,0.01,0.5,True,1,native
4748,1.0,15,0.01,0.5,True,1,native
4749,1.0,12,0.01,0.5,True,1,native
4750,1.0,6,0.01,0.5,True,1,native
4751,1.0,28,0.01,0.5,True,1,native
4752,1.0,71,0.01,0.5,True,1,native
4753,1.0,13,0.01,0.5,True,1,native
4754,1.0,28,0.01,0.5,True,1,native
4755,1.0,12,0.01,0.5,True,1,native
4756,1.0,9,0.01,0.5,True,1,native
4757,1.0,96,0.01,0.5,True,1,native
4758,1.0,9,0.01,0.5,True,1,native
4759,1.0,63,0.01,0.5,True,1,native
4760,0.0,27,0.01,0.5,True,1,native
4761,1.0,27,0.01,0.5,True,1,native
4762,1.0,22,0.01,0.5,True,1,native
4763,1.0,39,0.01,0.5,True,1,native
4764,0.0,28,0.01,0.5,True,1,native
4765,1.0,56,0.01,0.5,True,1,native
4766,1.0,12,0.01,0.5,True,1,native
4767,1.0,49,0.01,0.5,True,1,native
4768,1.0,46,0.01,0.5,True,1,native
4769,0.0,100,0.01,0.5,True,1,native
4770,1.0,65,0.01,0.5,True,1,native
4771,1.0,13,0.01,0.5,True,1,native
4772,1.0,32,0.01,0.5,True,1,native
4773,1.0,18,0.01,0.5,True,1,native
4774,1.0,14,0.01,0.5,True,1,native
4775,0.0,37,0.01,0.5,True,1,native
4776,0.0,9,0.01,0.5,True,1,native
4777,1.0,27,0.01,0.5,True,1,native
4778,0.0,15,0.01,0.5,True,1,native
4779,1.0,14,0.01,0.5,True,1,native
4780,1.0,32,0.01,0.5,True,1,native
4781,1.0,63,0.01,0.5,True,1,native
4782,0.0,27,0.01,0.5,True,1,native
4783,1.0,21,0.01,0.5,True,1,native
4784,0.0,61,0.01,0.5,True,1,native
4785,1.0,8,0.01,0.5,True,1,native
4786,0.0,100,0.01,0.5,True,1,native
4787,0.0,8,0.01,0.5,True,1,native
4788,1.0,9,0.01,0.5,True,1,native
4789,0.0,19,0.01,0.5,True,1,native
4790,1.0,33,0.01,0.5,True,1,native
4791,0.0,34,0.01,0.5,True,1,native
4792,1.0,7,0.01,0.5,True,1,native
4793,0.0,46,0.01,0.5,True,1,native
4794,0.0,100,0.01,0.5,True,1,native
4795,1.0,39,0.01,0.5,True,1,native
4796,1.0,41,0.01,0.5,True,1,native
4797,0.0,13,0.01,0.5,True,1,native
4798,0.0,44,0.01,0.5,True,1,native
4799,0.0,22,0.01,0.5,True,1,native
4800,0.0,11,0.01,0.5,True,1,native
4801,1.0,52,0.01,0.5,True,1,native
4802,1.0,74,0.01,0.5,True,1,native
4803,1.0,58,0.01,0.5,True,1,native
4804,0.0,14,0.01,0.5,True,1,native
4805,1.0,37,0.01,0.5,True,1,native
4806,1.0,21,0.01,0.5,True,1,native
4807,0.0,34,0.01,0.5,True,1,native
4808,0.0,22,0.01,0.5,True,1,native
4809,1.0,36,0.01,0.5,True,1,native
4810,1.0,36,0.01,0.5,True,1,native
4811,1.0,35,0.01,0.5,True,1,native
4812,1.0,84,0.01,0.5,True,1,native
4813,0.0,44,0.01,0.5,True,1,native
4814,1.0,7,0.01,0.5,True,1,native
4815,1.0,43,0.01,0.5,True,1,native
4816,0.0,100,0.01,0.5,True,1,native
4817,1.0,22,0.01,0.5,True,1,native
4818,1.0,46,0.01,0.5,True,1,native
4819,1.0,83,0.01,0.5,True,1,native
4820,1.0,29,0.01,0.5,True,1,native
4821,1.0,44,0.01,0.5,True,1,native
4822,1.0,56,0.01,0.5,True,1,native
4823,1.0,30,0.01,0.5,True,1,native
4824,1.0,32,0.01,0.5,True,1,native
4825,0.0,24,0.01,0.5,True,1,native
4826,1.0,76,0.01,0.5,True,1,native
4827,1.0,31,0.01,0.5,True,1,native
4828,1.0,21,0.01,0.5,True,1,native
4829,1.0,27,0.01,0.5,True,1,native
4830,1.0,68,0.01,0.5,True,1,native
4831,0.0,14,0.01,0.5,True,1,native
4832,1.0,47,0.01,0.5,True,1,native
4833,0.0,82,0.01,0.5,True,1,native
4834,1.0,7,0.01,0.5,True,1,native
4835,1.0,7,0.01,0.5,True,1,native
4836,1.0,25,0.01,0.5,True,1,native
4837,1.0,28,0.01,0.5,True,1,native
4838,1.0,30,0.01,0.5,True,1,native
4839,1.0,24,0.01,0.5,True,1,native
4840,0.0,11,0.01,0.5,True,1,native
4841,0.0,100,0.01,0.5,True,1,native
4842,1.0,24,0.01,0.5,True,1,native
4843,1.0,54,0.01,0.5,True,1,native
4844,1.0,83,0.01,0.5,True,1,native
4845,1.0,70,0.01,0.5,True,1,native
4846,0.0,100,0.01,0.5,True,1,native
4847,1.0,43,0.01,0.5,True,1,native
4848,1.0,43,0.01,0.5,True,1,native
4849,1.0,43,0.01,0.5,True,1,native
4850,0.0,52,0.01,0.5,True,1,native
4851,1.0,98,0.01,0.5,True,1,native
4852,1.0,16,0.01,0.5,True,1,native
4853,0.0,29,0.01,0.5,True,1,native
4854,0.0,30,0.01,0.5,True,1,native
4855,1.0,61,0.01,0.5,True,1,native
4856,1.0,77,0.01,0.5,True,1,native
4857,0.0,100,0.01,0.5,True,1,native
4858,1.0,11,0.01,0.5,True,1,native
4859,0.0,21,0.01,0.5,True,1,native
4860,0.0,25,0.01,0.5,True,1,native
4861,0.0,59,0.01,0.5,True,1,native
4862,1.0,29,0.01,0.5,True,1,native
4863,1.0,25,0.01,0.5,True,1,native
4864,0.0,37,0.01,0.5,True,1,native
4865,0.0,78,0.01,0.5,True,1,native
4866,1.0,25,0.01,0.5,True,1,native
4867,0.0,12,0.01,0.5,True,1,native
4868,1.0,31,0.01,0.5,True,1,native
4869,1.0,23,0.01,0.5,True,1,native
4870,0.0,100,0.01,0.5,True,1,native
4871,1.0,60,0.01,0.5,True,1,native
4872,0.0,46,0.01,0.5,True,1,native
4873,1.0,69,0.01,0.5,True,1,native
4874,1.0,49,0.01,0.5,True,1,native
4875,1.0,45,0.01,0.5,True,1,native
4876,1.0,41,0.01,0.5,True,1,native
4877,1.0,71,0.01,0.5,True,1,native
4878,0.0,100,0.01,0.5,True,1,native
4879,0.0,10,0.01,0.5,True,1,native
4880,0.0,28,0.01,0.5,True,1,native
4881,1.0,75,0.01,0.5,True,1,native
4882,0.0,80,0.01,0.5,True,1,native
4883,1.0,33,0.01,0.5,True,1,native
4884,1.0,14,0.01,0.5,True,1,native
4885,0.0,29,0.01,0.5,True,1,native
4886,1.0,10,0.01,0.5,True,1,native
4887,1.0,37,0.01,0.5,True,1,native
4888,1.0,13,0.01,0.5,True,1,native
4889,1.0,19,0.01,0.5,True,1,native
4890,1.0,12,0.01,0.5,True,1,native
4891,1.0,8,0.01,0.5,True,1,native
4892,0.0,58,0.01,0.5,True,1,native
4893,1.0,56,0.01,0.5,True,1,native
4894,0.0,29,0.01,0.5,True,1,native
4895,1.0,58,0.01,0.5,True,1,native
4896,0.0,100,0.01,0.5,True,1,native
4897,0.0,17,0.01,0.5,True,1,native
4898,1.0,16,0.01,0.5,True,1,native
4899,1.0,28,0.01,0.5,True,1,native
4900,1.0,86,0.01,0.5,True,1,native
4901,0.0,100,0.01,0.5,True,1,native
4902,0.0,43,0.01,0.5,True,1,native
4903,0.0,93,0.01,0.5,True,1,native
4904,1.0,96,0.01,0.5,True,1,native
4905,1.0,67,0.01,0.5,True,1,native
4906,1.0,26,0.01,0.5,True,1,native
4907,1.0,12,0.01,0.5,True,1,native
4908,1.0,52,0.01,0.5,True,1,native
4909,1.0,22,0.01,0.5,True,1,native
4910,1.0,23,0.01,0.5,True,1,native
4911,0.0,100,0.01,0.5,True,1,native
4912,1.0,20,0.01,0.5,True,1,native
4913,0.0,100,0.01,0.5,True,1,native
4914,1.0,80,0.01,0.5,True,1,native
4915,0.0,26,0.01,0.5,True,1,native
4916,0.0,100,0.01,0.5,True,1,native
4917,1.0,74,0.01,0.5,True,1,native
4918,1.0,8,0.01,0.5,True,1,native
4919,0.0,9,0.01,0.5,True,1,native
4920,0.0,100,0.01,0.5,True,1,native
4921,1.0,40,0.01,0.5,True,1,native
4922,1.0,36,0.01,0.5,True,1,native
4923,1.0,29,0.01,0.5,True,1,native
4924,0.0,58,0.01,0.5,True,1,native
4925,1.0,61,0.01,0.5,True,1,native
4926,1.0,14,0.01,0.5,True,1,native
4927,0.0,39,0.01,0.5,True,1,native
4928,0.0,95,0.01,0.5,True,1,native
4929,0.0,14,0.01,0.5,True,1,native
4930,0.0,100,0.01,0.5,True,1,native
4931,1.0,29,0.01,0.5,True,1,native
4932,0.0,89,0.01,0.5,True,1,native
4933,0.0,39,0.01,0.5,True,1,native
4934,0.0,17,0.01,0.5,True,1,native
4935,0.0,21,0.01,0.5,True,1,native
4936,0.0,20,0.01,0.5,True,1,native
4937,0.0,85,0.01,0.5,True,1,native
4938,0.0,100,0.01,0.5,True,1,native
4939,0.0,100,0.01,0.5,True,1,native
4940,1.0,42,0.01,0.5,True,1,native
4941,1.0,26,0.01,0.5,True,1,native
4942,1.0,10,0.01,0.5,True,1,native
4943,0.0,100,0.01,0.5,True,1,native
4944,1.0,43,0.01,0.5,True,1,native
4945,1.0,24,0.01,0.5,True,1,native
4946,0.0,63,0.01,0.5,True,1,native
4947,1.0,24,0.01,0.5,True,1,native
4948,1.0,52,0.01,0.5,True,1,native
4949,1.0,46,0.01,0.5,True,1,native
4950,1.0,26,0.01,0.5,True,1,native
4951,1.0,53,0.01,0.5,True,1,native
4952,1.0,21,0.01,0.5,True,1,native
4953,0.0,19,0.01,0.5,True,1,native
4954,1.0,25,0.01,0.5,True,1,native
4955,1.0,44,0.01,0.5,True,1,native
4956,0.0,25,0.01,0.5,True,1,native
4957,1.0,10,0.01,0.5,True,1,native
4958,1.0,18,0.01,0.5,True,1,native
4959,1.0,21,0.01,0.5,True,1,native
4960,1.0,61,0.01,0.5,True,1,native
4961,1.0,43,0.01,0.5,True,1,native
4962,0.0,34,0.01,0.5,True,1,native
4963,1.0,31,0.01,0.5,True,1,native
4964,1.0,26,0.01,0.5,True,1,native
4965,1.0,45,0.01,0.5,True,1,native
4966,1.0,26,0.01,0.5,True,1,native
4967,1.0,52,0.01,0.5,True,1,native
4968,1.0,67,0.01,0.5,True,1,native
4969,1.0,16,0.01,0.5,True,1,native
4970,1.0,93,0.01,0.5,True,1,native
4971,1.0,41,0.01,0.5,True,1,native
4972,1.0,21,0.01,0.5,True,1,native
4973,1.0,25,0.01,0.5,True,1,native
4974,1.0,38,0.01,0.5,True,1,native
4975,0.0,15,0.01,0.5,True,1,native
4976,1.0,8,0.01,0.5,True,1,native
4977,1.0,24,0.01,0.5,True,1,native
4978,0.0,15,0.01,0.5,True,1,native
4979,1.0,44,0.01,0.5,True,1,native
4980,1.0,12,0.01,0.5,True,1,native
4981,1.0,8,0.01,0.5,True,1,native
4982,1.0,50,0.01,0.5,True,1,native
4983,0.0,100,0.01,0.5,True,1,native
4984,1.0,14,0.01,0.5,True,1,native
4985,0.0,17,0.01,0.5,True,1,native
4986,0.0,16,0.01,0.5,True,1,native
4987,1.0,59,0.01,0.5,True,1,native
4988,1.0,7,0.01,0.5,True,1,native
4989,0.0,31,0.01,0.5,True,1,native
4990,1.0,20,0.01,0.5,True,1,native
4991,0.0,30,0.01,0.5,True,1,native
4992,0.0,100,0.01,0.5,True,1,native
4993,1.0,24,0.01,0.5,True,1,native
4994,0.0,86,0.01,0.5,True,1,native
4995,0.0,21,0.01,0.5,True,1,native
4996,1.0,43,0.01,0.5,True,1,native
4997,0.0,100,0.01,0.5,True,1,native
4998,0.0,25,0.01,0.5,True,1,native
4999,1.0,92,0.01,0.5,True,1,native
5000,0.0,100,0.01,0.5,True,1,native
5001,0.0,15,0.01,0.5,True,1,native
5002,0.0,10,0.01,0.5,True,1,native
5003,1.0,51,0.01,0.5,True,1,native
5004,0.0,100,0.01,0.5,True,1,native
5005,0.0,32,0.01,0.5,True,1,native
5006,1.0,37,0.01,0.5,True,1,native
5007,1.0,39,0.01,0.5,True,1,native
5008,0.0,100,0.01,0.5,True,1,native
5009,1.0,17,0.01,0.5,True,1,native
5010,1.0,18,0.01,0.5,True,1,native
5011,0.0,40,0.01,0.5,True,1,native
5012,1.0,29,0.01,0.5,True,1,native
5013,1.0,78,0.01,0.5,True,1,native
5014,0.0,6,0.01,0.5,True,1,native
5015,0.0,100,0.01,0.5,True,1,native
5016,1.0,32,0.01,0.5,True,1,native
5017,1.0,22,0.01,0.5,True,1,native
5018,1.0,66,0.01,0.5,True,1,native
5019,1.0,11,0.01,0.5,True,1,native
5020,1.0,42,0.01,0.5,True,1,native
5021,0.0,27,0.01,0.5,True,1,native
5022,1.0,56,0.01,0.5,True,1,native
5023,1.0,21,0.01,0.5,True,1,native
5024,1.0,40,0.01,0.5,True,1,native
5025,0.0,2,0.01,0.5,True,1,native
5026,1.0,14,0.01,0.5,True,1,native
5027,1.0,44,0.01,0.5,True,1,native
5028,1.0,54,0.01,0.5,True,1,native
5029,0.0,93,0.01,0.5,True,1,native
5030,1.0,78,0.01,0.5,True,1,native
5031,0.0,22,0.01,0.5,True,1,native
5032,0.0,31,0.01,0.5,True,1,native
5033,0.0,29,0.01,0.5,True,1,native
5034,1.0,76,0.01,0.5,True,1,native
5035,0.0,20,0.01,0.5,True,1,native
5036,1.0,26,0.01,0.5,True,1,native
5037,1.0,16,0.01,0.5,True,1,native
5038,0.0,66,0.01,0.5,True,1,native
5039,1.0,47,0.01,0.5,True,1,native
5040,1.0,72,0.01,0.5,True,1,native
5041,1.0,41,0.01,0.5,True,1,native
5042,0.0,73,0.01,0.5,True,1,native
5043,1.0,83,0.01,0.5,True,1,native
5044,1.0,36,0.01,0.5,True,1,native
5045,0.0,39,0.01,0.5,True,1,native
5046,0.0,37,0.01,0.5,True,1,native
5047,1.0,7,0.01,0.5,True,1,native
5048,0.0,100,0.01,0.5,True,1,native
5049,0.0,24,0.01,0.5,True,1,native
5050,0.0,31,0.01,0.5,True,1,native
5051,1.0,44,0.01,0.5,True,1,native
5052,1.0,84,0.01,0.5,True,1,native
5053,1.0,35,0.01,0.5,True,1,native
5054,1.0,71,0.01,0.5,True,1,native
5055,1.0,17,0.01,0.5,True,1,native
5056,0.0,63,0.01,0.5,True,1,native
5057,0.0,10,0.01,0.5,True,1,native
5058,1.0,22,0.01,0.5,True,1,native
5059,1.0,58,0.01,0.5,True,1,native
5060,0.0,9,0.01,0.5,True,1,native
5061,1.0,61,0.01,0.5,True,1,native
5062,1.0,9,0.01,0.5,True,1,native
5063,0.0,5,0.01,0.5,True,1,native
5064,0.0,36,0.01,0.5,True,1,native
5065,1.0,50,0.01,0.5,True,1,native
5066,1.0,45,0.01,0.5,True,1,native
5067,1.0,94,0.01,0.5,True,1,native
5068,1.0,61,0.01,0.5,True,1,native
5069,1.0,13,0.01,0.5,True,1,native
5070,0.0,61,0.01,0.5,True,1,native
5071,0.0,100,0.01,0.5,True,1,native
5072,1.0,17,0.01,0.5,True,1,native
5073,1.0,27,0.01,0.5,True,1,native
5074,1.0,38,0.01,0.5,True,1,native
5075,0.0,100,0.01,0.5,True,1,native
5076,1.0,65,0.01,0.5,True,1,native
5077,1.0,24,0.01,0.5,True,1,native
5078,1.0,31,0.01,0.5,True,1,native
5079,1.0,92,0.01,0.5,True,1,native
5080,1.0,35,0.01,0.5,True,1,native
5081,1.0,33,0.01,0.5,True,1,native
5082,1.0,50,0.01,0.5,True,1,native
5083,0.0,7,0.01,0.5,True,1,native
5084,0.0,12,0.01,0.5,True,1,native
5085,1.0,38,0.01,0.5,True,1,native
5086,0.0,100,0.01,0.5,True,1,native
5087,1.0,39,0.01,0.5,True,1,native
5088,0.0,18,0.01,0.5,True,1,native
5089,1.0,45,0.01,0.5,True,1,native
5090,1.0,7,0.01,0.5,True,1,native
5091,0.0,21,0.01,0.5,True,1,native
5092,1.0,60,0.01,0.5,True,1,native
5093,1.0,55,0.01,0.5,True,1,native
5094,1.0,34,0.01,0.5,True,1,native
5095,1.0,24,0.01,0.5,True,1,native
5096,0.0,20,0.01,0.5,True,1,native
5097,1.0,29,0.01,0.5,True,1,native
5098,1.0,15,0.01,0.5,True,1,native
5099,1.0,35,0.01,0.5,True,1,native
5100,0.0,59,0.01,0.5,True,1,native
5101,0.0,78,0.01,0.5,True,1,native
5102,0.0,15,0.01,0.5,True,1,native
5103,1.0,61,0.01,0.5,True,1,native
5104,1.0,25,0.01,0.5,True,1,native
5105,0.0,100,0.01,0.5,True,1,native
5106,1.0,75,0.01,0.5,True,1,native
5107,1.0,68,0.01,0.5,True,1,native
5108,1.0,41,0.01,0.5,True,1,native
5109,1.0,86,0.01,0.5,True,1,native
5110,1.0,7,0.01,0.5,True,1,native
5111,1.0,29,0.01,0.5,True,1,native
5112,1.0,24,0.01,0.5,True,1,native
5113,1.0,81,0.01,0.5,True,1,native
5114,1.0,36,0.01,0.5,True,1,native
5115,1.0,42,0.01,0.5,True,1,native
5116,0.0,19,0.01,0.5,True,1,native
5117,1.0,38,0.01,0.5,True,1,native
5118,1.0,30,0.01,0.5,True,1,native
5119,1.0,45,0.01,0.5,True,1,native
5120,1.0,15,0.01,0.5,True,1,native
5121,1.0,33,0.01,0.5,True,1,native
5122,1.0,17,0.01,0.5,True,1,native
5123,1.0,33,0.01,0.5,True,1,native
5124,1.0,13,0.01,0.5,True,1,native
5125,0.0,57,0.01,0.5,True,1,native
5126,1.0,13,0.01,0.5,True,1,native
5127,0.0,14,0.01,0.5,True,1,native
5128,1.0,20,0.01,0.5,True,1,native
5129,1.0,100,0.01,0.5,True,1,native
5130,0.0,69,0.01,0.5,True,1,native
5131,1.0,48,0.01,0.5,True,1,native
5132,0.0,7,0.01,0.5,True,1,native
5133,0.0,31,0.01,0.5,True,1,native
5134,0.0,100,0.01,0.5,True,1,native
5135,1.0,21,0.01,0.5,True,1,native
5136,1.0,76,0.01,0.5,True,1,native
5137,1.0,39,0.01,0.5,True,1,native
5138,0.0,27,0.01,0.5,True,1,native
5139,0.0,90,0.01,0.5,True,1,native
5140,1.0,52,0.01,0.5,True,1,native
5141,0.0,100,0.01,0.5,True,1,native
5142,0.0,87,0.01,0.5,True,1,native
5143,1.0,9,0.01,0.5,True,1,native
5144,1.0,23,0.01,0.5,True,1,native
5145,0.0,100,0.01,0.5,True,1,native
5146,0.0,56,0.01,0.5,True,1,native
5147,1.0,28,0.01,0.5,True,1,native
5148,1.0,51,0.01,0.5,True,1,native
5149,1.0,17,0.01,0.5,True,1,native
5150,1.0,77,0.01,0.5,True,1,native
5151,0.0,100,0.01,0.5,True,1,native
5152,0.0,100,0.01,0.5,True,1,native
5153,1.0,27,0.01,0.5,True,1,native
5154,1.0,42,0.01,0.5,True,1,native
5155,0.0,100,0.01,0.5,True,1,native
5156,1.0,27,0.01,0.5,True,1,native
5157,0.0,100,0.01,0.5,True,1,native
5158,0.0,100,0.01,0.5,True,1,native
5159,0.0,100,0.01,0.5,True,1,native
5160,0.0,6,0.01,0.5,True,1,native
5161,0.0,100,0.01,0.5,True,1,native
5162,1.0,15,0.01,0.5,True,1,native
5163,1.0,27,0.01,0.5,True,1,native
5164,1.0,41,0.01,0.5,True,1,native
5165,0.0,100,0.01,0.5,True,1,native
5166,0.0,19,0.01,0.5,True,1,native
5167,1.0,17,0.01,0.5,True,1,native
5168,1.0,65,0.01,0.5,True,1,native
5169,0.0,97,0.01,0.5,True,1,native
5170,0.0,5,0.01,0.5,True,1,native
5171,0.0,100,0.01,0.5,True,1,native
5172,0.0,27,0.01,0.5,True,1,native
5173,1.0,14,0.01,0.5,True,1,native
5174,1.0,18,0.01,0.5,True,1,native
5175,0.0,100,0.01,0.5,True,1,native
5176,0.0,13,0.01,0.5,True,1,native
5177,1.0,20,0.01,0.5,True,1,native
5178,1.0,21,0.01,0.5,True,1,native
5179,1.0,11,0.01,0.5,True,1,native
5180,0.0,100,0.01,0.5,True,1,native
5181,0.0,100,0.01,0.5,True,1,native
5182,0.0,6,0.01,0.5,True,1,native
5183,1.0,8,0.01,0.5,True,1,native
5184,1.0,44,0.01,0.5,True,1,native
5185,1.0,11,0.01,0.5,True,1,native
5186,0.0,92,0.01,0.5,True,1,native
5187,0.0,100,0.01,0.5,True,1,native
5188,1.0,13,0.01,0.5,True,1,native
5189,1.0,48,0.01,0.5,True,1,native
5190,1.0,27,0.01,0.5,True,1,native
5191,0.0,35,0.01,0.5,True,1,native
5192,1.0,29,0.01,0.5,True,1,native
5193,0.0,99,0.01,0.5,True,1,native
5194,0.0,15,0.01,0.5,True,1,native
5195,0.0,100,0.01,0.5,True,1,native
5196,0.0,26,0.01,0.5,True,1,native
5197,1.0,29,0.01,0.5,True,1,native
5198,0.0,30,0.01,0.5,True,1,native
5199,0.0,31,0.01,0.5,True,1,native
5200,0.0,14,0.01,0.5,True,1,native
5201,1.0,78,0.01,0.5,True,1,native
5202,1.0,24,0.01,0.5,True,1,native
5203,0.0,78,0.01,0.5,True,1,native
5204,0.0,15,0.01,0.5,True,1,native
5205,0.0,35,0.01,0.5,True,1,native
5206,1.0,66,0.01,0.5,True,1,native
5207,0.0,22,0.01,0.5,True,1,native
5208,1.0,10,0.01,0.5,True,1,native
5209,1.0,53,0.01,0.5,True,1,native
5210,1.0,47,0.01,0.5,True,1,native
5211,0.0,17,0.01,0.5,True,1,native
5212,1.0,13,0.01,0.5,True,1,native
5213,1.0,24,0.01,0.5,True,1,native
5214,0.0,30,0.01,0.5,True,1,native
5215,1.0,21,0.01,0.5,True,1,native
5216,0.0,30,0.01,0.5,True,1,native
5217,1.0,28,0.01,0.5,True,1,native
5218,0.0,7,0.01,0.5,True,1,native
5219,1.0,37,0.01,0.5,True,1,native
5220,1.0,21,0.01,0.5,True,1,native
5221,1.0,18,0.01,0.5,True,1,native
5222,1.0,54,0.01,0.5,True,1,native
5223,1.0,26,0.01,0.5,True,1,native
5224,1.0,17,0.01,0.5,True,1,native
5225,1.0,57,0.01,0.5,True,1,native
5226,0.0,55,0.01,0.5,True,1,native
5227,1.0,73,0.01,0.5,True,1,native
5228,1.0,52,0.01,0.5,True,1,native
5229,0.0,15,0.01,0.5,True,1,native
5230,0.0,49,0.01,0.5,True,1,native
5231,0.0,7,0.01,0.5,True,1,native
5232,1.0,16,0.01,0.5,True,1,native
5233,1.0,23,0.01,0.5,True,1,native
5234,0.0,96,0.01,0.5,True,1,native
5235,1.0,52,0.01,0.5,True,1,native
5236,1.0,32,0.01,0.5,True,1,native
5237,1.0,48,0.01,0.5,True,1,native
5238,1.0,55,0.01,0.5,True,1,native
5239,0.0,12,0.01,0.5,True,1,native
5240,0.0,100,0.01,0.5,True,1,native
5241,1.0,15,0.01,0.5,True,1,native
5242,1.0,16,0.01,0.5,True,1,native
5243,0.0,100,0.01,0.5,True,1,native
5244,1.0,6,0.01,0.5,True,1,native
5245,1.0,37,0.01,0.5,True,1,native
5246,0.0,100,0.01,0.5,True,1,native
5247,0.0,100,0.01,0.5,True,1,native
5248,0.0,30,0.01,0.5,True,1,native
5249,1.0,48,0.01,0.5,True,1,native
5250,1.0,36,0.01,0.5,True,1,native
5251,1.0,72,0.01,0.5,True,1,native
5252,1.0,35,0.01,0.5,True,1,native
5253,0.0,40,0.01,0.5,True,1,native
5254,1.0,12,0.01,0.5,True,1,native
5255,1.0,19,0.01,0.5,True,1,native
5256,0.0,4,0.01,0.5,True,1,native
5257,1.0,15,0.01,0.5,True,1,native
5258,0.0,90,0.01,0.5,True,1,native
5259,0.0,54,0.01,0.5,True,1,native
5260,1.0,10,0.01,0.5,True,1,native
5261,0.0,43,0.01,0.5,True,1,native
5262,1.0,21,0.01,0.5,True,1,native
5263,1.0,73,0.01,0.5,True,1,native
5264,1.0,11,0.01,0.5,True,1,native
5265,1.0,83,0.01,0.5,True,1,native
5266,1.0,17,0.01,0.5,True,1,native
5267,0.0,100,0.01,0.5,True,1,native
5268,1.0,71,0.01,0.5,True,1,native
5269,1.0,16,0.01,0.5,True,1,native
5270,0.0,49,0.01,0.5,True,1,native
5271,1.0,35,0.01,0.5,True,1,native
5272,0.0,100,0.01,0.5,True,1,native
5273,1.0,36,0.01,0.5,True,1,native
5274,0.0,100,0.01,0.5,True,1,native
5275,1.0,68,0.01,0.5,True,1,native
5276,1.0,26,0.01,0.5,True,1,native
5277,1.0,30,0.01,0.5,True,1,native
5278,1.0,78,0.01,0.5,True,1,native
5279,0.0,28,0.01,0.5,True,1,native
5280,1.0,59,0.01,0.5,True,1,native
5281,1.0,18,0.01,0.5,True,1,native
5282,1.0,14,0.01,0.5,True,1,native
5283,1.0,15,0.01,0.5,True,1,native
5284,1.0,47,0.01,0.5,True,1,native
5285,1.0,15,0.01,0.5,True,1,native
5286,0.0,94,0.01,0.5,True,1,native
5287,0.0,12,0.01,0.5,True,1,native
5288,1.0,77,0.01,0.5,True,1,native
5289,1.0,23,0.01,0.5,True,1,native
5290,1.0,6,0.01,0.5,True,1,native
5291,1.0,16,0.01,0.5,True,1,native
5292,1.0,68,0.01,0.5,True,1,native
5293,1.0,11,0.01,0.5,True,1,native
5294,0.0,100,0.01,0.5,True,1,native
5295,1.0,63,0.01,0.5,True,1,native
5296,1.0,14,0.01,0.5,True,1,native
5297,1.0,33,0.01,0.5,True,1,native
5298,1.0,32,0.01,0.5,True,1,native
5299,1.0,28,0.01,0.5,True,1,native
5300,0.0,100,0.01,0.5,True,1,native
5301,1.0,12,0.01,0.5,True,1,native
5302,0.0,100,0.01,0.5,True,1,native
5303,1.0,56,0.01,0.5,True,1,native
5304,1.0,17,0.01,0.5,True,1,native
5305,0.0,11,0.01,0.5,True,1,native
5306,1.0,23,0.01,0.5,True,1,native
5307,1.0,17,0.01,0.5,True,1,native
5308,0.0,27,0.01,0.5,True,1,native
5309,1.0,17,0.01,0.5,True,1,native
5310,1.0,52,0.01,0.5,True,1,native
5311,0.0,85,0.01,0.5,True,1,native
5312,1.0,43,0.01,0.5,True,1,native
5313,1.0,14,0.01,0.5,True,1,native
5314,0.0,8,0.01,0.5,True,1,native
5315,1.0,17,0.01,0.5,True,1,native
5316,1.0,17,0.01,0.5,True,1,native
5317,1.0,22,0.01,0.5,True,1,native
5318,1.0,85,0.01,0.5,True,1,native
5319,1.0,11,0.01,0.5,True,1,native
5320,0.0,52,0.01,0.5,True,1,native
5321,0.0,100,0.01,0.5,True,1,native
5322,0.0,59,0.01,0.5,True,1,native
5323,1.0,20,0.01,0.5,True,1,native
5324,0.0,6,0.01,0.5,True,1,native
5325,1.0,36,0.01,0.5,True,1,native
5326,1.0,22,0.01,0.5,True,1,native
5327,0.0,100,0.01,0.5,True,1,native
5328,0.0,100,0.01,0.5,True,1,native
5329,0.0,10,0.01,0.5,True,1,native
5330,1.0,88,0.01,0.5,True,1,native
5331,0.0,8,0.01,0.5,True,1,native
5332,1.0,45,0.01,0.5,True,1,native
5333,0.0,52,0.01,0.5,True,1,native
5334,0.0,38,0.01,0.5,True,1,native
5335,0.0,26,0.01,0.5,True,1,native
5336,0.0,58,0.01,0.5,True,1,native
5337,1.0,11,0.01,0.5,True,1,native
5338,1.0,75,0.01,0.5,True,1,native
5339,1.0,53,0.01,0.5,True,1,native
5340,1.0,25,0.01,0.5,True,1,native
5341,1.0,10,0.01,0.5,True,1,native
5342,1.0,36,0.01,0.5,True,1,native
5343,0.0,78,0.01,0.5,True,1,native
5344,0.0,7,0.01,0.5,True,1,native
5345,0.0,4,0.01,0.5,True,1,native
5346,1.0,20,0.01,0.5,True,1,native
5347,1.0,17,0.01,0.5,True,1,native
5348,1.0,68,0.01,0.5,True,1,native
5349,0.0,100,0.01,0.5,True,1,native
5350,1.0,12,0.01,0.5,True,1,native
5351,0.0,100,0.01,0.5,True,1,native
5352,0.0,12,0.01,0.5,True,1,native
5353,1.0,21,0.01,0.5,True,1,native
5354,1.0,53,0.01,0.5,True,1,native
5355,1.0,14,0.01,0.5,True,1,native
5356,1.0,10,0.01,0.5,True,1,native
5357,1.0,58,0.01,0.5,True,1,native
5358,1.0,98,0.01,0.5,True,1,native
5359,0.0,36,0.01,0.5,True,1,native
5360,1.0,34,0.01,0.5,True,1,native
5361,1.0,31,0.01,0.5,True,1,native
5362,1.0,20,0.01,0.5,True,1,native
5363,1.0,38,0.01,0.5,True,1,native
5364,1.0,37,0.01,0.5,True,1,native
5365,1.0,86,0.01,0.5,True,1,native
5366,1.0,12,0.01,0.5,True,1,native
5367,1.0,13,0.01,0.5,True,1,native
5368,1.0,19,0.01,0.5,True,1,native
5369,0.0,100,0.01,0.5,True,1,native
5370,0.0,28,0.01,0.5,True,1,native
5371,1.0,59,0.01,0.5,True,1,native
5372,1.0,50,0.01,0.5,True,1,native
5373,0.0,56,0.01,0.5,True,1,native
5374,1.0,37,0.01,0.5,True,1,native
5375,0.0,73,0.01,0.5,True,1,native
5376,0.0,39,0.01,0.5,True,1,native
5377,1.0,28,0.01,0.5,True,1,native
5378,0.0,68,0.01,0.5,True,1,native
5379,1.0,17,0.01,0.5,True,1,native
5380,1.0,22,0.01,0.5,True,1,native
5381,0.0,47,0.01,0.5,True,1,native
5382,1.0,95,0.01,0.5,True,1,native
5383,0.0,100,0.01,0.5,True,1,native
5384,1.0,28,0.01,0.5,True,1,native
5385,0.0,100,0.01,0.5,True,1,native
5386,1.0,13,0.01,0.5,True,1,native
5387,1.0,76,0.01,0.5,True,1,native
5388,0.0,18,0.01,0.5,True,1,native
5389,1.0,12,0.01,0.5,True,1,native
5390,0.0,100,0.01,0.5,True,1,native
5391,1.0,24,0.01,0.5,True,1,native
5392,0.0,100,0.01,0.5,True,1,native
5393,1.0,98,0.01,0.5,True,1,native
5394,0.0,6,0.01,0.5,True,1,native
5395,0.0,45,0.01,0.5,True,1,native
5396,0.0,24,0.01,0.5,True,1,native
5397,0.0,96,0.01,0.5,True,1,native
5398,0.0,46,0.01,0.5,True,1,native
5399,1.0,49,0.01,0.5,True,1,native
5400,0.0,8,0.01,0.5,True,1,native
5401,0.0,5,0.01,0.5,True,1,native
5402,0.0,100,0.01,0.5,True,1,native
5403,0.0,17,0.01,0.5,True,1,native
5404,0.0,7,0.01,0.5,True,1,native
5405,0.0,5,0.01,0.5,True,1,native
5406,1.0,69,0.01,0.5,True,1,native
5407,0.0,44,0.01,0.5,True,1,native
5408,1.0,31,0.01,0.5,True,1,native
5409,0.0,43,0.01,0.5,True,1,native
5410,0.0,56,0.01,0.5,True,1,native
5411,1.0,33,0.01,0.5,True,1,native
5412,1.0,49,0.01,0.5,True,1,native
5413,0.0,100,0.01,0.5,True,1,native
5414,1.0,37,0.01,0.5,True,1,native
5415,0.0,11,0.01,0.5,True,1,native
5416,0.0,24,0.01,0.5,True,1,native
5417,1.0,14,0.01,0.5,True,1,native
5418,0.0,29,0.01,0.5,True,1,native
5419,1.0,25,0.01,0.5,True,1,native
5420,0.0,58,0.01,0.5,True,1,native
5421,1.0,36,0.01,0.5,True,1,native
5422,0.0,100,0.01,0.5,True,1,native
5423,1.0,53,0.01,0.5,True,1,native
5424,1.0,67,0.01,0.5,True,1,native
5425,0.0,42,0.01,0.5,True,1,native
5426,1.0,19,0.01,0.5,True,1,native
5427,0.0,91,0.01,0.5,True,1,native
5428,1.0,63,0.01,0.5,True,1,native
5429,1.0,26,0.01,0.5,True,1,native
5430,1.0,36,0.01,0.5,True,1,native
5431,1.0,63,0.01,0.5,True,1,native
5432,0.0,100,0.01,0.5,True,1,native
5433,0.0,25,0.01,0.5,True,1,native
5434,1.0,33,0.01,0.5,True,1,native
5435,1.0,29,0.01,0.5,True,1,native
5436,1.0,55,0.01,0.5,True,1,native
5437,1.0,11,0.01,0.5,True,1,native
5438,1.0,52,0.01,0.5,True,1,native
5439,1.0,26,0.01,0.5,True,1,native
5440,1.0,11,0.01,0.5,True,1,native
5441,1.0,8,0.01,0.5,True,1,native
5442,1.0,29,0.01,0.5,True,1,native
5443,1.0,9,0.01,0.5,True,1,native
5444,0.0,4,0.01,0.5,True,1,native
5445,1.0,39,0.01,0.5,True,1,native
5446,1.0,54,0.01,0.5,True,1,native
5447,1.0,6,0.01,0.5,True,1,native
5448,1.0,22,0.01,0.5,True,1,native
5449,1.0,52,0.01,0.5,True,1,native
5450,1.0,16,0.01,0.5,True,1,native
5451,1.0,42,0.01,0.5,True,1,native
5452,1.0,46,0.01,0.5,True,1,native
5453,1.0,45,0.01,0.5,True,1,native
5454,1.0,29,0.01,0.5,True,1,native
5455,1.0,25,0.01,0.5,True,1,native
5456,1.0,38,0.01,0.5,True,1,native
5457,1.0,26,0.01,0.5,True,1,native
5458,0.0,21,0.01,0.5,True,1,native
5459,0.0,100,0.01,0.5,True,1,native
5460,1.0,10,0.01,0.5,True,1,native
5461,1.0,42,0.01,0.5,True,1,native
5462,1.0,57,0.01,0.5,True,1,native
5463,1.0,42,0.01,0.5,True,1,native
5464,1.0,17,0.01,0.5,True,1,native
5465,1.0,15,0.01,0.5,True,1,native
5466,0.0,67,0.01,0.5,True,1,native
5467,0.0,22,0.01,0.5,True,1,native
5468,1.0,56,0.01,0.5,True,1,native
5469,1.0,10,0.01,0.5,True,1,native
5470,1.0,73,0.01,0.5,True,1,native
5471,0.0,54,0.01,0.5,True,1,native
5472,1.0,8,0.01,0.5,True,1,native
5473,1.0,26,0.01,0.5,True,1,native
5474,1.0,14,0.01,0.5,True,1,native
5475,1.0,38,0.01,0.5,True,1,native
5476,1.0,21,0.01,0.5,True,1,native
5477,1.0,14,0.01,0.5,True,1,native
5478,1.0,90,0.01,0.5,True,1,native
5479,1.0,76,0.01,0.5,True,1,native
5480,1.0,29,0.01,0.5,True,1,native
5481,1.0,52,0.01,0.5,True,1,native
5482,0.0,13,0.01,0.5,True,1,native
5483,1.0,44,0.01,0.5,True,1,native
5484,1.0,28,0.01,0.5,True,1,native
5485,1.0,85,0.01,0.5,True,1,native
5486,1.0,22,0.01,0.5,True,1,native
5487,1.0,29,0.01,0.5,True,1,native
5488,1.0,38,0.01,0.5,True,1,native
5489,1.0,12,0.01,0.5,True,1,native
5490,0.0,17,0.01,0.5,True,1,native
5491,0.0,48,0.01,0.5,True,1,native
5492,1.0,72,0.01,0.5,True,1,native
5493,1.0,29,0.01,0.5,True,1,native
5494,1.0,49,0.01,0.5,True,1,native
5495,1.0,51,0.01,0.5,True,1,native
5496,1.0,19,0.01,0.5,True,1,native
5497,1.0,32,0.01,0.5,True,1,native
5498,1.0,36,0.01,0.5,True,1,native
5499,1.0,81,0.01,0.5,True,1,native
5500,1.0,14,0.01,0.5,True,1,native
5501,1.0,23,0.01,0.5,True,1,native
5502,1.0,46,0.01,0.5,True,1,native
5503,1.0,26,0.01,0.5,True,1,native
5504,1.0,21,0.01,0.5,True,1,native
5505,1.0,13,0.01,0.5,True,1,native
5506,1.0,53,0.01,0.5,True,1,native
5507,1.0,7,0.01,0.5,True,1,native
5508,1.0,34,0.01,0.5,True,1,native
5509,1.0,18,0.01,0.5,True,1,native
5510,1.0,29,0.01,0.5,True,1,native
5511,1.0,68,0.01,0.5,True,1,native
5512,1.0,34,0.01,0.5,True,1,native
5513,1.0,9,0.01,0.5,True,1,native
5514,1.0,19,0.01,0.5,True,1,native
5515,0.0,100,0.01,0.5,True,1,native
5516,1.0,37,0.01,0.5,True,1,native
5517,0.0,100,0.01,0.5,True,1,native
5518,1.0,18,0.01,0.5,True,1,native
5519,1.0,17,0.01,0.5,True,1,native
5520,1.0,56,0.01,0.5,True,1,native
5521,1.0,68,0.01,0.5,True,1,native
5522,1.0,34,0.01,0.5,True,1,native
5523,0.0,100,0.01,0.5,True,1,native
5524,0.0,10,0.01,0.5,True,1,native
5525,1.0,38,0.01,0.5,True,1,native
5526,1.0,28,0.01,0.5,True,1,native
5527,0.0,40,0.01,0.5,True,1,native
5528,1.0,30,0.01,0.5,True,1,native
5529,1.0,75,0.01,0.5,True,1,native
5530,0.0,34,0.01,0.5,True,1,native
5531,0.0,91,0.01,0.5,True,1,native
5532,1.0,19,0.01,0.5,True,1,native
5533,0.0,20,0.01,0.5,True,1,native
5534,1.0,52,0.01,0.5,True,1,native
5535,0.0,41,0.01,0.5,True,1,native
5536,1.0,66,0.01,0.5,True,1,native
5537,1.0,19,0.01,0.5,True,1,native
5538,1.0,12,0.01,0.5,True,1,native
5539,1.0,60,0.01,0.5,True,1,native
5540,1.0,25,0.01,0.5,True,1,native
5541,1.0,40,0.01,0.5,True,1,native
5542,0.0,100,0.01,0.5,True,1,native
5543,0.0,39,0.01,0.5,True,1,native
5544,1.0,75,0.01,0.5,True,1,native
5545,1.0,38,0.01,0.5,True,1,native
5546,0.0,22,0.01,0.5,True,1,native
5547,1.0,34,0.01,0.5,True,1,native
5548,1.0,50,0.01,0.5,True,1,native
5549,0.0,20,0.01,0.5,True,1,native
5550,0.0,28,0.01,0.5,True,1,native
5551,1.0,52,0.01,0.5,True,1,native
5552,0.0,3,0.01,0.5,True,1,native
5553,0.0,7,0.01,0.5,True,1,native
5554,0.0,10,0.01,0.5,True,1,native
5555,0.0,50,0.01,0.5,True,1,native
5556,0.0,57,0.01,0.5,True,1,native
5557,0.0,25,0.01,0.5,True,1,native
5558,0.0,100,0.01,0.5,True,1,native
5559,1.0,46,0.01,0.5,True,1,native
5560,1.0,45,0.01,0.5,True,1,native
5561,0.0,22,0.01,0.5,True,1,native
5562,1.0,8,0.01,0.5,True,1,native
5563,0.0,7,0.01,0.5,True,1,native
5564,0.0,42,0.01,0.5,True,1,native
5565,1.0,56,0.01,0.5,True,1,native
5566,1.0,60,0.01,0.5,True,1,native
5567,0.0,100,0.01,0.5,True,1,native
5568,1.0,64,0.01,0.5,True,1,native
5569,1.0,10,0.01,0.5,True,1,native
5570,1.0,35,0.01,0.5,True,1,native
5571,1.0,34,0.01,0.5,True,1,native
5572,0.0,100,0.01,0.5,True,1,native
5573,1.0,30,0.01,0.5,True,1,native
5574,1.0,95,0.01,0.5,True,1,native
5575,0.0,34,0.01,0.5,True,1,native
5576,0.0,26,0.01,0.5,True,1,native
5577,1.0,31,0.01,0.5,True,1,native
5578,0.0,36,0.01,0.5,True,1,native
5579,1.0,50,0.01,0.5,True,1,native
5580,0.0,8,0.01,0.5,True,1,native
5581,1.0,18,0.01,0.5,True,1,native
5582,0.0,44,0.01,0.5,True,1,native
5583,0.0,27,0.01,0.5,True,1,native
5584,1.0,24,0.01,0.5,True,1,native
5585,1.0,17,0.01,0.5,True,1,native
5586,1.0,20,0.01,0.5,True,1,native
5587,1.0,14,0.01,0.5,True,1,native
5588,0.0,88,0.01,0.5,True,1,native
5589,1.0,28,0.01,0.5,True,1,native
5590,1.0,51,0.01,0.5,True,1,native
5591,1.0,47,0.01,0.5,True,1,native
5592,0.0,37,0.01,0.5,True,1,native
5593,1.0,23,0.01,0.5,True,1,native
5594,1.0,17,0.01,0.5,True,1,native
5595,1.0,58,0.01,0.5,True,1,native
5596,1.0,45,0.01,0.5,True,1,native
5597,0.0,14,0.01,0.5,True,1,native
5598,1.0,42,0.01,0.5,True,1,native
5599,0.0,18,0.01,0.5,True,1,native
5600,1.0,8,0.01,0.5,True,1,native
5601,0.0,87,0.01,0.5,True,1,native
5602,1.0,49,0.01,0.5,True,1,native
5603,1.0,31,0.01,0.5,True,1,native
5604,1.0,29,0.01,0.5,True,1,native
5605,1.0,21,0.01,0.5,True,1,native
5606,1.0,18,0.01,0.5,True,1,native
5607,1.0,86,0.01,0.5,True,1,native
5608,0.0,100,0.01,0.5,True,1,native
5609,1.0,18,0.01,0.5,True,1,native
5610,1.0,18,0.01,0.5,True,1,native
5611,0.0,100,0.01,0.5,True,1,native
5612,1.0,17,0.01,0.5,True,1,native
5613,1.0,14,0.01,0.5,True,1,native
5614,1.0,87,0.01,0.5,True,1,native
5615,1.0,48,0.01,0.5,True,1,native
5616,0.0,43,0.01,0.5,True,1,native
5617,1.0,11,0.01,0.5,True,1,native
5618,1.0,43,0.01,0.5,True,1,native
5619,1.0,11,0.01,0.5,True,1,native
5620,0.0,100,0.01,0.5,True,1,native
5621,0.0,100,0.01,0.5,True,1,native
5622,1.0,12,0.01,0.5,True,1,native
5623,0.0,21,0.01,0.5,True,1,native
5624,1.0,33,0.01,0.5,True,1,native
5625,0.0,19,0.01,0.5,True,1,native
5626,0.0,57,0.01,0.5,True,1,native
5627,0.0,6,0.01,0.5,True,1,native
5628,0.0,6,0.01,0.5,True,1,native
5629,0.0,100,0.01,0.5,True,1,native
5630,0.0,21,0.01,0.5,True,1,native
5631,0.0,10,0.01,0.5,True,1,native
5632,1.0,8,0.01,0.5,True,1,native
5633,0.0,54,0.01,0.5,True,1,native
5634,1.0,17,0.01,0.5,True,1,native
5635,0.0,93,0.01,0.5,True,1,native
5636,1.0,16,0.01,0.5,True,1,native
5637,0.0,22,0.01,0.5,True,1,native
5638,0.0,27,0.01,0.5,True,1,native
5639,0.0,2,0.01,0.5,True,1,native
5640,0.0,37,0.01,0.5,True,1,native
5641,1.0,18,0.01,0.5,True,1,native
5642,1.0,97,0.01,0.5,True,1,native
5643,1.0,32,0.01,0.5,True,1,native
5644,1.0,89,0.01,0.5,True,1,native
5645,1.0,84,0.01,0.5,True,1,native
5646,0.0,19,0.01,0.5,True,1,native
5647,1.0,17,0.01,0.5,True,1,native
5648,1.0,41,0.01,0.5,True,1,native
5649,0.0,77,0.01,0.5,True,1,native
5650,1.0,10,0.01,0.5,True,1,native
5651,0.0,66,0.01,0.5,True,1,native
5652,1.0,11,0.01,0.5,True,1,native
5653,1.0,37,0.01,0.5,True,1,native
5654,0.0,39,0.01,0.5,True,1,native
5655,0.0,100,0.01,0.5,True,1,native
5656,1.0,20,0.01,0.5,True,1,native
5657,1.0,15,0.01,0.5,True,1,native
5658,1.0,34,0.01,0.5,True,1,native
5659,1.0,70,0.01,0.5,True,1,native
5660,1.0,18,0.01,0.5,True,1,native
5661,0.0,58,0.01,0.5,True,1,native
5662,1.0,27,0.01,0.5,True,1,native
5663,1.0,14,0.01,0.5,True,1,native
5664,1.0,13,0.01,0.5,True,1,native
5665,0.0,100,0.01,0.5,True,1,native
5666,1.0,53,0.01,0.5,True,1,native
5667,1.0,25,0.01,0.5,True,1,native
5668,1.0,6,0.01,0.5,True,1,native
5669,1.0,50,0.01,0.5,True,1,native
5670,1.0,40,0.01,0.5,True,1,native
5671,0.0,100,0.01,0.5,True,1,native
5672,0.0,24,0.01,0.5,True,1,native
5673,1.0,36,0.01,0.5,True,1,native
5674,1.0,12,0.01,0.5,True,1,native
5675,1.0,66,0.01,0.5,True,1,native
5676,0.0,32,0.01,0.5,True,1,native
5677,1.0,14,0.01,0.5,True,1,native
5678,0.0,100,0.01,0.5,True,1,native
5679,0.0,7,0.01,0.5,True,1,native
5680,1.0,17,0.01,0.5,True,1,native
5681,0.0,100,0.01,0.5,True,1,native
5682,0.0,100,0.01,0.5,True,1,native
5683,1.0,48,0.01,0.5,True,1,native
5684,0.0,100,0.01,0.5,True,1,native
5685,1.0,73,0.01,0.5,True,1,native
5686,1.0,81,0.01,0.5,True,1,native
5687,1.0,35,0.01,0.5,True,1,native
5688,1.0,20,0.01,0.5,True,1,native
5689,1.0,23,0.01,0.5,True,1,native
5690,1.0,79,0.01,0.5,True,1,native
5691,0.0,30,0.01,0.5,True,1,native
5692,1.0,23,0.01,0.5,True,1,native
5693,0.0,19,0.01,0.5,True,1,native
5694,0.0,34,0.01,0.5,True,1,native
5695,1.0,29,0.01,0.5,True,1,native
5696,1.0,56,0.01,0.5,True,1,native
5697,0.0,7,0.01,0.5,True,1,native
5698,1.0,59,0.01,0.5,True,1,native
5699,1.0,11,0.01,0.5,True,1,native
5700,1.0,31,0.01,0.5,True,1,native
5701,1.0,11,0.01,0.5,True,1,native
5702,1.0,58,0.01,0.5,True,1,native
5703,0.0,100,0.01,0.5,True,1,native
5704,1.0,25,0.01,0.5,True,1,native
5705,1.0,42,0.01,0.5,True,1,native
5706,1.0,23,0.01,0.5,True,1,native
5707,1.0,55,0.01,0.5,True,1,native
5708,1.0,91,0.01,0.5,True,1,native
5709,1.0,44,0.01,0.5,True,1,native
5710,0.0,80,0.01,0.5,True,1,native
5711,1.0,15,0.01,0.5,True,1,native
5712,0.0,37,0.01,0.5,True,1,native
5713,0.0,33,0.01,0.5,True,1,native
5714,0.0,96,0.01,0.5,True,1,native
5715,1.0,18,0.01,0.5,True,1,native
5716,0.0,78,0.01,0.5,True,1,native
5717,1.0,39,0.01,0.5,True,1,native
5718,1.0,65,0.01,0.5,True,1,native
5719,0.0,100,0.01,0.5,True,1,native
5720,1.0,14,0.01,0.5,True,1,native
5721,1.0,11,0.01,0.5,True,1,native
5722,0.0,56,0.01,0.5,True,1,native
5723,1.0,45,0.01,0.5,True,1,native
5724,0.0,18,0.01,0.5,True,1,native
5725,1.0,89,0.01,0.5,True,1,native
5726,1.0,18,0.01,0.5,True,1,native
5727,0.0,9,0.01,0.5,True,1,native
5728,0.0,100,0.01,0.5,True,1,native
5729,1.0,59,0.01,0.5,True,1,native
5730,0.0,100,0.01,0.5,True,1,native
5731,0.0,100,0.01,0.5,True,1,native
5732,0.0,11,0.01,0.5,True,1,native
5733,1.0,52,0.01,0.5,True,1,native
5734,0.0,19,0.01,0.5,True,1,native
5735,1.0,33,0.01,0.5,True,1,native
5736,1.0,32,0.01,0.5,True,1,native
5737,1.0,25,0.01,0.5,True,1,native
5738,0.0,100,0.01,0.5,True,1,native
5739,0.0,39,0.01,0.5,True,1,native
5740,0.0,100,0.01,0.5,True,1,native
5741,0.0,100,0.01,0.5,True,1,native
5742,1.0,67,0.01,0.5,True,1,native
5743,0.0,100,0.01,0.5,True,1,native
5744,1.0,47,0.01,0.5,True,1,native
5745,0.0,9,0.01,0.5,True,1,native
5746,0.0,29,0.01,0.5,True,1,native
5747,1.0,37,0.01,0.5,True,1,native
5748,1.0,22,0.01,0.5,True,1,native
5749,1.0,11,0.01,0.5,True,1,native
5750,1.0,28,0.01,0.5,True,1,native
5751,0.0,11,0.01,0.5,True,1,native
5752,1.0,32,0.01,0.5,True,1,native
5753,1.0,86,0.01,0.5,True,1,native
5754,0.0,81,0.01,0.5,True,1,native
5755,1.0,65,0.01,0.5,True,1,native
5756,0.0,8,0.01,0.5,True,1,native
5757,1.0,18,0.01,0.5,True,1,native
5758,1.0,34,0.01,0.5,True,1,native
5759,0.0,100,0.01,0.5,True,1,native
5760,0.0,100,0.01,0.5,True,1,native
5761,1.0,79,0.01,0.5,True,1,native
5762,1.0,100,0.01,0.5,True,1,native
5763,0.0,73,0.01,0.5,True,1,native
5764,1.0,10,0.01,0.5,True,1,native
5765,0.0,100,0.01,0.5,True,1,native
5766,1.0,44,0.01,0.5,True,1,native
5767,1.0,96,0.01,0.5,True,1,native
5768,1.0,47,0.01,0.5,True,1,native
5769,1.0,31,0.01,0.5,True,1,native
5770,0.0,10,0.01,0.5,True,1,native
5771,0.0,16,0.01,0.5,True,1,native
5772,1.0,52,0.01,0.5,True,1,native
5773,0.0,9,0.01,0.5,True,1,native
5774,0.0,22,0.01,0.5,True,1,native
5775,1.0,32,0.01,0.5,True,1,native
5776,1.0,35,0.01,0.5,True,1,native
5777,1.0,73,0.01,0.5,True,1,native
5778,1.0,26,0.01,0.5,True,1,native
5779,1.0,42,0.01,0.5,True,1,native
5780,0.0,100,0.01,0.5,True,1,native
5781,1.0,77,0.01,0.5,True,1,native
5782,1.0,46,0.01,0.5,True,1,native
5783,0.0,13,0.01,0.5,True,1,native
5784,1.0,31,0.01,0.5,True,1,native
5785,1.0,21,0.01,0.5,True,1,native
5786,0.0,27,0.01,0.5,True,1,native
5787,0.0,8,0.01,0.5,True,1,native
5788,0.0,9,0.01,0.5,True,1,native
5789,0.0,49,0.01,0.5,True,1,native
5790,0.0,16,0.01,0.5,True,1,native
5791,1.0,24,0.01,0.5,True,1,native
5792,0.0,100,0.01,0.5,True,1,native
5793,0.0,100,0.01,0.5,True,1,native
5794,0.0,100,0.01,0.5,True,1,native
5795,0.0,72,0.01,0.5,True,1,native
5796,0.0,90,0.01,0.5,True,1,native
5797,0.0,47,0.01,0.5,True,1,native
5798,1.0,14,0.01,0.5,True,1,native
5799,0.0,54,0.01,0.5,True,1,native
5800,1.0,66,0.01,0.5,True,1,native
5801,0.0,10,0.01,0.5,True,1,native
5802,1.0,12,0.01,0.5,True,1,native
5803,1.0,28,0.01,0.5,True,1,native
5804,1.0,20,0.01,0.5,True,1,native
5805,1.0,32,0.01,0.5,True,1,native
5806,1.0,88,0.01,0.5,True,1,native
5807,1.0,48,0.01,0.5,True,1,native
5808,1.0,9,0.01,0.5,True,1,native
5809,0.0,17,0.01,0.5,True,1,native
5810,1.0,8,0.01,0.5,True,1,native
5811,0.0,100,0.01,0.5,True,1,native
5812,1.0,14,0.01,0.5,True,1,native
5813,1.0,32,0.01,0.5,True,1,native
5814,1.0,54,0.01,0.5,True,1,native
5815,0.0,28,0.01,0.5,True,1,native
5816,0.0,26,0.01,0.5,True,1,native
5817,0.0,12,0.01,0.5,True,1,native
5818,0.0,100,0.01,0.5,True,1,native
5819,1.0,15,0.01,0.5,True,1,native
5820,1.0,21,0.01,0.5,True,1,native
5821,1.0,62,0.01,0.5,True,1,native
5822,0.0,39,0.01,0.5,True,1,native
5823,1.0,70,0.01,0.5,True,1,native
5824,1.0,35,0.01,0.5,True,1,native
5825,1.0,34,0.01,0.5,True,1,native
5826,1.0,57,0.01,0.5,True,1,native
5827,1.0,58,0.01,0.5,True,1,native
5828,1.0,14,0.01,0.5,True,1,native
5829,0.0,22,0.01,0.5,True,1,native
5830,1.0,24,0.01,0.5,True,1,native
5831,1.0,70,0.01,0.5,True,1,native
5832,1.0,25,0.01,0.5,True,1,native
5833,1.0,9,0.01,0.5,True,1,native
5834,1.0,49,0.01,0.5,True,1,native
5835,1.0,49,0.01,0.5,True,1,native
5836,1.0,93,0.01,0.5,True,1,native
5837,0.0,100,0.01,0.5,True,1,native
5838,0.0,23,0.01,0.5,True,1,native
5839,0.0,100,0.01,0.5,True,1,native
5840,1.0,46,0.01,0.5,True,1,native
5841,1.0,61,0.01,0.5,True,1,native
5842,1.0,67,0.01,0.5,True,1,native
5843,1.0,11,0.01,0.5,True,1,native
5844,1.0,84,0.01,0.5,True,1,native
5845,1.0,34,0.01,0.5,True,1,native
5846,0.0,46,0.01,0.5,True,1,native
5847,1.0,22,0.01,0.5,True,1,native
5848,1.0,30,0.01,0.5,True,1,native
5849,1.0,55,0.01,0.5,True,1,native
5850,0.0,41,0.01,0.5,True,1,native
5851,1.0,40,0.01,0.5,True,1,native
5852,1.0,31,0.01,0.5,True,1,native
5853,1.0,44,0.01,0.5,True,1,native
5854,0.0,9,0.01,0.5,True,1,native
5855,1.0,30,0.01,0.5,True,1,native
5856,0.0,100,0.01,0.5,True,1,native
5857,1.0,25,0.01,0.5,True,1,native
5858,1.0,62,0.01,0.5,True,1,native
5859,1.0,8,0.01,0.5,True,1,native
5860,1.0,82,0.01,0.5,True,1,native
5861,1.0,17,0.01,0.5,True,1,native
5862,0.0,57,0.01,0.5,True,1,native
5863,0.0,56,0.01,0.5,True,1,native
5864,1.0,15,0.01,0.5,True,1,native
5865,1.0,24,0.01,0.5,True,1,native
5866,1.0,87,0.01,0.5,True,1,native
5867,0.0,100,0.01,0.5,True,1,native
5868,1.0,26,0.01,0.5,True,1,native
5869,0.0,48,0.01,0.5,True,1,native
5870,0.0,16,0.01,0.5,True,1,native
5871,0.0,75,0.01,0.5,True,1,native
5872,1.0,25,0.01,0.5,True,1,native
5873,1.0,26,0.01,0.5,True,1,native
5874,1.0,30,0.01,0.5,True,1,native
5875,0.0,32,0.01,0.5,True,1,native
5876,0.0,58,0.01,0.5,True,1,native
5877,0.0,42,0.01,0.5,True,1,native
5878,0.0,100,0.01,0.5,True,1,native
5879,0.0,100,0.01,0.5,True,1,native
5880,0.0,17,0.01,0.5,True,1,native
5881,0.0,17,0.01,0.5,True,1,native
5882,0.0,100,0.01,0.5,True,1,native
5883,0.0,53,0.01,0.5,True,1,native
5884,0.0,23,0.01,0.5,True,1,native
5885,1.0,54,0.01,0.5,True,1,native
5886,1.0,28,0.01,0.5,True,1,native
5887,0.0,48,0.01,0.5,True,1,native
5888,0.0,100,0.01,0.5,True,1,native
5889,1.0,39,0.01,0.5,True,1,native
5890,1.0,32,0.01,0.5,True,1,native
5891,1.0,13,0.01,0.5,True,1,native
5892,0.0,100,0.01,0.5,True,1,native
5893,1.0,42,0.01,0.5,True,1,native
5894,0.0,100,0.01,0.5,True,1,native
5895,1.0,37,0.01,0.5,True,1,native
5896,1.0,48,0.01,0.5,True,1,native
5897,0.0,39,0.01,0.5,True,1,native
5898,1.0,25,0.01,0.5,True,1,native
5899,1.0,22,0.01,0.5,True,1,native
5900,0.0,52,0.01,0.5,True,1,native
5901,1.0,53,0.01,0.5,True,1,native
5902,0.0,86,0.01,0.5,True,1,native
5903,1.0,9,0.01,0.5,True,1,native
5904,1.0,7,0.01,0.5,True,1,native
5905,1.0,83,0.01,0.5,True,1,native
5906,0.0,26,0.01,0.5,True,1,native
5907,1.0,56,0.01,0.5,True,1,native
5908,1.0,16,0.01,0.5,True,1,native
5909,1.0,31,0.01,0.5,True,1,native
5910,1.0,56,0.01,0.5,True,1,native
5911,0.0,86,0.01,0.5,True,1,native
5912,1.0,43,0.01,0.5,True,1,native
5913,0.0,85,0.01,0.5,True,1,native
5914,1.0,35,0.01,0.5,True,1,native
5915,0.0,100,0.01,0.5,True,1,native
5916,1.0,34,0.01,0.5,True,1,native
5917,0.0,65,0.01,0.5,True,1,native
5918,1.0,16,0.01,0.5,True,1,native
5919,1.0,14,0.01,0.5,True,1,native
5920,1.0,51,0.01,0.5,True,1,native
5921,1.0,46,0.01,0.5,True,1,native
5922,1.0,27,0.01,0.5,True,1,native
5923,1.0,7,0.01,0.5,True,1,native
5924,0.0,16,0.01,0.5,True,1,native
5925,1.0,22,0.01,0.5,True,1,native
5926,1.0,20,0.01,0.5,True,1,native
5927,0.0,100,0.01,0.5,True,1,native
5928,1.0,100,0.01,0.5,True,1,native
5929,1.0,48,0.01,0.5,True,1,native
5930,0.0,44,0.01,0.5,True,1,native
5931,1.0,76,0.01,0.5,True,1,native
5932,1.0,72,0.01,0.5,True,1,native
5933,0.0,39,0.01,0.5,True,1,native
5934,0.0,35,0.01,0.5,True,1,native
5935,1.0,43,0.01,0.5,True,1,native
5936,0.0,26,0.01,0.5,True,1,native
5937,0.0,11,0.01,0.5,True,1,native
5938,1.0,11,0.01,0.5,True,1,native
5939,0.0,15,0.01,0.5,True,1,native
5940,1.0,15,0.01,0.5,True,1,native
5941,1.0,44,0.01,0.5,True,1,native
5942,1.0,26,0.01,0.5,True,1,native
5943,1.0,25,0.01,0.5,True,1,native
5944,0.0,6,0.01,0.5,True,1,native
5945,1.0,49,0.01,0.5,True,1,native
5946,1.0,19,0.01,0.5,True,1,native
5947,1.0,23,0.01,0.5,True,1,native
5948,0.0,100,0.01,0.5,True,1,native
5949,0.0,41,0.01,0.5,True,1,native
5950,1.0,15,0.01,0.5,True,1,native
5951,0.0,57,0.01,0.5,True,1,native
5952,1.0,65,0.01,0.5,True,1,native
5953,0.0,100,0.01,0.5,True,1,native
5954,1.0,13,0.01,0.5,True,1,native
5955,1.0,42,0.01,0.5,True,1,native
5956,1.0,17,0.01,0.5,True,1,native
5957,0.0,17,0.01,0.5,True,1,native
5958,1.0,18,0.01,0.5,True,1,native
5959,1.0,25,0.01,0.5,True,1,native
5960,0.0,79,0.01,0.5,True,1,native
5961,0.0,100,0.01,0.5,True,1,native
5962,0.0,100,0.01,0.5,True,1,native
5963,0.0,31,0.01,0.5,True,1,native
5964,1.0,29,0.01,0.5,True,1,native
5965,1.0,33,0.01,0.5,True,1,native
5966,1.0,63,0.01,0.5,True,1,native
5967,0.0,13,0.01,0.5,True,1,native
5968,1.0,20,0.01,0.5,True,1,native
5969,1.0,18,0.01,0.5,True,1,native
5970,1.0,24,0.01,0.5,True,1,native
5971,1.0,8,0.01,0.5,True,1,native
5972,1.0,48,0.01,0.5,True,1,native
5973,1.0,17,0.01,0.5,True,1,native
5974,0.0,10,0.01,0.5,True,1,native
5975,1.0,69,0.01,0.5,True,1,native
5976,0.0,19,0.01,0.5,True,1,native
5977,1.0,34,0.01,0.5,True,1,native
5978,1.0,13,0.01,0.5,True,1,native
5979,0.0,22,0.01,0.5,True,1,native
5980,1.0,52,0.01,0.5,True,1,native
5981,0.0,23,0.01,0.5,True,1,native
5982,1.0,39,0.01,0.5,True,1,native
5983,1.0,23,0.01,0.5,True,1,native
5984,0.0,29,0.01,0.5,True,1,native
5985,1.0,51,0.01,0.5,True,1,native
5986,0.0,100,0.01,0.5,True,1,native
5987,1.0,42,0.01,0.5,True,1,native
5988,1.0,25,0.01,0.5,True,1,native
5989,1.0,72,0.01,0.5,True,1,native
5990,1.0,67,0.01,0.5,True,1,native
5991,0.0,11,0.01,0.5,True,1,native
5992,0.0,15,0.01,0.5,True,1,native
5993,0.0,100,0.01,0.5,True,1,native
5994,0.0,47,0.01,0.5,True,1,native
5995,0.0,31,0.01,0.5,True,1,native
5996,0.0,100,0.01,0.5,True,1,native
5997,0.0,24,0.01,0.5,True,1,native
5998,1.0,28,0.01,0.5,True,1,native
5999,1.0,7,0.01,0.5,True,1,native
6000,0.0,100,0.01,0.5,True,1,native
6001,1.0,29,0.01,0.5,True,1,native
6002,0.0,30,0.01,0.5,True,1,native
6003,1.0,16,0.01,0.5,True,1,native
6004,0.0,100,0.01,0.5,True,1,native
6005,1.0,29,0.01,0.5,True,1,native
6006,0.0,29,0.01,0.5,True,1,native
6007,0.0,57,0.01,0.5,True,1,native
6008,0.0,35,0.01,0.5,True,1,native
6009,0.0,24,0.01,0.5,True,1,native
6010,0.0,25,0.01,0.5,True,1,native
6011,1.0,51,0.01,0.5,True,1,native
6012,1.0,40,0.01,0.5,True,1,native
6013,1.0,27,0.01,0.5,True,1,native
6014,0.0,26,0.01,0.5,True,1,native
6015,0.0,8,0.01,0.5,True,1,native
6016,0.0,64,0.01,0.5,True,1,native
6017,0.0,21,0.01,0.5,True,1,native
6018,1.0,59,0.01,0.5,True,1,native
6019,0.0,3,0.01,0.5,True,1,native
6020,0.0,9,0.01,0.5,True,1,native
6021,0.0,100,0.01,0.5,True,1,native
6022,1.0,43,0.01,0.5,True,1,native
6023,1.0,20,0.01,0.5,True,1,native
6024,1.0,88,0.01,0.5,True,1,native
6025,0.0,100,0.01,0.5,True,1,native
6026,0.0,29,0.01,0.5,True,1,native
6027,0.0,29,0.01,0.5,True,1,native
6028,0.0,100,0.01,0.5,True,1,native
6029,1.0,27,0.01,0.5,True,1,native
6030,0.0,24,0.01,0.5,True,1,native
6031,0.0,61,0.01,0.5,True,1,native
6032,0.0,100,0.01,0.5,True,1,native
6033,0.0,14,0.01,0.5,True,1,native
6034,0.0,33,0.01,0.5,True,1,native
6035,0.0,11,0.01,0.5,True,1,native
6036,1.0,12,0.01,0.5,True,1,native
6037,1.0,32,0.01,0.5,True,1,native
6038,1.0,10,0.01,0.5,True,1,native
6039,1.0,17,0.01,0.5,True,1,native
6040,0.0,6,0.01,0.5,True,1,native
6041,0.0,100,0.01,0.5,True,1,native
6042,1.0,47,0.01,0.5,True,1,native
6043,1.0,21,0.01,0.5,True,1,native
6044,1.0,25,0.01,0.5,True,1,native
6045,0.0,23,0.01,0.5,True,1,native
6046,0.0,43,0.01,0.5,True,1,native
6047,0.0,31,0.01,0.5,True,1,native
6048,1.0,47,0.01,0.5,True,1,native
6049,1.0,18,0.01,0.5,True,1,native
6050,0.0,32,0.01,0.5,True,1,native
6051,1.0,11,0.01,0.5,True,1,native
6052,0.0,100,0.01,0.5,True,1,native
6053,1.0,9,0.01,0.5,True,1,native
6054,1.0,14,0.01,0.5,True,1,native
6055,1.0,44,0.01,0.5,True,1,native
6056,1.0,36,0.01,0.5,True,1,native
6057,0.0,99,0.01,0.5,True,1,native
6058,0.0,28,0.01,0.5,True,1,native
6059,0.0,29,0.01,0.5,True,1,native
6060,1.0,61,0.01,0.5,True,1,native
6061,1.0,17,0.01,0.5,True,1,native
6062,1.0,13,0.01,0.5,True,1,native
6063,1.0,50,0.01,0.5,True,1,native
6064,1.0,35,0.01,0.5,True,1,native
6065,1.0,66,0.01,0.5,True,1,native
6066,1.0,42,0.01,0.5,True,1,native
6067,0.0,14,0.01,0.5,True,1,native
6068,0.0,100,0.01,0.5,True,1,native
6069,1.0,86,0.01,0.5,True,1,native
6070,1.0,85,0.01,0.5,True,1,native
6071,0.0,47,0.01,0.5,True,1,native
6072,1.0,81,0.01,0.5,True,1,native
6073,1.0,63,0.01,0.5,True,1,native
6074,0.0,21,0.01,0.5,True,1,native
6075,1.0,30,0.01,0.5,True,1,native
6076,0.0,73,0.01,0.5,True,1,native
6077,1.0,11,0.01,0.5,True,1,native
6078,0.0,8,0.01,0.5,True,1,native
6079,1.0,66,0.01,0.5,True,1,native
6080,1.0,91,0.01,0.5,True,1,native
6081,0.0,30,0.01,0.5,True,1,native
6082,0.0,100,0.01,0.5,True,1,native
6083,0.0,6,0.01,0.5,True,1,native
6084,1.0,50,0.01,0.5,True,1,native
6085,1.0,10,0.01,0.5,True,1,native
6086,1.0,11,0.01,0.5,True,1,native
6087,0.0,100,0.01,0.5,True,1,native
6088,1.0,64,0.01,0.5,True,1,native
6089,0.0,100,0.01,0.5,True,1,native
6090,1.0,20,0.01,0.5,True,1,native
6091,1.0,17,0.01,0.5,True,1,native
6092,0.0,54,0.01,0.5,True,1,native
6093,0.0,6,0.01,0.5,True,1,native
6094,0.0,100,0.01,0.5,True,1,native
6095,1.0,21,0.01,0.5,True,1,native
6096,1.0,29,0.01,0.5,True,1,native
6097,1.0,13,0.01,0.5,True,1,native
6098,0.0,100,0.01,0.5,True,1,native
6099,0.0,46,0.01,0.5,True,1,native
6100,1.0,34,0.01,0.5,True,1,native
6101,0.0,100,0.01,0.5,True,1,native
6102,0.0,68,0.01,0.5,True,1,native
6103,0.0,76,0.01,0.5,True,1,native
6104,1.0,27,0.01,0.5,True,1,native
6105,1.0,98,0.01,0.5,True,1,native
6106,0.0,100,0.01,0.5,True,1,native
6107,0.0,11,0.01,0.5,True,1,native
6108,0.0,12,0.01,0.5,True,1,native
6109,0.0,28,0.01,0.5,True,1,native
6110,1.0,15,0.01,0.5,True,1,native
6111,0.0,10,0.01,0.5,True,1,native
6112,1.0,39,0.01,0.5,True,1,native
6113,0.0,17,0.01,0.5,True,1,native
6114,1.0,65,0.01,0.5,True,1,native
6115,0.0,11,0.01,0.5,True,1,native
6116,1.0,20,0.01,0.5,True,1,native
6117,0.0,100,0.01,0.5,True,1,native
6118,0.0,54,0.01,0.5,True,1,native
6119,0.0,52,0.01,0.5,True,1,native
6120,0.0,7,0.01,0.5,True,1,native
6121,0.0,15,0.01,0.5,True,1,native
6122,0.0,19,0.01,0.5,True,1,native
6123,0.0,33,0.01,0.5,True,1,native
6124,0.0,28,0.01,0.5,True,1,native
6125,0.0,70,0.01,0.5,True,1,native
6126,0.0,100,0.01,0.5,True,1,native
6127,0.0,10,0.01,0.5,True,1,native
6128,0.0,51,0.01,0.5,True,1,native
6129,0.0,100,0.01,0.5,True,1,native
6130,0.0,10,0.01,0.5,True,1,native
6131,0.0,53,0.01,0.5,True,1,native
6132,0.0,12,0.01,0.5,True,1,native
6133,1.0,24,0.01,0.5,True,1,native
6134,0.0,100,0.01,0.5,True,1,native
6135,0.0,5,0.01,0.5,True,1,native
6136,0.0,100,0.01,0.5,True,1,native
6137,0.0,46,0.01,0.5,True,1,native
6138,0.0,61,0.01,0.5,True,1,native
6139,0.0,15,0.01,0.5,True,1,native
6140,1.0,97,0.01,0.5,True,1,native
6141,1.0,32,0.01,0.5,True,1,native
6142,1.0,11,0.01,0.5,True,1,native
6143,1.0,69,0.01,0.5,True,1,native
6144,0.0,38,0.01,0.5,True,1,native
6145,1.0,78,0.01,0.5,True,1,native
6146,1.0,28,0.01,0.5,True,1,native
6147,1.0,15,0.01,0.5,True,1,native
6148,0.0,39,0.01,0.5,True,1,native
6149,1.0,24,0.01,0.5,True,1,native
6150,1.0,19,0.01,0.5,True,1,native
6151,1.0,31,0.01,0.5,True,1,native
6152,1.0,35,0.01,0.5,True,1,native
6153,1.0,34,0.01,0.5,True,1,native
6154,1.0,54,0.01,0.5,True,1,native
6155,0.0,21,0.01,0.5,True,1,native
6156,1.0,50,0.01,0.5,True,1,native
6157,1.0,23,0.01,0.5,True,1,native
6158,1.0,22,0.01,0.5,True,1,native
6159,0.0,56,0.01,0.5,True,1,native
6160,1.0,56,0.01,0.5,True,1,native
6161,1.0,41,0.01,0.5,True,1,native
6162,1.0,11,0.01,0.5,True,1,native
6163,1.0,29,0.01,0.5,True,1,native
6164,0.0,15,0.01,0.5,True,1,native
6165,1.0,14,0.01,0.5,True,1,native
6166,0.0,21,0.01,0.5,True,1,native
6167,1.0,69,0.01,0.5,True,1,native
6168,1.0,20,0.01,0.5,True,1,native
6169,1.0,53,0.01,0.5,True,1,native
6170,1.0,37,0.01,0.5,True,1,native
6171,0.0,19,0.01,0.5,True,1,native
6172,1.0,82,0.01,0.5,True,1,native
6173,0.0,32,0.01,0.5,True,1,native
6174,1.0,19,0.01,0.5,True,1,native
6175,1.0,23,0.01,0.5,True,1,native
6176,1.0,26,0.01,0.5,True,1,native
6177,0.0,100,0.01,0.5,True,1,native
6178,0.0,20,0.01,0.5,True,1,native
6179,1.0,16,0.01,0.5,True,1,native
6180,1.0,12,0.01,0.5,True,1,native
6181,1.0,83,0.01,0.5,True,1,native
6182,0.0,26,0.01,0.5,True,1,native
6183,1.0,43,0.01,0.5,True,1,native
6184,1.0,23,0.01,0.5,True,1,native
6185,0.0,86,0.01,0.5,True,1,native
6186,0.0,100,0.01,0.5,True,1,native
6187,0.0,26,0.01,0.5,True,1,native
6188,0.0,46,0.01,0.5,True,1,native
6189,1.0,16,0.01,0.5,True,1,native
6190,1.0,12,0.01,0.5,True,1,native
6191,0.0,39,0.01,0.5,True,1,native
6192,0.0,100,0.01,0.5,True,1,native
6193,0.0,69,0.01,0.5,True,1,native
6194,1.0,34,0.01,0.5,True,1,native
6195,1.0,32,0.01,0.5,True,1,native
6196,1.0,100,0.01,0.5,True,1,native
6197,1.0,15,0.01,0.5,True,1,native
6198,0.0,100,0.01,0.5,True,1,native
6199,1.0,10,0.01,0.5,True,1,native
6200,1.0,13,0.01,0.5,True,1,native
6201,1.0,22,0.01,0.5,True,1,native
6202,0.0,100,0.01,0.5,True,1,native
6203,1.0,16,0.01,0.5,True,1,native
6204,1.0,31,0.01,0.5,True,1,native
6205,1.0,18,0.01,0.5,True,1,native
6206,1.0,72,0.01,0.5,True,1,native
6207,1.0,36,0.01,0.5,True,1,native
6208,0.0,24,0.01,0.5,True,1,native
6209,1.0,32,0.01,0.5,True,1,native
6210,1.0,23,0.01,0.5,True,1,native
6211,1.0,54,0.01,0.5,True,1,native
6212,1.0,42,0.01,0.5,True,1,native
6213,1.0,43,0.01,0.5,True,1,native
6214,0.0,44,0.01,0.5,True,1,native
6215,1.0,29,0.01,0.5,True,1,native
6216,0.0,12,0.01,0.5,True,1,native
6217,1.0,21,0.01,0.5,True,1,native
6218,0.0,100,0.01,0.5,True,1,native
6219,1.0,49,0.01,0.5,True,1,native
6220,0.0,100,0.01,0.5,True,1,native
6221,0.0,100,0.01,0.5,True,1,native
6222,0.0,20,0.01,0.5,True,1,native
6223,0.0,100,0.01,0.5,True,1,native
6224,1.0,22,0.01,0.5,True,1,native
6225,1.0,20,0.01,0.5,True,1,native
6226,1.0,56,0.01,0.5,True,1,native
6227,1.0,100,0.01,0.5,True,1,native
6228,1.0,22,0.01,0.5,True,1,native
6229,1.0,32,0.01,0.5,True,1,native
6230,1.0,28,0.01,0.5,True,1,native
6231,1.0,31,0.01,0.5,True,1,native
6232,1.0,80,0.01,0.5,True,1,native
6233,1.0,80,0.01,0.5,True,1,native
6234,1.0,44,0.01,0.5,True,1,native
6235,1.0,30,0.01,0.5,True,1,native
6236,1.0,47,0.01,0.5,True,1,native
6237,1.0,27,0.01,0.5,True,1,native
6238,1.0,39,0.01,0.5,True,1,native
6239,1.0,17,0.01,0.5,True,1,native
6240,1.0,29,0.01,0.5,True,1,native
6241,1.0,38,0.01,0.5,True,1,native
6242,1.0,23,0.01,0.5,True,1,native
6243,0.0,27,0.01,0.5,True,1,native
6244,1.0,58,0.01,0.5,True,1,native
6245,0.0,52,0.01,0.5,True,1,native
6246,1.0,16,0.01,0.5,True,1,native
6247,1.0,74,0.01,0.5,True,1,native
6248,1.0,22,0.01,0.5,True,1,native
6249,1.0,61,0.01,0.5,True,1,native
6250,1.0,100,0.01,0.5,True,1,native
6251,1.0,49,0.01,0.5,True,1,native
6252,0.0,55,0.01,0.5,True,1,native
6253,0.0,41,0.01,0.5,True,1,native
6254,1.0,17,0.01,0.5,True,1,native
6255,1.0,29,0.01,0.5,True,1,native
6256,0.0,21,0.01,0.5,True,1,native
6257,1.0,6,0.01,0.5,True,1,native
6258,1.0,44,0.01,0.5,True,1,native
6259,0.0,100,0.01,0.5,True,1,native
6260,1.0,91,0.01,0.5,True,1,native
6261,0.0,67,0.01,0.5,True,1,native
6262,0.0,17,0.01,0.5,True,1,native
6263,1.0,37,0.01,0.5,True,1,native
6264,0.0,100,0.01,0.5,True,1,native
6265,0.0,83,0.01,0.5,True,1,native
6266,1.0,14,0.01,0.5,True,1,native
6267,1.0,30,0.01,0.5,True,1,native
6268,0.0,100,0.01,0.5,True,1,native
6269,0.0,100,0.01,0.5,True,1,native
6270,0.0,48,0.01,0.5,True,1,native
6271,0.0,100,0.01,0.5,True,1,native
6272,1.0,22,0.01,0.5,True,1,native
6273,1.0,12,0.01,0.5,True,1,native
6274,1.0,62,0.01,0.5,True,1,native
6275,0.0,100,0.01,0.5,True,1,native
6276,0.0,7,0.01,0.5,True,1,native
6277,0.0,39,0.01,0.5,True,1,native
6278,1.0,14,0.01,0.5,True,1,native
6279,0.0,19,0.01,0.5,True,1,native
6280,1.0,18,0.01,0.5,True,1,native
6281,1.0,75,0.01,0.5,True,1,native
6282,1.0,29,0.01,0.5,True,1,native
6283,1.0,15,0.01,0.5,True,1,native
6284,1.0,29,0.01,0.5,True,1,native
6285,0.0,49,0.01,0.5,True,1,native
6286,1.0,17,0.01,0.5,True,1,native
6287,0.0,100,0.01,0.5,True,1,native
6288,0.0,78,0.01,0.5,True,1,native
6289,1.0,8,0.01,0.5,True,1,native
6290,1.0,46,0.01,0.5,True,1,native
6291,1.0,22,0.01,0.5,True,1,native
6292,0.0,23,0.01,0.5,True,1,native
6293,0.0,99,0.01,0.5,True,1,native
6294,1.0,33,0.01,0.5,True,1,native
6295,0.0,4,0.01,0.5,True,1,native
6296,1.0,26,0.01,0.5,True,1,native
6297,1.0,22,0.01,0.5,True,1,native
6298,0.0,91,0.01,0.5,True,1,native
6299,1.0,54,0.01,0.5,True,1,native
6300,1.0,15,0.01,0.5,True,1,native
6301,1.0,14,0.01,0.5,True,1,native
6302,1.0,55,0.01,0.5,True,1,native
6303,0.0,100,0.01,0.5,True,1,native
6304,0.0,79,0.01,0.5,True,1,native
6305,0.0,5,0.01,0.5,True,1,native
6306,0.0,100,0.01,0.5,True,1,native
6307,0.0,37,0.01,0.5,True,1,native
6308,1.0,55,0.01,0.5,True,1,native
6309,1.0,43,0.01,0.5,True,1,native
6310,1.0,26,0.01,0.5,True,1,native
6311,0.0,100,0.01,0.5,True,1,native
6312,1.0,21,0.01,0.5,True,1,native
6313,1.0,53,0.01,0.5,True,1,native
6314,0.0,100,0.01,0.5,True,1,native
6315,1.0,52,0.01,0.5,True,1,native
6316,1.0,46,0.01,0.5,True,1,native
6317,1.0,51,0.01,0.5,True,1,native
6318,0.0,15,0.01,0.5,True,1,native
6319,1.0,15,0.01,0.5,True,1,native
6320,1.0,100,0.01,0.5,True,1,native
6321,0.0,41,0.01,0.5,True,1,native
6322,1.0,25,0.01,0.5,True,1,native
6323,1.0,33,0.01,0.5,True,1,native
6324,0.0,22,0.01,0.5,True,1,native
6325,1.0,44,0.01,0.5,True,1,native
6326,1.0,42,0.01,0.5,True,1,native
6327,1.0,17,0.01,0.5,True,1,native
6328,1.0,28,0.01,0.5,True,1,native
6329,1.0,26,0.01,0.5,True,1,native
6330,1.0,17,0.01,0.5,True,1,native
6331,1.0,47,0.01,0.5,True,1,native
6332,1.0,34,0.01,0.5,True,1,native
6333,1.0,42,0.01,0.5,True,1,native
6334,1.0,15,0.01,0.5,True,1,native
6335,1.0,17,0.01,0.5,True,1,native
6336,1.0,17,0.01,0.5,True,1,native
6337,1.0,20,0.01,0.5,True,1,native
6338,1.0,47,0.01,0.5,True,1,native
6339,1.0,37,0.01,0.5,True,1,native
6340,1.0,23,0.01,0.5,True,1,native
6341,1.0,40,0.01,0.5,True,1,native
6342,0.0,100,0.01,0.5,True,1,native
6343,1.0,28,0.01,0.5,True,1,native
6344,1.0,14,0.01,0.5,True,1,native
6345,1.0,65,0.01,0.5,True,1,native
6346,1.0,33,0.01,0.5,True,1,native
6347,1.0,37,0.01,0.5,True,1,native
6348,1.0,31,0.01,0.5,True,1,native
6349,1.0,34,0.01,0.5,True,1,native
6350,1.0,27,0.01,0.5,True,1,native
6351,1.0,18,0.01,0.5,True,1,native
6352,0.0,89,0.01,0.5,True,1,native
6353,1.0,26,0.01,0.5,True,1,native
6354,0.0,100,0.01,0.5,True,1,native
6355,1.0,23,0.01,0.5,True,1,native
6356,1.0,43,0.01,0.5,True,1,native
6357,0.0,100,0.01,0.5,True,1,native
6358,1.0,29,0.01,0.5,True,1,native
6359,0.0,48,0.01,0.5,True,1,native
6360,1.0,11,0.01,0.5,True,1,native
6361,1.0,54,0.01,0.5,True,1,native
6362,0.0,88,0.01,0.5,True,1,native
6363,1.0,37,0.01,0.5,True,1,native
6364,1.0,64,0.01,0.5,True,1,native
6365,1.0,97,0.01,0.5,True,1,native
6366,1.0,20,0.01,0.5,True,1,native
6367,1.0,57,0.01,0.5,True,1,native
6368,1.0,99,0.01,0.5,True,1,native
6369,1.0,31,0.01,0.5,True,1,native
6370,1.0,59,0.01,0.5,True,1,native
6371,1.0,34,0.01,0.5,True,1,native
6372,1.0,58,0.01,0.5,True,1,native
6373,0.0,100,0.01,0.5,True,1,native
6374,0.0,86,0.01,0.5,True,1,native
6375,1.0,12,0.01,0.5,True,1,native
6376,0.0,27,0.01,0.5,True,1,native
6377,0.0,88,0.01,0.5,True,1,native
6378,0.0,15,0.01,0.5,True,1,native
6379,1.0,47,0.01,0.5,True,1,native
6380,0.0,14,0.01,0.5,True,1,native
6381,1.0,23,0.01,0.5,True,1,native
6382,1.0,69,0.01,0.5,True,1,native
6383,0.0,100,0.01,0.5,True,1,native
6384,0.0,38,0.01,0.5,True,1,native
6385,1.0,58,0.01,0.5,True,1,native
6386,0.0,35,0.01,0.5,True,1,native
6387,1.0,37,0.01,0.5,True,1,native
6388,1.0,31,0.01,0.5,True,1,native
6389,1.0,41,0.01,0.5,True,1,native
6390,1.0,20,0.01,0.5,True,1,native
6391,1.0,75,0.01,0.5,True,1,native
6392,1.0,54,0.01,0.5,True,1,native
6393,1.0,23,0.01,0.5,True,1,native
6394,1.0,67,0.01,0.5,True,1,native
6395,0.0,62,0.01,0.5,True,1,native
6396,1.0,19,0.01,0.5,True,1,native
6397,1.0,22,0.01,0.5,True,1,native
6398,0.0,44,0.01,0.5,True,1,native
6399,0.0,55,0.01,0.5,True,1,native
6400,1.0,30,0.01,0.5,True,1,native
6401,1.0,19,0.01,0.5,True,1,native
6402,1.0,22,0.01,0.5,True,1,native
6403,1.0,65,0.01,0.5,True,1,native
6404,0.0,100,0.01,0.5,True,1,native
6405,1.0,52,0.01,0.5,True,1,native
6406,1.0,78,0.01,0.5,True,1,native
6407,1.0,34,0.01,0.5,True,1,native
6408,0.0,100,0.01,0.5,True,1,native
6409,1.0,9,0.01,0.5,True,1,native
6410,0.0,67,0.01,0.5,True,1,native
6411,0.0,32,0.01,0.5,True,1,native
6412,1.0,69,0.01,0.5,True,1,native
6413,1.0,11,0.01,0.5,True,1,native
6414,1.0,36,0.01,0.5,True,1,native
6415,1.0,88,0.01,0.5,True,1,native
6416,0.0,100,0.01,0.5,True,1,native
6417,1.0,45,0.01,0.5,True,1,native
6418,0.0,36,0.01,0.5,True,1,native
6419,1.0,15,0.01,0.5,True,1,native
6420,0.0,27,0.01,0.5,True,1,native
6421,1.0,18,0.01,0.5,True,1,native
6422,1.0,16,0.01,0.5,True,1,native
6423,1.0,9,0.01,0.5,True,1,native
6424,1.0,47,0.01,0.5,True,1,native
6425,1.0,46,0.01,0.5,True,1,native
6426,1.0,35,0.01,0.5,True,1,native
6427,1.0,37,0.01,0.5,True,1,native
6428,0.0,61,0.01,0.5,True,1,native
6429,1.0,41,0.01,0.5,True,1,native
6430,1.0,38,0.01,0.5,True,1,native
6431,0.0,100,0.01,0.5,True,1,native
6432,0.0,21,0.01,0.5,True,1,native
6433,1.0,61,0.01,0.5,True,1,native
6434,0.0,66,0.01,0.5,True,1,native
6435,0.0,54,0.01,0.5,True,1,native
6436,0.0,27,0.01,0.5,True,1,native
6437,0.0,28,0.01,0.5,True,1,native
6438,0.0,9,0.01,0.5,True,1,native
6439,0.0,100,0.01,0.5,True,1,native
6440,0.0,100,0.01,0.5,True,1,native
6441,0.0,31,0.01,0.5,True,1,native
6442,1.0,21,0.01,0.5,True,1,native
6443,0.0,100,0.01,0.5,True,1,native
6444,0.0,26,0.01,0.5,True,1,native
6445,0.0,17,0.01,0.5,True,1,native
6446,0.0,66,0.01,0.5,True,1,native
6447,0.0,85,0.01,0.5,True,1,native
6448,0.0,23,0.01,0.5,True,1,native
6449,0.0,7,0.01,0.5,True,1,native
6450,0.0,44,0.01,0.5,True,1,native
6451,0.0,20,0.01,0.5,True,1,native
6452,1.0,30,0.01,0.5,True,1,native
6453,1.0,53,0.01,0.5,True,1,native
6454,0.0,40,0.01,0.5,True,1,native
6455,0.0,67,0.01,0.5,True,1,native
6456,0.0,13,0.01,0.5,True,1,native
6457,0.0,60,0.01,0.5,True,1,native
6458,0.0,11,0.01,0.5,True,1,native
6459,0.0,32,0.01,0.5,True,1,native
6460,0.0,94,0.01,0.5,True,1,native
6461,0.0,29,0.01,0.5,True,1,native
6462,1.0,24,0.01,0.5,True,1,native
6463,1.0,68,0.01,0.5,True,1,native
6464,1.0,8,0.01,0.5,True,1,native
6465,1.0,14,0.01,0.5,True,1,native
6466,1.0,21,0.01,0.5,True,1,native
6467,0.0,100,0.01,0.5,True,1,native
6468,1.0,39,0.01,0.5,True,1,native
6469,0.0,19,0.01,0.5,True,1,native
6470,0.0,100,0.01,0.5,True,1,native
6471,1.0,49,0.01,0.5,True,1,native
6472,1.0,40,0.01,0.5,True,1,native
6473,1.0,29,0.01,0.5,True,1,native
6474,1.0,77,0.01,0.5,True,1,native
6475,1.0,34,0.01,0.5,True,1,native
6476,0.0,29,0.01,0.5,True,1,native
6477,1.0,73,0.01,0.5,True,1,native
6478,1.0,39,0.01,0.5,True,1,native
6479,0.0,28,0.01,0.5,True,1,native
6480,1.0,62,0.01,0.5,True,1,native
6481,1.0,63,0.01,0.5,True,1,native
6482,1.0,94,0.01,0.5,True,1,native
6483,1.0,98,0.01,0.5,True,1,native
6484,0.0,57,0.01,0.5,True,1,native
6485,1.0,24,0.01,0.5,True,1,native
6486,1.0,19,0.01,0.5,True,1,native
6487,0.0,100,0.01,0.5,True,1,native
6488,0.0,33,0.01,0.5,True,1,native
6489,1.0,84,0.01,0.5,True,1,native
6490,0.0,100,0.01,0.5,True,1,native
6491,1.0,91,0.01,0.5,True,1,native
6492,0.0,30,0.01,0.5,True,1,native
6493,1.0,31,0.01,0.5,True,1,native
6494,0.0,100,0.01,0.5,True,1,native
6495,0.0,31,0.01,0.5,True,1,native
6496,1.0,48,0.01,0.5,True,1,native
6497,1.0,40,0.01,0.5,True,1,native
6498,0.0,38,0.01,0.5,True,1,native
6499,1.0,23,0.01,0.5,True,1,native
6500,1.0,20,0.01,0.5,True,1,native
6501,1.0,19,0.01,0.5,True,1,native
6502,0.0,100,0.01,0.5,True,1,native
6503,0.0,100,0.01,0.5,True,1,native
6504,1.0,11,0.01,0.5,True,1,native
6505,0.0,100,0.01,0.5,True,1,native
6506,0.0,48,0.01,0.5,True,1,native
6507,1.0,19,0.01,0.5,True,1,native
6508,1.0,50,0.01,0.5,True,1,native
6509,0.0,100,0.01,0.5,True,1,native
6510,1.0,59,0.01,0.5,True,1,native
6511,0.0,100,0.01,0.5,True,1,native
6512,0.0,100,0.01,0.5,True,1,native
6513,1.0,22,0.01,0.5,True,1,native
6514,1.0,45,0.01,0.5,True,1,native
6515,0.0,100,0.01,0.5,True,1,native
6516,1.0,92,0.01,0.5,True,1,native
6517,1.0,49,0.01,0.5,True,1,native
6518,0.0,54,0.01,0.5,True,1,native
6519,1.0,54,0.01,0.5,True,1,native
6520,0.0,80,0.01,0.5,True,1,native
6521,1.0,71,0.01,0.5,True,1,native
6522,1.0,81,0.01,0.5,True,1,native
6523,1.0,17,0.01,0.5,True,1,native
6524,1.0,19,0.01,0.5,True,1,native
6525,1.0,14,0.01,0.5,True,1,native
6526,0.0,21,0.01,0.5,True,1,native
6527,1.0,20,0.01,0.5,True,1,native
6528,1.0,38,0.01,0.5,True,1,native
6529,1.0,27,0.01,0.5,True,1,native
6530,1.0,28,0.01,0.5,True,1,native
6531,1.0,55,0.01,0.5,True,1,native
6532,0.0,55,0.01,0.5,True,1,native
6533,1.0,16,0.01,0.5,True,1,native
6534,1.0,15,0.01,0.5,True,1,native
6535,1.0,45,0.01,0.5,True,1,native
6536,0.0,51,0.01,0.5,True,1,native
6537,1.0,16,0.01,0.5,True,1,native
6538,1.0,31,0.01,0.5,True,1,native
6539,1.0,14,0.01,0.5,True,1,native
6540,1.0,52,0.01,0.5,True,1,native
6541,1.0,28,0.01,0.5,True,1,native
6542,0.0,17,0.01,0.5,True,1,native
6543,0.0,21,0.01,0.5,True,1,native
6544,0.0,100,0.01,0.5,True,1,native
6545,1.0,11,0.01,0.5,True,1,native
6546,1.0,26,0.01,0.5,True,1,native
6547,1.0,72,0.01,0.5,True,1,native
6548,1.0,39,0.01,0.5,True,1,native
6549,1.0,36,0.01,0.5,True,1,native
6550,0.0,51,0.01,0.5,True,1,native
6551,0.0,97,0.01,0.5,True,1,native
6552,1.0,61,0.01,0.5,True,1,native
6553,0.0,100,0.01,0.5,True,1,native
6554,1.0,11,0.01,0.5,True,1,native
6555,0.0,100,0.01,0.5,True,1,native
6556,1.0,9,0.01,0.5,True,1,native
6557,1.0,24,0.01,0.5,True,1,native
6558,1.0,44,0.01,0.5,True,1,native
6559,1.0,90,0.01,0.5,True,1,native
6560,1.0,56,0.01,0.5,True,1,native
6561,0.0,20,0.01,0.5,True,1,native
6562,1.0,50,0.01,0.5,True,1,native
6563,1.0,44,0.01,0.5,True,1,native
6564,1.0,44,0.01,0.5,True,1,native
6565,1.0,14,0.01,0.5,True,1,native
6566,1.0,27,0.01,0.5,True,1,native
6567,0.0,47,0.01,0.5,True,1,native
6568,0.0,15,0.01,0.5,True,1,native
6569,0.0,6,0.01,0.5,True,1,native
6570,1.0,35,0.01,0.5,True,1,native
6571,1.0,7,0.01,0.5,True,1,native
6572,0.0,3,0.01,0.5,True,1,native
6573,1.0,57,0.01,0.5,True,1,native
6574,1.0,15,0.01,0.5,True,1,native
6575,0.0,100,0.01,0.5,True,1,native
6576,0.0,100,0.01,0.5,True,1,native
6577,0.0,46,0.01,0.5,True,1,native
6578,1.0,13,0.01,0.5,True,1,native
6579,0.0,38,0.01,0.5,True,1,native
6580,1.0,73,0.01,0.5,True,1,native
6581,1.0,37,0.01,0.5,True,1,native
6582,0.0,16,0.01,0.5,True,1,native
6583,1.0,53,0.01,0.5,True,1,native
6584,1.0,22,0.01,0.5,True,1,native
6585,0.0,20,0.01,0.5,True,1,native
6586,0.0,100,0.01,0.5,True,1,native
6587,1.0,33,0.01,0.5,True,1,native
6588,1.0,52,0.01,0.5,True,1,native
6589,0.0,100,0.01,0.5,True,1,native
6590,0.0,16,0.01,0.5,True,1,native
6591,0.0,100,0.01,0.5,True,1,native
6592,1.0,67,0.01,0.5,True,1,native
6593,0.0,36,0.01,0.5,True,1,native
6594,1.0,46,0.01,0.5,True,1,native
6595,1.0,9,0.01,0.5,True,1,native
6596,0.0,13,0.01,0.5,True,1,native
6597,1.0,28,0.01,0.5,True,1,native
6598,1.0,80,0.01,0.5,True,1,native
6599,1.0,34,0.01,0.5,True,1,native
6600,1.0,13,0.01,0.5,True,1,native
6601,1.0,28,0.01,0.5,True,1,native
6602,0.0,38,0.01,0.5,True,1,native
6603,1.0,62,0.01,0.5,True,1,native
6604,0.0,6,0.01,0.5,True,1,native
6605,0.0,100,0.01,0.5,True,1,native
6606,1.0,25,0.01,0.5,True,1,native
6607,0.0,9,0.01,0.5,True,1,native
6608,0.0,100,0.01,0.5,True,1,native
6609,1.0,16,0.01,0.5,True,1,native
6610,1.0,55,0.01,0.5,True,1,native
6611,1.0,49,0.01,0.5,True,1,native
6612,1.0,46,0.01,0.5,True,1,native
6613,1.0,60,0.01,0.5,True,1,native
6614,0.0,10,0.01,0.5,True,1,native
6615,1.0,8,0.01,0.5,True,1,native
6616,0.0,100,0.01,0.5,True,1,native
6617,1.0,42,0.01,0.5,True,1,native
6618,1.0,73,0.01,0.5,True,1,native
6619,1.0,15,0.01,0.5,True,1,native
6620,0.0,100,0.01,0.5,True,1,native
6621,1.0,30,0.01,0.5,True,1,native
6622,1.0,41,0.01,0.5,True,1,native
6623,1.0,21,0.01,0.5,True,1,native
6624,0.0,34,0.01,0.5,True,1,native
6625,0.0,100,0.01,0.5,True,1,native
6626,0.0,90,0.01,0.5,True,1,native
6627,1.0,41,0.01,0.5,True,1,native
6628,1.0,18,0.01,0.5,True,1,native
6629,0.0,35,0.01,0.5,True,1,native
6630,0.0,100,0.01,0.5,True,1,native
6631,0.0,100,0.01,0.5,True,1,native
6632,0.0,18,0.01,0.5,True,1,native
6633,1.0,10,0.01,0.5,True,1,native
6634,1.0,35,0.01,0.5,True,1,native
6635,1.0,45,0.01,0.5,True,1,native
6636,1.0,33,0.01,0.5,True,1,native
6637,1.0,45,0.01,0.5,True,1,native
6638,0.0,71,0.01,0.5,True,1,native
6639,1.0,23,0.01,0.5,True,1,native
6640,1.0,40,0.01,0.5,True,1,native
6641,0.0,100,0.01,0.5,True,1,native
6642,0.0,100,0.01,0.5,True,1,native
6643,0.0,31,0.01,0.5,True,1,native
6644,0.0,100,0.01,0.5,True,1,native
6645,1.0,69,0.01,0.5,True,1,native
6646,1.0,12,0.01,0.5,True,1,native
6647,0.0,61,0.01,0.5,True,1,native
6648,1.0,14,0.01,0.5,True,1,native
6649,1.0,21,0.01,0.5,True,1,native
6650,0.0,25,0.01,0.5,True,1,native
6651,1.0,46,0.01,0.5,True,1,native
6652,0.0,14,0.01,0.5,True,1,native
6653,1.0,24,0.01,0.5,True,1,native
6654,1.0,25,0.01,0.5,True,1,native
6655,1.0,65,0.01,0.5,True,1,native
6656,1.0,21,0.01,0.5,True,1,native
6657,0.0,45,0.01,0.5,True,1,native
6658,1.0,36,0.01,0.5,True,1,native
6659,1.0,31,0.01,0.5,True,1,native
6660,1.0,9,0.01,0.5,True,1,native
6661,1.0,40,0.01,0.5,True,1,native
6662,0.0,89,0.01,0.5,True,1,native
6663,1.0,43,0.01,0.5,True,1,native
6664,1.0,21,0.01,0.5,True,1,native
6665,1.0,88,0.01,0.5,True,1,native
6666,1.0,60,0.01,0.5,True,1,native
6667,1.0,20,0.01,0.5,True,1,native
6668,1.0,61,0.01,0.5,True,1,native
6669,1.0,36,0.01,0.5,True,1,native
6670,1.0,22,0.01,0.5,True,1,native
6671,1.0,35,0.01,0.5,True,1,native
6672,1.0,39,0.01,0.5,True,1,native
6673,1.0,61,0.01,0.5,True,1,native
6674,1.0,30,0.01,0.5,True,1,native
6675,0.0,39,0.01,0.5,True,1,native
6676,1.0,18,0.01,0.5,True,1,native
6677,0.0,44,0.01,0.5,True,1,native
6678,0.0,43,0.01,0.5,True,1,native
6679,0.0,26,0.01,0.5,True,1,native
6680,0.0,54,0.01,0.5,True,1,native
6681,1.0,22,0.01,0.5,True,1,native
6682,0.0,8,0.01,0.5,True,1,native
6683,0.0,30,0.01,0.5,True,1,native
6684,0.0,100,0.01,0.5,True,1,native
6685,0.0,100,0.01,0.5,True,1,native
6686,1.0,8,0.01,0.5,True,1,native
6687,1.0,16,0.01,0.5,True,1,native
6688,0.0,10,0.01,0.5,True,1,native
6689,0.0,100,0.01,0.5,True,1,native
6690,0.0,65,0.01,0.5,True,1,native
6691,1.0,24,0.01,0.5,True,1,native
6692,0.0,100,0.01,0.5,True,1,native
6693,1.0,21,0.01,0.5,True,1,native
6694,0.0,8,0.01,0.5,True,1,native
6695,1.0,8,0.01,0.5,True,1,native
6696,1.0,70,0.01,0.5,True,1,native
6697,1.0,12,0.01,0.5,True,1,native
6698,1.0,10,0.01,0.5,True,1,native
6699,1.0,78,0.01,0.5,True,1,native
6700,0.0,100,0.01,0.5,True,1,native
6701,1.0,74,0.01,0.5,True,1,native
6702,0.0,34,0.01,0.5,True,1,native
6703,0.0,58,0.01,0.5,True,1,native
6704,1.0,23,0.01,0.5,True,1,native
6705,1.0,51,0.01,0.5,True,1,native
6706,1.0,45,0.01,0.5,True,1,native
6707,0.0,90,0.01,0.5,True,1,native
6708,0.0,35,0.01,0.5,True,1,native
6709,1.0,6,0.01,0.5,True,1,native
6710,0.0,100,0.01,0.5,True,1,native
6711,0.0,31,0.01,0.5,True,1,native
6712,1.0,25,0.01,0.5,True,1,native
6713,1.0,42,0.01,0.5,True,1,native
6714,1.0,44,0.01,0.5,True,1,native
6715,1.0,12,0.01,0.5,True,1,native
6716,1.0,49,0.01,0.5,True,1,native
6717,0.0,71,0.01,0.5,True,1,native
6718,1.0,24,0.01,0.5,True,1,native
6719,1.0,29,0.01,0.5,True,1,native
6720,0.0,27,0.01,0.5,True,1,native
6721,1.0,68,0.01,0.5,True,1,native
6722,0.0,60,0.01,0.5,True,1,native
6723,0.0,22,0.01,0.5,True,1,native
6724,1.0,47,0.01,0.5,True,1,native
6725,0.0,77,0.01,0.5,True,1,native
6726,0.0,67,0.01,0.5,True,1,native
6727,1.0,46,0.01,0.5,True,1,native
6728,0.0,15,0.01,0.5,True,1,native
6729,1.0,7,0.01,0.5,True,1,native
6730,1.0,17,0.01,0.5,True,1,native
6731,0.0,10,0.01,0.5,True,1,native
6732,1.0,79,0.01,0.5,True,1,native
6733,0.0,100,0.01,0.5,True,1,native
6734,1.0,29,0.01,0.5,True,1,native
6735,1.0,18,0.01,0.5,True,1,native
6736,0.0,10,0.01,0.5,True,1,native
6737,0.0,24,0.01,0.5,True,1,native
6738,1.0,36,0.01,0.5,True,1,native
6739,1.0,59,0.01,0.5,True,1,native
6740,1.0,27,0.01,0.5,True,1,native
6741,1.0,89,0.01,0.5,True,1,native
6742,0.0,80,0.01,0.5,True,1,native
6743,1.0,7,0.01,0.5,True,1,native
6744,1.0,78,0.01,0.5,True,1,native
6745,1.0,42,0.01,0.5,True,1,native
6746,1.0,41,0.01,0.5,True,1,native
6747,1.0,35,0.01,0.5,True,1,native
6748,1.0,8,0.01,0.5,True,1,native
6749,1.0,16,0.01,0.5,True,1,native
6750,1.0,35,0.01,0.5,True,1,native
6751,0.0,57,0.01,0.5,True,1,native
6752,0.0,16,0.01,0.5,True,1,native
6753,1.0,27,0.01,0.5,True,1,native
6754,1.0,22,0.01,0.5,True,1,native
6755,1.0,12,0.01,0.5,True,1,native
6756,0.0,9,0.01,0.5,True,1,native
6757,1.0,20,0.01,0.5,True,1,native
6758,1.0,47,0.01,0.5,True,1,native
6759,1.0,20,0.01,0.5,True,1,native
6760,1.0,16,0.01,0.5,True,1,native
6761,1.0,54,0.01,0.5,True,1,native
6762,0.0,42,0.01,0.5,True,1,native
6763,1.0,39,0.01,0.5,True,1,native
6764,1.0,58,0.01,0.5,True,1,native
6765,1.0,73,0.01,0.5,True,1,native
6766,0.0,11,0.01,0.5,True,1,native
6767,1.0,43,0.01,0.5,True,1,native
6768,0.0,8,0.01,0.5,True,1,native
6769,1.0,31,0.01,0.5,True,1,native
6770,1.0,13,0.01,0.5,True,1,native
6771,1.0,19,0.01,0.5,True,1,native
6772,0.0,13,0.01,0.5,True,1,native
6773,1.0,55,0.01,0.5,True,1,native
6774,0.0,9,0.01,0.5,True,1,native
6775,0.0,24,0.01,0.5,True,1,native
6776,0.0,17,0.01,0.5,True,1,native
6777,0.0,24,0.01,0.5,True,1,native
6778,0.0,73,0.01,0.5,True,1,native
6779,0.0,100,0.01,0.5,True,1,native
6780,0.0,11,0.01,0.5,True,1,native
6781,0.0,50,0.01,0.5,True,1,native
6782,0.0,3,0.01,0.5,True,1,native
6783,1.0,9,0.01,0.5,True,1,native
6784,1.0,80,0.01,0.5,True,1,native
6785,1.0,67,0.01,0.5,True,1,native
6786,0.0,61,0.01,0.5,True,1,native
6787,0.0,4,0.01,0.5,True,1,native
6788,0.0,2,0.01,0.5,True,1,native
6789,0.0,32,0.01,0.5,True,1,native
6790,1.0,77,0.01,0.5,True,1,native
6791,1.0,22,0.01,0.5,True,1,native
6792,1.0,13,0.01,0.5,True,1,native
6793,0.0,17,0.01,0.5,True,1,native
6794,0.0,8,0.01,0.5,True,1,native
6795,0.0,100,0.01,0.5,True,1,native
6796,0.0,52,0.01,0.5,True,1,native
6797,1.0,18,0.01,0.5,True,1,native
6798,0.0,44,0.01,0.5,True,1,native
6799,1.0,13,0.01,0.5,True,1,native
6800,1.0,18,0.01,0.5,True,1,native
6801,0.0,24,0.01,0.5,True,1,native
6802,1.0,35,0.01,0.5,True,1,native
6803,0.0,34,0.01,0.5,True,1,native
6804,0.0,25,0.01,0.5,True,1,native
6805,1.0,42,0.01,0.5,True,1,native
6806,0.0,6,0.01,0.5,True,1,native
6807,1.0,57,0.01,0.5,True,1,native
6808,1.0,25,0.01,0.5,True,1,native
6809,1.0,51,0.01,0.5,True,1,native
6810,1.0,16,0.01,0.5,True,1,native
6811,1.0,46,0.01,0.5,True,1,native
6812,1.0,41,0.01,0.5,True,1,native
6813,0.0,100,0.01,0.5,True,1,native
6814,1.0,22,0.01,0.5,True,1,native
6815,0.0,51,0.01,0.5,True,1,native
6816,1.0,79,0.01,0.5,True,1,native
6817,1.0,18,0.01,0.5,True,1,native
6818,1.0,43,0.01,0.5,True,1,native
6819,1.0,12,0.01,0.5,True,1,native
6820,1.0,18,0.01,0.5,True,1,native
6821,1.0,10,0.01,0.5,True,1,native
6822,1.0,31,0.01,0.5,True,1,native
6823,1.0,50,0.01,0.5,True,1,native
6824,0.0,22,0.01,0.5,True,1,native
6825,0.0,31,0.01,0.5,True,1,native
6826,1.0,66,0.01,0.5,True,1,native
6827,0.0,59,0.01,0.5,True,1,native
6828,0.0,29,0.01,0.5,True,1,native
6829,0.0,39,0.01,0.5,True,1,native
6830,0.0,9,0.01,0.5,True,1,native
6831,0.0,74,0.01,0.5,True,1,native
6832,0.0,79,0.01,0.5,True,1,native
6833,1.0,19,0.01,0.5,True,1,native
6834,0.0,100,0.01,0.5,True,1,native
6835,0.0,11,0.01,0.5,True,1,native
6836,0.0,100,0.01,0.5,True,1,native
6837,1.0,59,0.01,0.5,True,1,native
6838,0.0,9,0.01,0.5,True,1,native
6839,1.0,61,0.01,0.5,True,1,native
6840,0.0,100,0.01,0.5,True,1,native
6841,1.0,10,0.01,0.5,True,1,native
6842,0.0,31,0.01,0.5,True,1,native
6843,1.0,82,0.01,0.5,True,1,native
6844,1.0,24,0.01,0.5,True,1,native
6845,1.0,11,0.01,0.5,True,1,native
6846,1.0,66,0.01,0.5,True,1,native
6847,1.0,36,0.01,0.5,True,1,native
6848,1.0,46,0.01,0.5,True,1,native
6849,1.0,12,0.01,0.5,True,1,native
6850,1.0,97,0.01,0.5,True,1,native
6851,0.0,74,0.01,0.5,True,1,native
6852,0.0,8,0.01,0.5,True,1,native
6853,1.0,27,0.01,0.5,True,1,native
6854,1.0,69,0.01,0.5,True,1,native
6855,1.0,16,0.01,0.5,True,1,native
6856,1.0,20,0.01,0.5,True,1,native
6857,1.0,44,0.01,0.5,True,1,native
6858,1.0,25,0.01,0.5,True,1,native
6859,0.0,8,0.01,0.5,True,1,native
6860,0.0,100,0.01,0.5,True,1,native
6861,1.0,26,0.01,0.5,True,1,native
6862,1.0,67,0.01,0.5,True,1,native
6863,1.0,17,0.01,0.5,True,1,native
6864,1.0,35,0.01,0.5,True,1,native
6865,1.0,19,0.01,0.5,True,1,native
6866,1.0,30,0.01,0.5,True,1,native
6867,1.0,35,0.01,0.5,True,1,native
6868,1.0,92,0.01,0.5,True,1,native
6869,1.0,85,0.01,0.5,True,1,native
6870,1.0,6,0.01,0.5,True,1,native
6871,0.0,13,0.01,0.5,True,1,native
6872,0.0,100,0.01,0.5,True,1,native
6873,0.0,100,0.01,0.5,True,1,native
6874,0.0,100,0.01,0.5,True,1,native
6875,1.0,49,0.01,0.5,True,1,native
6876,1.0,11,0.01,0.5,True,1,native
6877,0.0,100,0.01,0.5,True,1,native
6878,0.0,15,0.01,0.5,True,1,native
6879,1.0,15,0.01,0.5,True,1,native
6880,0.0,100,0.01,0.5,True,1,native
6881,1.0,15,0.01,0.5,True,1,native
6882,1.0,70,0.01,0.5,True,1,native
6883,0.0,100,0.01,0.5,True,1,native
6884,1.0,39,0.01,0.5,True,1,native
6885,1.0,72,0.01,0.5,True,1,native
6886,0.0,100,0.01,0.5,True,1,native
6887,0.0,21,0.01,0.5,True,1,native
6888,1.0,23,0.01,0.5,True,1,native
6889,0.0,100,0.01,0.5,True,1,native
6890,1.0,60,0.01,0.5,True,1,native
6891,1.0,22,0.01,0.5,True,1,native
6892,1.0,40,0.01,0.5,True,1,native
6893,1.0,94,0.01,0.5,True,1,native
6894,1.0,26,0.01,0.5,True,1,native
6895,1.0,42,0.01,0.5,True,1,native
6896,1.0,48,0.01,0.5,True,1,native
6897,1.0,9,0.01,0.5,True,1,native
6898,1.0,72,0.01,0.5,True,1,native
6899,1.0,86,0.01,0.5,True,1,native
6900,1.0,13,0.01,0.5,True,1,native
6901,1.0,74,0.01,0.5,True,1,native
6902,1.0,34,0.01,0.5,True,1,native
6903,1.0,14,0.01,0.5,True,1,native
6904,1.0,15,0.01,0.5,True,1,native
6905,1.0,44,0.01,0.5,True,1,native
6906,1.0,52,0.01,0.5,True,1,native
6907,1.0,68,0.01,0.5,True,1,native
6908,0.0,19,0.01,0.5,True,1,native
6909,1.0,40,0.01,0.5,True,1,native
6910,1.0,21,0.01,0.5,True,1,native
6911,1.0,81,0.01,0.5,True,1,native
6912,0.0,100,0.01,0.5,True,1,native
6913,0.0,100,0.01,0.5,True,1,native
6914,0.0,43,0.01,0.5,True,1,native
6915,1.0,16,0.01,0.5,True,1,native
6916,0.0,100,0.01,0.5,True,1,native
6917,1.0,41,0.01,0.5,True,1,native
6918,0.0,9,0.01,0.5,True,1,native
6919,1.0,27,0.01,0.5,True,1,native
6920,1.0,18,0.01,0.5,True,1,native
6921,0.0,32,0.01,0.5,True,1,native
6922,0.0,15,0.01,0.5,True,1,native
6923,0.0,45,0.01,0.5,True,1,native
6924,1.0,85,0.01,0.5,True,1,native
6925,0.0,4,0.01,0.5,True,1,native
6926,0.0,100,0.01,0.5,True,1,native
6927,0.0,58,0.01,0.5,True,1,native
6928,0.0,9,0.01,0.5,True,1,native
6929,0.0,100,0.01,0.5,True,1,native
6930,0.0,100,0.01,0.5,True,1,native
6931,1.0,45,0.01,0.5,True,1,native
6932,1.0,66,0.01,0.5,True,1,native
6933,1.0,14,0.01,0.5,True,1,native
6934,1.0,42,0.01,0.5,True,1,native
6935,1.0,15,0.01,0.5,True,1,native
6936,1.0,29,0.01,0.5,True,1,native
6937,1.0,39,0.01,0.5,True,1,native
6938,1.0,32,0.01,0.5,True,1,native
6939,1.0,25,0.01,0.5,True,1,native
6940,1.0,45,0.01,0.5,True,1,native
6941,1.0,34,0.01,0.5,True,1,native
6942,0.0,4,0.01,0.5,True,1,native
6943,0.0,44,0.01,0.5,True,1,native
6944,1.0,65,0.01,0.5,True,1,native
6945,1.0,66,0.01,0.5,True,1,native
6946,1.0,12,0.01,0.5,True,1,native
6947,0.0,48,0.01,0.5,True,1,native
6948,1.0,73,0.01,0.5,True,1,native
6949,0.0,10,0.01,0.5,True,1,native
6950,0.0,100,0.01,0.5,True,1,native
6951,1.0,65,0.01,0.5,True,1,native
6952,0.0,12,0.01,0.5,True,1,native
6953,1.0,14,0.01,0.5,True,1,native
6954,1.0,24,0.01,0.5,True,1,native
6955,1.0,15,0.01,0.5,True,1,native
6956,1.0,34,0.01,0.5,True,1,native
6957,0.0,15,0.01,0.5,True,1,native
6958,1.0,17,0.01,0.5,True,1,native
6959,1.0,27,0.01,0.5,True,1,native
6960,0.0,81,0.01,0.5,True,1,native
6961,0.0,23,0.01,0.5,True,1,native
6962,1.0,35,0.01,0.5,True,1,native
6963,0.0,100,0.01,0.5,True,1,native
6964,1.0,30,0.01,0.5,True,1,native
6965,1.0,32,0.01,0.5,True,1,native
6966,0.0,37,0.01,0.5,True,1,native
6967,1.0,34,0.01,0.5,True,1,native
6968,1.0,39,0.01,0.5,True,1,native
6969,0.0,49,0.01,0.5,True,1,native
6970,0.0,8,0.01,0.5,True,1,native
6971,0.0,21,0.01,0.5,True,1,native
6972,1.0,34,0.01,0.5,True,1,native
6973,1.0,10,0.01,0.5,True,1,native
6974,1.0,60,0.01,0.5,True,1,native
6975,1.0,16,0.01,0.5,True,1,native
6976,0.0,100,0.01,0.5,True,1,native
6977,0.0,23,0.01,0.5,True,1,native
6978,0.0,13,0.01,0.5,True,1,native
6979,0.0,26,0.01,0.5,True,1,native
6980,0.0,53,0.01,0.5,True,1,native
6981,1.0,17,0.01,0.5,True,1,native
6982,0.0,54,0.01,0.5,True,1,native
6983,1.0,43,0.01,0.5,True,1,native
6984,0.0,63,0.01,0.5,True,1,native
6985,1.0,58,0.01,0.5,True,1,native
6986,1.0,28,0.01,0.5,True,1,native
6987,1.0,14,0.01,0.5,True,1,native
6988,1.0,63,0.01,0.5,True,1,native
6989,1.0,19,0.01,0.5,True,1,native
6990,1.0,22,0.01,0.5,True,1,native
6991,0.0,65,0.01,0.5,True,1,native
6992,1.0,75,0.01,0.5,True,1,native
6993,1.0,32,0.01,0.5,True,1,native
6994,1.0,95,0.01,0.5,True,1,native
6995,1.0,69,0.01,0.5,True,1,native
6996,0.0,29,0.01,0.5,True,1,native
6997,0.0,9,0.01,0.5,True,1,native
6998,1.0,38,0.01,0.5,True,1,native
6999,1.0,18,0.01,0.5,True,1,native
7000,1.0,20,0.01,0.5,True,1,native
7001,0.0,15,0.01,0.5,True,1,native
7002,1.0,14,0.01,0.5,True,1,native
7003,0.0,27,0.01,0.5,True,1,native
7004,1.0,82,0.01,0.5,True,1,native
7005,0.0,100,0.01,0.5,True,1,native
7006,0.0,44,0.01,0.5,True,1,native
7007,0.0,84,0.01,0.5,True,1,native
7008,0.0,33,0.01,0.5,True,1,native
7009,1.0,26,0.01,0.5,True,1,native
7010,0.0,39,0.01,0.5,True,1,native
7011,0.0,100,0.01,0.5,True,1,native
7012,0.0,56,0.01,0.5,True,1,native
7013,1.0,17,0.01,0.5,True,1,native
7014,0.0,100,0.01,0.5,True,1,native
7015,1.0,11,0.01,0.5,True,1,native
7016,1.0,55,0.01,0.5,True,1,native
7017,0.0,100,0.01,0.5,True,1,native
7018,0.0,100,0.01,0.5,True,1,native
7019,1.0,34,0.01,0.5,True,1,native
7020,1.0,18,0.01,0.5,True,1,native
7021,1.0,8,0.01,0.5,True,1,native
7022,0.0,48,0.01,0.5,True,1,native
7023,1.0,41,0.01,0.5,True,1,native
7024,0.0,31,0.01,0.5,True,1,native
7025,1.0,25,0.01,0.5,True,1,native
7026,0.0,100,0.01,0.5,True,1,native
7027,1.0,28,0.01,0.5,True,1,native
7028,1.0,69,0.01,0.5,True,1,native
7029,0.0,43,0.01,0.5,True,1,native
7030,0.0,25,0.01,0.5,True,1,native
7031,1.0,64,0.01,0.5,True,1,native
7032,1.0,34,0.01,0.5,True,1,native
7033,0.0,100,0.01,0.5,True,1,native
7034,1.0,16,0.01,0.5,True,1,native
7035,0.0,78,0.01,0.5,True,1,native
7036,0.0,54,0.01,0.5,True,1,native
7037,1.0,23,0.01,0.5,True,1,native
7038,0.0,74,0.01,0.5,True,1,native
7039,0.0,40,0.01,0.5,True,1,native
7040,1.0,31,0.01,0.5,True,1,native
7041,1.0,53,0.01,0.5,True,1,native
7042,1.0,60,0.01,0.5,True,1,native
7043,0.0,14,0.01,0.5,True,1,native
7044,0.0,100,0.01,0.5,True,1,native
7045,0.0,100,0.01,0.5,True,1,native
7046,1.0,91,0.01,0.5,True,1,native
7047,1.0,20,0.01,0.5,True,1,native
7048,1.0,26,0.01,0.5,True,1,native
7049,1.0,17,0.01,0.5,True,1,native
7050,1.0,13,0.01,0.5,True,1,native
7051,1.0,16,0.01,0.5,True,1,native
7052,1.0,20,0.01,0.5,True,1,native
7053,1.0,69,0.01,0.5,True,1,native
7054,0.0,31,0.01,0.5,True,1,native
7055,1.0,19,0.01,0.5,True,1,native
7056,1.0,71,0.01,0.5,True,1,native
7057,1.0,61,0.01,0.5,True,1,native
7058,1.0,16,0.01,0.5,True,1,native
7059,1.0,48,0.01,0.5,True,1,native
7060,1.0,33,0.01,0.5,True,1,native
7061,1.0,48,0.01,0.5,True,1,native
7062,1.0,52,0.01,0.5,True,1,native
7063,0.0,23,0.01,0.5,True,1,native
7064,1.0,83,0.01,0.5,True,1,native
7065,0.0,34,0.01,0.5,True,1,native
7066,1.0,13,0.01,0.5,True,1,native
7067,0.0,62,0.01,0.5,True,1,native
7068,1.0,10,0.01,0.5,True,1,native
7069,0.0,54,0.01,0.5,True,1,native
7070,0.0,43,0.01,0.5,True,1,native
7071,1.0,54,0.01,0.5,True,1,native
7072,1.0,34,0.01,0.5,True,1,native
7073,1.0,21,0.01,0.5,True,1,native
7074,1.0,47,0.01,0.5,True,1,native
7075,1.0,7,0.01,0.5,True,1,native
7076,1.0,38,0.01,0.5,True,1,native
7077,0.0,39,0.01,0.5,True,1,native
7078,1.0,21,0.01,0.5,True,1,native
7079,1.0,18,0.01,0.5,True,1,native
7080,1.0,54,0.01,0.5,True,1,native
7081,1.0,40,0.01,0.5,True,1,native
7082,1.0,25,0.01,0.5,True,1,native
7083,1.0,27,0.01,0.5,True,1,native
7084,1.0,31,0.01,0.5,True,1,native
7085,1.0,15,0.01,0.5,True,1,native
7086,1.0,31,0.01,0.5,True,1,native
7087,1.0,35,0.01,0.5,True,1,native
7088,0.0,58,0.01,0.5,True,1,native
7089,1.0,88,0.01,0.5,True,1,native
7090,1.0,16,0.01,0.5,True,1,native
7091,0.0,100,0.01,0.5,True,1,native
7092,0.0,12,0.01,0.5,True,1,native
7093,0.0,61,0.01,0.5,True,1,native
7094,1.0,35,0.01,0.5,True,1,native
7095,1.0,24,0.01,0.5,True,1,native
7096,1.0,60,0.01,0.5,True,1,native
7097,1.0,12,0.01,0.5,True,1,native
7098,1.0,54,0.01,0.5,True,1,native
7099,1.0,65,0.01,0.5,True,1,native
7100,0.0,37,0.01,0.5,True,1,native
7101,1.0,12,0.01,0.5,True,1,native
7102,0.0,63,0.01,0.5,True,1,native
7103,0.0,30,0.01,0.5,True,1,native
7104,1.0,62,0.01,0.5,True,1,native
7105,1.0,79,0.01,0.5,True,1,native
7106,0.0,34,0.01,0.5,True,1,native
7107,1.0,34,0.01,0.5,True,1,native
7108,0.0,100,0.01,0.5,True,1,native
7109,0.0,100,0.01,0.5,True,1,native
7110,0.0,37,0.01,0.5,True,1,native
7111,1.0,10,0.01,0.5,True,1,native
7112,1.0,60,0.01,0.5,True,1,native
7113,0.0,17,0.01,0.5,True,1,native
7114,1.0,21,0.01,0.5,True,1,native
7115,1.0,17,0.01,0.5,True,1,native
7116,1.0,9,0.01,0.5,True,1,native
7117,0.0,96,0.01,0.5,True,1,native
7118,1.0,9,0.01,0.5,True,1,native
7119,1.0,22,0.01,0.5,True,1,native
7120,1.0,57,0.01,0.5,True,1,native
7121,1.0,9,0.01,0.5,True,1,native
7122,1.0,20,0.01,0.5,True,1,native
7123,1.0,11,0.01,0.5,True,1,native
7124,0.0,40,0.01,0.5,True,1,native
7125,0.0,100,0.01,0.5,True,1,native
7126,0.0,7,0.01,0.5,True,1,native
7127,1.0,49,0.01,0.5,True,1,native
7128,1.0,15,0.01,0.5,True,1,native
7129,0.0,100,0.01,0.5,True,1,native
7130,1.0,90,0.01,0.5,True,1,native
7131,1.0,69,0.01,0.5,True,1,native
7132,0.0,21,0.01,0.5,True,1,native
7133,1.0,89,0.01,0.5,True,1,native
7134,1.0,41,0.01,0.5,True,1,native
7135,1.0,45,0.01,0.5,True,1,native
7136,1.0,26,0.01,0.5,True,1,native
7137,1.0,87,0.01,0.5,True,1,native
7138,0.0,100,0.01,0.5,True,1,native
7139,0.0,42,0.01,0.5,True,1,native
7140,0.0,51,0.01,0.5,True,1,native
7141,0.0,100,0.01,0.5,True,1,native
7142,1.0,16,0.01,0.5,True,1,native
7143,1.0,83,0.01,0.5,True,1,native
7144,0.0,70,0.01,0.5,True,1,native
7145,0.0,100,0.01,0.5,True,1,native
7146,0.0,11,0.01,0.5,True,1,native
7147,0.0,57,0.01,0.5,True,1,native
7148,1.0,71,0.01,0.5,True,1,native
7149,0.0,36,0.01,0.5,True,1,native
7150,0.0,31,0.01,0.5,True,1,native
7151,0.0,28,0.01,0.5,True,1,native
7152,0.0,8,0.01,0.5,True,1,native
7153,0.0,31,0.01,0.5,True,1,native
7154,0.0,56,0.01,0.5,True,1,native
7155,0.0,23,0.01,0.5,True,1,native
7156,1.0,51,0.01,0.5,True,1,native
7157,0.0,12,0.01,0.5,True,1,native
7158,0.0,100,0.01,0.5,True,1,native
7159,0.0,6,0.01,0.5,True,1,native
7160,1.0,57,0.01,0.5,True,1,native
7161,1.0,29,0.01,0.5,True,1,native
7162,1.0,14,0.01,0.5,True,1,native
7163,1.0,19,0.01,0.5,True,1,native
7164,0.0,17,0.01,0.5,True,1,native
7165,0.0,26,0.01,0.5,True,1,native
7166,1.0,62,0.01,0.5,True,1,native
7167,1.0,81,0.01,0.5,True,1,native
7168,0.0,16,0.01,0.5,True,1,native
7169,1.0,26,0.01,0.5,True,1,native
7170,1.0,83,0.01,0.5,True,1,native
7171,0.0,35,0.01,0.5,True,1,native
7172,1.0,16,0.01,0.5,True,1,native
7173,0.0,24,0.01,0.5,True,1,native
7174,0.0,38,0.01,0.5,True,1,native
7175,1.0,15,0.01,0.5,True,1,native
7176,0.0,75,0.01,0.5,True,1,native
7177,0.0,34,0.01,0.5,True,1,native
7178,0.0,100,0.01,0.5,True,1,native
7179,0.0,100,0.01,0.5,True,1,native
7180,0.0,26,0.01,0.5,True,1,native
7181,1.0,71,0.01,0.5,True,1,native
7182,0.0,86,0.01,0.5,True,1,native
7183,0.0,22,0.01,0.5,True,1,native
7184,1.0,90,0.01,0.5,True,1,native
7185,0.0,13,0.01,0.5,True,1,native
7186,1.0,7,0.01,0.5,True,1,native
7187,0.0,100,0.01,0.5,True,1,native
7188,1.0,32,0.01,0.5,True,1,native
7189,1.0,8,0.01,0.5,True,1,native
7190,1.0,22,0.01,0.5,True,1,native
7191,1.0,22,0.01,0.5,True,1,native
7192,1.0,25,0.01,0.5,True,1,native
7193,1.0,17,0.01,0.5,True,1,native
7194,1.0,47,0.01,0.5,True,1,native
7195,1.0,20,0.01,0.5,True,1,native
7196,1.0,99,0.01,0.5,True,1,native
7197,0.0,21,0.01,0.5,True,1,native
7198,1.0,99,0.01,0.5,True,1,native
7199,1.0,18,0.01,0.5,True,1,native
7200,0.0,100,0.01,0.5,True,1,native
7201,1.0,13,0.01,0.5,True,1,native
7202,1.0,51,0.01,0.5,True,1,native
7203,0.0,22,0.01,0.5,True,1,native
7204,1.0,24,0.01,0.5,True,1,native
7205,0.0,100,0.01,0.5,True,1,native
7206,1.0,17,0.01,0.5,True,1,native
7207,1.0,37,0.01,0.5,True,1,native
7208,1.0,22,0.01,0.5,True,1,native
7209,1.0,43,0.01,0.5,True,1,native
7210,0.0,7,0.01,0.5,True,1,native
7211,1.0,29,0.01,0.5,True,1,native
7212,1.0,37,0.01,0.5,True,1,native
7213,1.0,11,0.01,0.5,True,1,native
7214,1.0,36,0.01,0.5,True,1,native
7215,1.0,96,0.01,0.5,True,1,native
7216,1.0,43,0.01,0.5,True,1,native
7217,1.0,65,0.01,0.5,True,1,native
7218,1.0,63,0.01,0.5,True,1,native
7219,1.0,72,0.01,0.5,True,1,native
7220,1.0,29,0.01,0.5,True,1,native
7221,1.0,43,0.01,0.5,True,1,native
7222,1.0,23,0.01,0.5,True,1,native
7223,1.0,13,0.01,0.5,True,1,native
7224,1.0,11,0.01,0.5,True,1,native
7225,1.0,44,0.01,0.5,True,1,native
7226,1.0,22,0.01,0.5,True,1,native
7227,0.0,17,0.01,0.5,True,1,native
7228,0.0,100,0.01,0.5,True,1,native
7229,1.0,18,0.01,0.5,True,1,native
7230,1.0,61,0.01,0.5,True,1,native
7231,0.0,22,0.01,0.5,True,1,native
7232,1.0,72,0.01,0.5,True,1,native
7233,0.0,26,0.01,0.5,True,1,native
7234,1.0,17,0.01,0.5,True,1,native
7235,1.0,28,0.01,0.5,True,1,native
7236,1.0,15,0.01,0.5,True,1,native
7237,1.0,39,0.01,0.5,True,1,native
7238,0.0,100,0.01,0.5,True,1,native
7239,1.0,10,0.01,0.5,True,1,native
7240,1.0,45,0.01,0.5,True,1,native
7241,1.0,33,0.01,0.5,True,1,native
7242,1.0,24,0.01,0.5,True,1,native
7243,0.0,43,0.01,0.5,True,1,native
7244,1.0,15,0.01,0.5,True,1,native
7245,1.0,8,0.01,0.5,True,1,native
7246,1.0,32,0.01,0.5,True,1,native
7247,0.0,100,0.01,0.5,True,1,native
7248,1.0,69,0.01,0.5,True,1,native
7249,1.0,27,0.01,0.5,True,1,native
7250,1.0,34,0.01,0.5,True,1,native
7251,1.0,47,0.01,0.5,True,1,native
7252,1.0,11,0.01,0.5,True,1,native
7253,1.0,25,0.01,0.5,True,1,native
7254,1.0,69,0.01,0.5,True,1,native
7255,0.0,55,0.01,0.5,True,1,native
7256,1.0,30,0.01,0.5,True,1,native
7257,1.0,20,0.01,0.5,True,1,native
7258,1.0,28,0.01,0.5,True,1,native
7259,1.0,36,0.01,0.5,True,1,native
7260,1.0,22,0.01,0.5,True,1,native
7261,1.0,9,0.01,0.5,True,1,native
7262,1.0,26,0.01,0.5,True,1,native
7263,1.0,77,0.01,0.5,True,1,native
7264,0.0,13,0.01,0.5,True,1,native
7265,1.0,45,0.01,0.5,True,1,native
7266,1.0,42,0.01,0.5,True,1,native
7267,0.0,21,0.01,0.5,True,1,native
7268,0.0,100,0.01,0.5,True,1,native
7269,1.0,23,0.01,0.5,True,1,native
7270,1.0,66,0.01,0.5,True,1,native
7271,1.0,34,0.01,0.5,True,1,native
7272,1.0,97,0.01,0.5,True,1,native
7273,1.0,25,0.01,0.5,True,1,native
7274,1.0,19,0.01,0.5,True,1,native
7275,1.0,32,0.01,0.5,True,1,native
7276,0.0,18,0.01,0.5,True,1,native
7277,1.0,33,0.01,0.5,True,1,native
7278,1.0,59,0.01,0.5,True,1,native
7279,1.0,24,0.01,0.5,True,1,native
7280,1.0,43,0.01,0.5,True,1,native
7281,1.0,25,0.01,0.5,True,1,native
7282,0.0,75,0.01,0.5,True,1,native
7283,1.0,39,0.01,0.5,True,1,native
7284,1.0,52,0.01,0.5,True,1,native
7285,1.0,13,0.01,0.5,True,1,native
7286,1.0,50,0.01,0.5,True,1,native
7287,1.0,30,0.01,0.5,True,1,native
7288,1.0,9,0.01,0.5,True,1,native
7289,1.0,32,0.01,0.5,True,1,native
7290,1.0,56,0.01,0.5,True,1,native
7291,0.0,22,0.01,0.5,True,1,native
7292,1.0,19,0.01,0.5,True,1,native
7293,1.0,41,0.01,0.5,True,1,native
7294,0.0,100,0.01,0.5,True,1,native
7295,0.0,45,0.01,0.5,True,1,native
7296,1.0,8,0.01,0.5,True,1,native
7297,0.0,47,0.01,0.5,True,1,native
7298,1.0,51,0.01,0.5,True,1,native
7299,1.0,36,0.01,0.5,True,1,native
7300,1.0,31,0.01,0.5,True,1,native
7301,1.0,12,0.01,0.5,True,1,native
7302,1.0,85,0.01,0.5,True,1,native
7303,1.0,13,0.01,0.5,True,1,native
7304,1.0,95,0.01,0.5,True,1,native
7305,1.0,13,0.01,0.5,True,1,native
7306,1.0,35,0.01,0.5,True,1,native
7307,0.0,100,0.01,0.5,True,1,native
7308,1.0,92,0.01,0.5,True,1,native
7309,1.0,9,0.01,0.5,True,1,native
7310,1.0,18,0.01,0.5,True,1,native
7311,1.0,33,0.01,0.5,True,1,native
7312,0.0,46,0.01,0.5,True,1,native
7313,0.0,100,0.01,0.5,True,1,native
7314,1.0,10,0.01,0.5,True,1,native
7315,1.0,37,0.01,0.5,True,1,native
7316,1.0,43,0.01,0.5,True,1,native
7317,1.0,12,0.01,0.5,True,1,native
7318,1.0,15,0.01,0.5,True,1,native
7319,1.0,60,0.01,0.5,True,1,native
7320,1.0,87,0.01,0.5,True,1,native
7321,0.0,18,0.01,0.5,True,1,native
7322,0.0,63,0.01,0.5,True,1,native
7323,0.0,29,0.01,0.5,True,1,native
7324,0.0,87,0.01,0.5,True,1,native
7325,0.0,13,0.01,0.5,True,1,native
7326,1.0,30,0.01,0.5,True,1,native
7327,1.0,72,0.01,0.5,True,1,native
7328,1.0,20,0.01,0.5,True,1,native
7329,1.0,16,0.01,0.5,True,1,native
7330,1.0,21,0.01,0.5,True,1,native
7331,1.0,34,0.01,0.5,True,1,native
7332,1.0,28,0.01,0.5,True,1,native
7333,1.0,18,0.01,0.5,True,1,native
7334,0.0,10,0.01,0.5,True,1,native
7335,0.0,34,0.01,0.5,True,1,native
7336,1.0,13,0.01,0.5,True,1,native
7337,1.0,43,0.01,0.5,True,1,native
7338,0.0,15,0.01,0.5,True,1,native
7339,0.0,46,0.01,0.5,True,1,native
7340,0.0,34,0.01,0.5,True,1,native
7341,0.0,16,0.01,0.5,True,1,native
7342,1.0,15,0.01,0.5,True,1,native
7343,0.0,8,0.01,0.5,True,1,native
7344,0.0,83,0.01,0.5,True,1,native
7345,0.0,18,0.01,0.5,True,1,native
7346,0.0,47,0.01,0.5,True,1,native
7347,1.0,73,0.01,0.5,True,1,native
7348,0.0,100,0.01,0.5,True,1,native
7349,1.0,61,0.01,0.5,True,1,native
7350,0.0,10,0.01,0.5,True,1,native
7351,0.0,76,0.01,0.5,True,1,native
7352,1.0,10,0.01,0.5,True,1,native
7353,1.0,46,0.01,0.5,True,1,native
7354,1.0,16,0.01,0.5,True,1,native
7355,1.0,9,0.01,0.5,True,1,native
7356,0.0,27,0.01,0.5,True,1,native
7357,0.0,4,0.01,0.5,True,1,native
7358,1.0,43,0.01,0.5,True,1,native
7359,0.0,100,0.01,0.5,True,1,native
7360,0.0,19,0.01,0.5,True,1,native
7361,1.0,93,0.01,0.5,True,1,native
7362,1.0,23,0.01,0.5,True,1,native
7363,1.0,89,0.01,0.5,True,1,native
7364,0.0,81,0.01,0.5,True,1,native
7365,1.0,39,0.01,0.5,True,1,native
7366,1.0,12,0.01,0.5,True,1,native
7367,1.0,40,0.01,0.5,True,1,native
7368,1.0,22,0.01,0.5,True,1,native
7369,1.0,15,0.01,0.5,True,1,native
7370,0.0,48,0.01,0.5,True,1,native
7371,1.0,28,0.01,0.5,True,1,native
7372,0.0,14,0.01,0.5,True,1,native
7373,1.0,65,0.01,0.5,True,1,native
7374,0.0,58,0.01,0.5,True,1,native
7375,1.0,16,0.01,0.5,True,1,native
7376,0.0,68,0.01,0.5,True,1,native
7377,0.0,31,0.01,0.5,True,1,native
7378,0.0,18,0.01,0.5,True,1,native
7379,0.0,20,0.01,0.5,True,1,native
7380,0.0,29,0.01,0.5,True,1,native
7381,0.0,17,0.01,0.5,True,1,native
7382,0.0,15,0.01,0.5,True,1,native
7383,0.0,23,0.01,0.5,True,1,native
7384,0.0,100,0.01,0.5,True,1,native
7385,0.0,52,0.01,0.5,True,1,native
7386,1.0,30,0.01,0.5,True,1,native
7387,0.0,21,0.01,0.5,True,1,native
7388,0.0,100,0.01,0.5,True,1,native
7389,1.0,10,0.01,0.5,True,1,native
7390,1.0,9,0.01,0.5,True,1,native
7391,0.0,49,0.01,0.5,True,1,native
7392,0.0,36,0.01,0.5,True,1,native
7393,1.0,23,0.01,0.5,True,1,native
7394,1.0,46,0.01,0.5,True,1,native
7395,1.0,12,0.01,0.5,True,1,native
7396,0.0,100,0.01,0.5,True,1,native
7397,0.0,100,0.01,0.5,True,1,native
7398,0.0,100,0.01,0.5,True,1,native
7399,0.0,6,0.01,0.5,True,1,native
7400,0.0,27,0.01,0.5,True,1,native
7401,1.0,23,0.01,0.5,True,1,native
7402,0.0,24,0.01,0.5,True,1,native
7403,0.0,100,0.01,0.5,True,1,native
7404,1.0,10,0.01,0.5,True,1,native
7405,1.0,9,0.01,0.5,True,1,native
7406,0.0,66,0.01,0.5,True,1,native
7407,1.0,22,0.01,0.5,True,1,native
7408,1.0,81,0.01,0.5,True,1,native
7409,1.0,20,0.01,0.5,True,1,native
7410,0.0,50,0.01,0.5,True,1,native
7411,1.0,86,0.01,0.5,True,1,native
7412,1.0,70,0.01,0.5,True,1,native
7413,1.0,37,0.01,0.5,True,1,native
7414,0.0,6,0.01,0.5,True,1,native
7415,1.0,49,0.01,0.5,True,1,native
7416,1.0,57,0.01,0.5,True,1,native
7417,0.0,56,0.01,0.5,True,1,native
7418,1.0,33,0.01,0.5,True,1,native
7419,0.0,16,0.01,0.5,True,1,native
7420,1.0,17,0.01,0.5,True,1,native
7421,1.0,33,0.01,0.5,True,1,native
7422,1.0,13,0.01,0.5,True,1,native
7423,0.0,83,0.01,0.5,True,1,native
7424,1.0,88,0.01,0.5,True,1,native
7425,1.0,35,0.01,0.5,True,1,native
7426,0.0,100,0.01,0.5,True,1,native
7427,0.0,54,0.01,0.5,True,1,native
7428,0.0,53,0.01,0.5,True,1,native
7429,1.0,27,0.01,0.5,True,1,native
7430,1.0,45,0.01,0.5,True,1,native
7431,1.0,25,0.01,0.5,True,1,native
7432,1.0,8,0.01,0.5,True,1,native
7433,1.0,48,0.01,0.5,True,1,native
7434,1.0,16,0.01,0.5,True,1,native
7435,0.0,100,0.01,0.5,True,1,native
7436,1.0,29,0.01,0.5,True,1,native
7437,1.0,78,0.01,0.5,True,1,native
7438,0.0,95,0.01,0.5,True,1,native
7439,1.0,64,0.01,0.5,True,1,native
7440,0.0,88,0.01,0.5,True,1,native
7441,0.0,74,0.01,0.5,True,1,native
7442,1.0,12,0.01,0.5,True,1,native
7443,0.0,16,0.01,0.5,True,1,native
7444,1.0,18,0.01,0.5,True,1,native
7445,0.0,15,0.01,0.5,True,1,native
7446,1.0,76,0.01,0.5,True,1,native
7447,0.0,85,0.01,0.5,True,1,native
7448,0.0,100,0.01,0.5,True,1,native
7449,0.0,3,0.01,0.5,True,1,native
7450,1.0,64,0.01,0.5,True,1,native
7451,0.0,100,0.01,0.5,True,1,native
7452,1.0,23,0.01,0.5,True,1,native
7453,1.0,42,0.01,0.5,True,1,native
7454,1.0,16,0.01,0.5,True,1,native
7455,1.0,8,0.01,0.5,True,1,native
7456,1.0,38,0.01,0.5,True,1,native
7457,1.0,59,0.01,0.5,True,1,native
7458,1.0,45,0.01,0.5,True,1,native
7459,0.0,65,0.01,0.5,True,1,native
7460,1.0,21,0.01,0.5,True,1,native
7461,1.0,16,0.01,0.5,True,1,native
7462,0.0,44,0.01,0.5,True,1,native
7463,1.0,30,0.01,0.5,True,1,native
7464,0.0,16,0.01,0.5,True,1,native
7465,0.0,48,0.01,0.5,True,1,native
7466,1.0,40,0.01,0.5,True,1,native
7467,1.0,43,0.01,0.5,True,1,native
7468,1.0,89,0.01,0.5,True,1,native
7469,1.0,30,0.01,0.5,True,1,native
7470,1.0,50,0.01,0.5,True,1,native
7471,1.0,95,0.01,0.5,True,1,native
7472,1.0,26,0.01,0.5,True,1,native
7473,1.0,76,0.01,0.5,True,1,native
7474,0.0,100,0.01,0.5,True,1,native
7475,1.0,50,0.01,0.5,True,1,native
7476,1.0,27,0.01,0.5,True,1,native
7477,1.0,69,0.01,0.5,True,1,native
7478,1.0,88,0.01,0.5,True,1,native
7479,0.0,100,0.01,0.5,True,1,native
7480,0.0,56,0.01,0.5,True,1,native
7481,0.0,6,0.01,0.5,True,1,native
7482,1.0,15,0.01,0.5,True,1,native
7483,0.0,63,0.01,0.5,True,1,native
7484,1.0,92,0.01,0.5,True,1,native
7485,1.0,65,0.01,0.5,True,1,native
7486,0.0,100,0.01,0.5,True,1,native
7487,0.0,100,0.01,0.5,True,1,native
7488,1.0,20,0.01,0.5,True,1,native
7489,1.0,22,0.01,0.5,True,1,native
7490,1.0,13,0.01,0.5,True,1,native
7491,0.0,100,0.01,0.5,True,1,native
7492,0.0,65,0.01,0.5,True,1,native
7493,0.0,63,0.01,0.5,True,1,native
7494,1.0,82,0.01,0.5,True,1,native
7495,1.0,45,0.01,0.5,True,1,native
7496,1.0,89,0.01,0.5,True,1,native
7497,1.0,25,0.01,0.5,True,1,native
7498,1.0,7,0.01,0.5,True,1,native
7499,1.0,18,0.01,0.5,True,1,native
7500,0.0,31,0.01,0.5,True,1,native
7501,1.0,84,0.01,0.5,True,1,native
7502,1.0,89,0.01,0.5,True,1,native
7503,1.0,17,0.01,0.5,True,1,native
7504,1.0,12,0.01,0.5,True,1,native
7505,1.0,28,0.01,0.5,True,1,native
7506,1.0,43,0.01,0.5,True,1,native
7507,1.0,17,0.01,0.5,True,1,native
7508,0.0,22,0.01,0.5,True,1,native
7509,1.0,16,0.01,0.5,True,1,native
7510,1.0,78,0.01,0.5,True,1,native
7511,0.0,12,0.01,0.5,True,1,native
7512,0.0,76,0.01,0.5,True,1,native
7513,1.0,81,0.01,0.5,True,1,native
7514,1.0,13,0.01,0.5,True,1,native
7515,1.0,26,0.01,0.5,True,1,native
7516,0.0,100,0.01,0.5,True,1,native
7517,1.0,9,0.01,0.5,True,1,native
7518,1.0,18,0.01,0.5,True,1,native
7519,1.0,40,0.01,0.5,True,1,native
7520,1.0,51,0.01,0.5,True,1,native
7521,1.0,14,0.01,0.5,True,1,native
7522,1.0,51,0.01,0.5,True,1,native
7523,0.0,10,0.01,0.5,True,1,native
7524,0.0,16,0.01,0.5,True,1,native
7525,1.0,75,0.01,0.5,True,1,native
7526,1.0,70,0.01,0.5,True,1,native
7527,1.0,36,0.01,0.5,True,1,native
7528,1.0,20,0.01,0.5,True,1,native
7529,1.0,21,0.01,0.5,True,1,native
7530,1.0,23,0.01,0.5,True,1,native
7531,1.0,10,0.01,0.5,True,1,native
7532,0.0,100,0.01,0.5,True,1,native
7533,1.0,93,0.01,0.5,True,1,native
7534,1.0,18,0.01,0.5,True,1,native
7535,1.0,22,0.01,0.5,True,1,native
7536,0.0,8,0.01,0.5,True,1,native
7537,0.0,39,0.01,0.5,True,1,native
7538,1.0,26,0.01,0.5,True,1,native
7539,1.0,21,0.01,0.5,True,1,native
7540,1.0,28,0.01,0.5,True,1,native
7541,1.0,33,0.01,0.5,True,1,native
7542,1.0,65,0.01,0.5,True,1,native
7543,0.0,10,0.01,0.5,True,1,native
7544,0.0,100,0.01,0.5,True,1,native
7545,1.0,59,0.01,0.5,True,1,native
7546,0.0,27,0.01,0.5,True,1,native
7547,0.0,24,0.01,0.5,True,1,native
7548,0.0,40,0.01,0.5,True,1,native
7549,0.0,37,0.01,0.5,True,1,native
7550,0.0,48,0.01,0.5,True,1,native
7551,1.0,18,0.01,0.5,True,1,native
7552,0.0,74,0.01,0.5,True,1,native
7553,1.0,48,0.01,0.5,True,1,native
7554,1.0,71,0.01,0.5,True,1,native
7555,0.0,99,0.01,0.5,True,1,native
7556,0.0,94,0.01,0.5,True,1,native
7557,0.0,8,0.01,0.5,True,1,native
7558,1.0,29,0.01,0.5,True,1,native
7559,1.0,10,0.01,0.5,True,1,native
7560,0.0,45,0.01,0.5,True,1,native
7561,0.0,54,0.01,0.5,True,1,native
7562,0.0,62,0.01,0.5,True,1,native
7563,1.0,29,0.01,0.5,True,1,native
7564,0.0,100,0.01,0.5,True,1,native
7565,0.0,100,0.01,0.5,True,1,native
7566,0.0,100,0.01,0.5,True,1,native
7567,0.0,20,0.01,0.5,True,1,native
7568,0.0,50,0.01,0.5,True,1,native
7569,1.0,12,0.01,0.5,True,1,native
7570,1.0,90,0.01,0.5,True,1,native
7571,1.0,35,0.01,0.5,True,1,native
7572,0.0,38,0.01,0.5,True,1,native
7573,0.0,100,0.01,0.5,True,1,native
7574,0.0,37,0.01,0.5,True,1,native
7575,1.0,63,0.01,0.5,True,1,native
7576,1.0,15,0.01,0.5,True,1,native
7577,1.0,19,0.01,0.5,True,1,native
7578,0.0,20,0.01,0.5,True,1,native
7579,0.0,27,0.01,0.5,True,1,native
7580,1.0,54,0.01,0.5,True,1,native
7581,0.0,14,0.01,0.5,True,1,native
7582,0.0,9,0.01,0.5,True,1,native
7583,1.0,8,0.01,0.5,True,1,native
7584,1.0,69,0.01,0.5,True,1,native
7585,0.0,11,0.01,0.5,True,1,native
7586,1.0,18,0.01,0.5,True,1,native
7587,1.0,16,0.01,0.5,True,1,native
7588,1.0,77,0.01,0.5,True,1,native
7589,1.0,41,0.01,0.5,True,1,native
7590,1.0,13,0.01,0.5,True,1,native
7591,0.0,41,0.01,0.5,True,1,native
7592,1.0,14,0.01,0.5,True,1,native
7593,0.0,100,0.01,0.5,True,1,native
7594,0.0,29,0.01,0.5,True,1,native
7595,1.0,68,0.01,0.5,True,1,native
7596,1.0,6,0.01,0.5,True,1,native
7597,0.0,22,0.01,0.5,True,1,native
7598,1.0,26,0.01,0.5,True,1,native
7599,1.0,22,0.01,0.5,True,1,native
7600,0.0,25,0.01,0.5,True,1,native
7601,0.0,15,0.01,0.5,True,1,native
7602,1.0,27,0.01,0.5,True,1,native
7603,1.0,59,0.01,0.5,True,1,native
7604,0.0,38,0.01,0.5,True,1,native
7605,1.0,24,0.01,0.5,True,1,native
7606,0.0,16,0.01,0.5,True,1,native
7607,1.0,72,0.01,0.5,True,1,native
7608,1.0,29,0.01,0.5,True,1,native
7609,1.0,11,0.01,0.5,True,1,native
7610,1.0,40,0.01,0.5,True,1,native
7611,1.0,21,0.01,0.5,True,1,native
7612,1.0,37,0.01,0.5,True,1,native
7613,0.0,17,0.01,0.5,True,1,native
7614,1.0,17,0.01,0.5,True,1,native
7615,0.0,4,0.01,0.5,True,1,native
7616,1.0,16,0.01,0.5,True,1,native
7617,1.0,30,0.01,0.5,True,1,native
7618,1.0,9,0.01,0.5,True,1,native
7619,0.0,14,0.01,0.5,True,1,native
7620,0.0,6,0.01,0.5,True,1,native
7621,1.0,12,0.01,0.5,True,1,native
7622,1.0,38,0.01,0.5,True,1,native
7623,1.0,19,0.01,0.5,True,1,native
7624,1.0,17,0.01,0.5,True,1,native
7625,0.0,100,0.01,0.5,True,1,native
7626,1.0,24,0.01,0.5,True,1,native
7627,1.0,15,0.01,0.5,True,1,native
7628,0.0,19,0.01,0.5,True,1,native
7629,0.0,24,0.01,0.5,True,1,native
7630,1.0,11,0.01,0.5,True,1,native
7631,1.0,21,0.01,0.5,True,1,native
7632,1.0,76,0.01,0.5,True,1,native
7633,0.0,26,0.01,0.5,True,1,native
7634,0.0,26,0.01,0.5,True,1,native
7635,1.0,11,0.01,0.5,True,1,native
7636,0.0,10,0.01,0.5,True,1,native
7637,1.0,18,0.01,0.5,True,1,native
7638,1.0,21,0.01,0.5,True,1,native
7639,0.0,8,0.01,0.5,True,1,native
7640,1.0,19,0.01,0.5,True,1,native
7641,0.0,15,0.01,0.5,True,1,native
7642,0.0,10,0.01,0.5,True,1,native
7643,0.0,14,0.01,0.5,True,1,native
7644,0.0,18,0.01,0.5,True,1,native
7645,0.0,8,0.01,0.5,True,1,native
7646,1.0,75,0.01,0.5,True,1,native
7647,1.0,27,0.01,0.5,True,1,native
7648,0.0,100,0.01,0.5,True,1,native
7649,0.0,12,0.01,0.5,True,1,native
7650,0.0,61,0.01,0.5,True,1,native
7651,0.0,96,0.01,0.5,True,1,native
7652,1.0,7,0.01,0.5,True,1,native
7653,1.0,34,0.01,0.5,True,1,native
7654,1.0,26,0.01,0.5,True,1,native
7655,1.0,39,0.01,0.5,True,1,native
7656,1.0,46,0.01,0.5,True,1,native
7657,1.0,13,0.01,0.5,True,1,native
7658,1.0,77,0.01,0.5,True,1,native
7659,0.0,34,0.01,0.5,True,1,native
7660,1.0,24,0.01,0.5,True,1,native
7661,0.0,100,0.01,0.5,True,1,native
7662,0.0,88,0.01,0.5,True,1,native
7663,1.0,25,0.01,0.5,True,1,native
7664,1.0,42,0.01,0.5,True,1,native
7665,1.0,77,0.01,0.5,True,1,native
7666,0.0,100,0.01,0.5,True,1,native
7667,1.0,26,0.01,0.5,True,1,native
7668,1.0,39,0.01,0.5,True,1,native
7669,0.0,100,0.01,0.5,True,1,native
7670,1.0,29,0.01,0.5,True,1,native
7671,1.0,20,0.01,0.5,True,1,native
7672,1.0,43,0.01,0.5,True,1,native
7673,1.0,56,0.01,0.5,True,1,native
7674,1.0,58,0.01,0.5,True,1,native
7675,1.0,42,0.01,0.5,True,1,native
7676,1.0,22,0.01,0.5,True,1,native
7677,0.0,12,0.01,0.5,True,1,native
7678,1.0,68,0.01,0.5,True,1,native
7679,1.0,54,0.01,0.5,True,1,native
7680,1.0,29,0.01,0.5,True,1,native
7681,1.0,22,0.01,0.5,True,1,native
7682,1.0,31,0.01,0.5,True,1,native
7683,1.0,20,0.01,0.5,True,1,native
7684,1.0,78,0.01,0.5,True,1,native
7685,1.0,36,0.01,0.5,True,1,native
7686,0.0,26,0.01,0.5,True,1,native
7687,0.0,100,0.01,0.5,True,1,native
7688,0.0,32,0.01,0.5,True,1,native
7689,1.0,49,0.01,0.5,True,1,native
7690,1.0,19,0.01,0.5,True,1,native
7691,0.0,8,0.01,0.5,True,1,native
7692,1.0,10,0.01,0.5,True,1,native
7693,0.0,83,0.01,0.5,True,1,native
7694,1.0,49,0.01,0.5,True,1,native
7695,0.0,18,0.01,0.5,True,1,native
7696,1.0,44,0.01,0.5,True,1,native
7697,1.0,36,0.01,0.5,True,1,native
7698,0.0,100,0.01,0.5,True,1,native
7699,1.0,23,0.01,0.5,True,1,native
7700,1.0,35,0.01,0.5,True,1,native
7701,1.0,25,0.01,0.5,True,1,native
7702,0.0,80,0.01,0.5,True,1,native
7703,1.0,13,0.01,0.5,True,1,native
7704,0.0,16,0.01,0.5,True,1,native
7705,1.0,21,0.01,0.5,True,1,native
7706,1.0,31,0.01,0.5,True,1,native
7707,1.0,14,0.01,0.5,True,1,native
7708,1.0,25,0.01,0.5,True,1,native
7709,1.0,28,0.01,0.5,True,1,native
7710,1.0,14,0.01,0.5,True,1,native
7711,1.0,51,0.01,0.5,True,1,native
7712,1.0,8,0.01,0.5,True,1,native
7713,1.0,69,0.01,0.5,True,1,native
7714,0.0,11,0.01,0.5,True,1,native
7715,0.0,57,0.01,0.5,True,1,native
7716,1.0,24,0.01,0.5,True,1,native
7717,1.0,66,0.01,0.5,True,1,native
7718,0.0,81,0.01,0.5,True,1,native
7719,1.0,30,0.01,0.5,True,1,native
7720,1.0,21,0.01,0.5,True,1,native
7721,1.0,18,0.01,0.5,True,1,native
7722,1.0,36,0.01,0.5,True,1,native
7723,0.0,100,0.01,0.5,True,1,native
7724,1.0,19,0.01,0.5,True,1,native
7725,0.0,12,0.01,0.5,True,1,native
7726,0.0,17,0.01,0.5,True,1,native
7727,1.0,53,0.01,0.5,True,1,native
7728,0.0,67,0.01,0.5,True,1,native
7729,1.0,6,0.01,0.5,True,1,native
7730,1.0,34,0.01,0.5,True,1,native
7731,0.0,13,0.01,0.5,True,1,native
7732,0.0,100,0.01,0.5,True,1,native
7733,1.0,39,0.01,0.5,True,1,native
7734,0.0,100,0.01,0.5,True,1,native
7735,0.0,45,0.01,0.5,True,1,native
7736,0.0,9,0.01,0.5,True,1,native
7737,1.0,18,0.01,0.5,True,1,native
7738,1.0,57,0.01,0.5,True,1,native
7739,1.0,24,0.01,0.5,True,1,native
7740,0.0,67,0.01,0.5,True,1,native
7741,1.0,34,0.01,0.5,True,1,native
7742,1.0,16,0.01,0.5,True,1,native
7743,1.0,78,0.01,0.5,True,1,native
7744,1.0,53,0.01,0.5,True,1,native
7745,1.0,30,0.01,0.5,True,1,native
7746,1.0,70,0.01,0.5,True,1,native
7747,0.0,13,0.01,0.5,True,1,native
7748,0.0,100,0.01,0.5,True,1,native
7749,1.0,22,0.01,0.5,True,1,native
7750,1.0,59,0.01,0.5,True,1,native
7751,1.0,12,0.01,0.5,True,1,native
7752,0.0,52,0.01,0.5,True,1,native
7753,1.0,40,0.01,0.5,True,1,native
7754,1.0,17,0.01,0.5,True,1,native
7755,0.0,10,0.01,0.5,True,1,native
7756,1.0,78,0.01,0.5,True,1,native
7757,1.0,92,0.01,0.5,True,1,native
7758,1.0,14,0.01,0.5,True,1,native
7759,1.0,54,0.01,0.5,True,1,native
7760,1.0,13,0.01,0.5,True,1,native
7761,1.0,16,0.01,0.5,True,1,native
7762,1.0,31,0.01,0.5,True,1,native
7763,1.0,38,0.01,0.5,True,1,native
7764,1.0,19,0.01,0.5,True,1,native
7765,1.0,51,0.01,0.5,True,1,native
7766,1.0,36,0.01,0.5,True,1,native
7767,1.0,73,0.01,0.5,True,1,native
7768,1.0,57,0.01,0.5,True,1,native
7769,0.0,46,0.01,0.5,True,1,native
7770,0.0,100,0.01,0.5,True,1,native
7771,1.0,54,0.01,0.5,True,1,native
7772,0.0,52,0.01,0.5,True,1,native
7773,1.0,16,0.01,0.5,True,1,native
7774,1.0,24,0.01,0.5,True,1,native
7775,1.0,17,0.01,0.5,True,1,native
7776,0.0,29,0.01,0.5,True,1,native
7777,1.0,20,0.01,0.5,True,1,native
7778,1.0,39,0.01,0.5,True,1,native
7779,1.0,45,0.01,0.5,True,1,native
7780,1.0,20,0.01,0.5,True,1,native
7781,0.0,80,0.01,0.5,True,1,native
7782,1.0,15,0.01,0.5,True,1,native
7783,0.0,100,0.01,0.5,True,1,native
7784,1.0,30,0.01,0.5,True,1,native
7785,0.0,100,0.01,0.5,True,1,native
7786,0.0,100,0.01,0.5,True,1,native
7787,0.0,31,0.01,0.5,True,1,native
7788,1.0,17,0.01,0.5,True,1,native
7789,0.0,5,0.01,0.5,True,1,native
7790,0.0,3,0.01,0.5,True,1,native
7791,0.0,24,0.01,0.5,True,1,native
7792,0.0,16,0.01,0.5,True,1,native
7793,0.0,100,0.01,0.5,True,1,native
7794,1.0,7,0.01,0.5,True,1,native
7795,0.0,49,0.01,0.5,True,1,native
7796,0.0,65,0.01,0.5,True,1,native
7797,0.0,9,0.01,0.5,True,1,native
7798,1.0,37,0.01,0.5,True,1,native
7799,1.0,8,0.01,0.5,True,1,native
7800,0.0,6,0.01,0.5,True,1,native
7801,0.0,7,0.01,0.5,True,1,native
7802,0.0,34,0.01,0.5,True,1,native
7803,0.0,100,0.01,0.5,True,1,native
7804,1.0,39,0.01,0.5,True,1,native
7805,0.0,45,0.01,0.5,True,1,native
7806,0.0,11,0.01,0.5,True,1,native
7807,1.0,65,0.01,0.5,True,1,native
7808,0.0,13,0.01,0.5,True,1,native
7809,0.0,35,0.01,0.5,True,1,native
7810,0.0,25,0.01,0.5,True,1,native
7811,1.0,16,0.01,0.5,True,1,native
7812,1.0,62,0.01,0.5,True,1,native
7813,0.0,31,0.01,0.5,True,1,native
7814,1.0,10,0.01,0.5,True,1,native
7815,1.0,19,0.01,0.5,True,1,native
7816,1.0,9,0.01,0.5,True,1,native
7817,1.0,10,0.01,0.5,True,1,native
7818,1.0,93,0.01,0.5,True,1,native
7819,1.0,19,0.01,0.5,True,1,native
7820,1.0,84,0.01,0.5,True,1,native
7821,1.0,25,0.01,0.5,True,1,native
7822,1.0,21,0.01,0.5,True,1,native
7823,1.0,29,0.01,0.5,True,1,native
7824,0.0,31,0.01,0.5,True,1,native
7825,0.0,46,0.01,0.5,True,1,native
7826,0.0,10,0.01,0.5,True,1,native
7827,1.0,92,0.01,0.5,True,1,native
7828,0.0,27,0.01,0.5,True,1,native
7829,1.0,13,0.01,0.5,True,1,native
7830,1.0,21,0.01,0.5,True,1,native
7831,0.0,39,0.01,0.5,True,1,native
7832,1.0,17,0.01,0.5,True,1,native
7833,1.0,28,0.01,0.5,True,1,native
7834,1.0,46,0.01,0.5,True,1,native
7835,1.0,65,0.01,0.5,True,1,native
7836,0.0,9,0.01,0.5,True,1,native
7837,0.0,66,0.01,0.5,True,1,native
7838,1.0,13,0.01,0.5,True,1,native
7839,1.0,38,0.01,0.5,True,1,native
7840,1.0,38,0.01,0.5,True,1,native
7841,0.0,100,0.01,0.5,True,1,native
7842,1.0,86,0.01,0.5,True,1,native
7843,0.0,100,0.01,0.5,True,1,native
7844,1.0,81,0.01,0.5,True,1,native
7845,1.0,37,0.01,0.5,True,1,native
7846,1.0,17,0.01,0.5,True,1,native
7847,1.0,39,0.01,0.5,True,1,native
7848,1.0,61,0.01,0.5,True,1,native
7849,1.0,12,0.01,0.5,True,1,native
7850,0.0,6,0.01,0.5,True,1,native
7851,1.0,68,0.01,0.5,True,1,native
7852,1.0,9,0.01,0.5,True,1,native
7853,1.0,22,0.01,0.5,True,1,native
7854,1.0,9,0.01,0.5,True,1,native
7855,0.0,26,0.01,0.5,True,1,native
7856,0.0,18,0.01,0.5,True,1,native
7857,1.0,55,0.01,0.5,True,1,native
7858,1.0,42,0.01,0.5,True,1,native
7859,1.0,16,0.01,0.5,True,1,native
7860,1.0,11,0.01,0.5,True,1,native
7861,1.0,42,0.01,0.5,True,1,native
7862,1.0,24,0.01,0.5,True,1,native
7863,0.0,51,0.01,0.5,True,1,native
7864,1.0,25,0.01,0.5,True,1,native
7865,1.0,40,0.01,0.5,True,1,native
7866,0.0,100,0.01,0.5,True,1,native
7867,1.0,21,0.01,0.5,True,1,native
7868,1.0,42,0.01,0.5,True,1,native
7869,1.0,94,0.01,0.5,True,1,native
7870,1.0,33,0.01,0.5,True,1,native
7871,1.0,17,0.01,0.5,True,1,native
7872,1.0,45,0.01,0.5,True,1,native
7873,1.0,17,0.01,0.5,True,1,native
7874,1.0,10,0.01,0.5,True,1,native
7875,0.0,35,0.01,0.5,True,1,native
7876,1.0,85,0.01,0.5,True,1,native
7877,1.0,20,0.01,0.5,True,1,native
7878,1.0,16,0.01,0.5,True,1,native
7879,0.0,100,0.01,0.5,True,1,native
7880,1.0,29,0.01,0.5,True,1,native
7881,1.0,24,0.01,0.5,True,1,native
7882,1.0,74,0.01,0.5,True,1,native
7883,1.0,66,0.01,0.5,True,1,native
7884,0.0,82,0.01,0.5,True,1,native
7885,1.0,9,0.01,0.5,True,1,native
7886,0.0,97,0.01,0.5,True,1,native
7887,1.0,37,0.01,0.5,True,1,native
7888,0.0,81,0.01,0.5,True,1,native
7889,1.0,46,0.01,0.5,True,1,native
7890,1.0,13,0.01,0.5,True,1,native
7891,0.0,12,0.01,0.5,True,1,native
7892,1.0,78,0.01,0.5,True,1,native
7893,1.0,97,0.01,0.5,True,1,native
7894,1.0,31,0.01,0.5,True,1,native
7895,1.0,28,0.01,0.5,True,1,native
7896,0.0,100,0.01,0.5,True,1,native
7897,1.0,29,0.01,0.5,True,1,native
7898,0.0,16,0.01,0.5,True,1,native
7899,0.0,10,0.01,0.5,True,1,native
7900,0.0,65,0.01,0.5,True,1,native
7901,1.0,47,0.01,0.5,True,1,native
7902,0.0,10,0.01,0.5,True,1,native
7903,0.0,12,0.01,0.5,True,1,native
7904,0.0,8,0.01,0.5,True,1,native
7905,1.0,16,0.01,0.5,True,1,native
7906,0.0,48,0.01,0.5,True,1,native
7907,0.0,27,0.01,0.5,True,1,native
7908,0.0,10,0.01,0.5,True,1,native
7909,0.0,10,0.01,0.5,True,1,native
7910,0.0,20,0.01,0.5,True,1,native
7911,0.0,100,0.01,0.5,True,1,native
7912,1.0,100,0.01,0.5,True,1,native
7913,0.0,28,0.01,0.5,True,1,native
7914,1.0,26,0.01,0.5,True,1,native
7915,1.0,51,0.01,0.5,True,1,native
7916,1.0,96,0.01,0.5,True,1,native
7917,1.0,76,0.01,0.5,True,1,native
7918,0.0,56,0.01,0.5,True,1,native
7919,0.0,100,0.01,0.5,True,1,native
7920,0.0,100,0.01,0.5,True,1,native
7921,0.0,37,0.01,0.5,True,1,native
7922,0.0,70,0.01,0.5,True,1,native
7923,0.0,14,0.01,0.5,True,1,native
7924,0.0,35,0.01,0.5,True,1,native
7925,0.0,23,0.01,0.5,True,1,native
7926,1.0,48,0.01,0.5,True,1,native
7927,1.0,16,0.01,0.5,True,1,native
7928,0.0,14,0.01,0.5,True,1,native
7929,0.0,29,0.01,0.5,True,1,native
7930,1.0,47,0.01,0.5,True,1,native
7931,1.0,22,0.01,0.5,True,1,native
7932,1.0,13,0.01,0.5,True,1,native
7933,1.0,74,0.01,0.5,True,1,native
7934,0.0,41,0.01,0.5,True,1,native
7935,0.0,3,0.01,0.5,True,1,native
7936,1.0,33,0.01,0.5,True,1,native
7937,1.0,70,0.01,0.5,True,1,native
7938,1.0,10,0.01,0.5,True,1,native
7939,0.0,39,0.01,0.5,True,1,native
7940,1.0,23,0.01,0.5,True,1,native
7941,1.0,21,0.01,0.5,True,1,native
7942,1.0,37,0.01,0.5,True,1,native
7943,1.0,21,0.01,0.5,True,1,native
7944,0.0,44,0.01,0.5,True,1,native
7945,0.0,57,0.01,0.5,True,1,native
7946,1.0,80,0.01,0.5,True,1,native
7947,0.0,100,0.01,0.5,True,1,native
7948,1.0,21,0.01,0.5,True,1,native
7949,1.0,23,0.01,0.5,True,1,native
7950,0.0,100,0.01,0.5,True,1,native
7951,0.0,38,0.01,0.5,True,1,native
7952,0.0,56,0.01,0.5,True,1,native
7953,1.0,55,0.01,0.5,True,1,native
7954,1.0,14,0.01,0.5,True,1,native
7955,1.0,12,0.01,0.5,True,1,native
7956,0.0,78,0.01,0.5,True,1,native
7957,1.0,19,0.01,0.5,True,1,native
7958,0.0,68,0.01,0.5,True,1,native
7959,0.0,100,0.01,0.5,True,1,native
7960,0.0,100,0.01,0.5,True,1,native
7961,1.0,23,0.01,0.5,True,1,native
7962,0.0,41,0.01,0.5,True,1,native
7963,0.0,93,0.01,0.5,True,1,native
7964,1.0,30,0.01,0.5,True,1,native
7965,0.0,37,0.01,0.5,True,1,native
7966,0.0,100,0.01,0.5,True,1,native
7967,1.0,13,0.01,0.5,True,1,native
7968,1.0,89,0.01,0.5,True,1,native
7969,1.0,46,0.01,0.5,True,1,native
7970,0.0,100,0.01,0.5,True,1,native
7971,1.0,89,0.01,0.5,True,1,native
7972,1.0,25,0.01,0.5,True,1,native
7973,1.0,59,0.01,0.5,True,1,native
7974,0.0,45,0.01,0.5,True,1,native
7975,0.0,36,0.01,0.5,True,1,native
7976,0.0,64,0.01,0.5,True,1,native
7977,1.0,31,0.01,0.5,True,1,native
7978,1.0,49,0.01,0.5,True,1,native
7979,0.0,37,0.01,0.5,True,1,native
7980,0.0,65,0.01,0.5,True,1,native
7981,0.0,31,0.01,0.5,True,1,native
7982,1.0,53,0.01,0.5,True,1,native
7983,1.0,18,0.01,0.5,True,1,native
7984,0.0,100,0.01,0.5,True,1,native
7985,0.0,15,0.01,0.5,True,1,native
7986,1.0,12,0.01,0.5,True,1,native
7987,0.0,100,0.01,0.5,True,1,native
7988,1.0,28,0.01,0.5,True,1,native
7989,1.0,77,0.01,0.5,True,1,native
7990,1.0,19,0.01,0.5,True,1,native
7991,0.0,29,0.01,0.5,True,1,native
7992,1.0,59,0.01,0.5,True,1,native
7993,1.0,16,0.01,0.5,True,1,native
7994,1.0,50,0.01,0.5,True,1,native
7995,1.0,11,0.01,0.5,True,1,native
7996,0.0,100,0.01,0.5,True,1,native
7997,0.0,18,0.01,0.5,True,1,native
7998,1.0,33,0.01,0.5,True,1,native
7999,0.0,40,0.01,0.5,True,1,native
8000,0.0,48,0.01,0.5,True,1,native
8001,0.0,63,0.01,0.5,True,1,native
8002,1.0,95,0.01,0.5,True,1,native
8003,0.0,100,0.01,0.5,True,1,native
8004,1.0,37,0.01,0.5,True,1,native
8005,0.0,100,0.01,0.5,True,1,native
8006,1.0,50,0.01,0.5,True,1,native
8007,0.0,7,0.01,0.5,True,1,native
8008,0.0,100,0.01,0.5,True,1,native
8009,0.0,43,0.01,0.5,True,1,native
8010,1.0,76,0.01,0.5,True,1,native
8011,0.0,6,0.01,0.5,True,1,native
8012,0.0,87,0.01,0.5,True,1,native
8013,0.0,69,0.01,0.5,True,1,native
8014,1.0,62,0.01,0.5,True,1,native
8015,0.0,100,0.01,0.5,True,1,native
8016,1.0,18,0.01,0.5,True,1,native
8017,1.0,20,0.01,0.5,True,1,native
8018,0.0,7,0.01,0.5,True,1,native
8019,1.0,16,0.01,0.5,True,1,native
8020,1.0,9,0.01,0.5,True,1,native
8021,1.0,33,0.01,0.5,True,1,native
8022,1.0,45,0.01,0.5,True,1,native
8023,0.0,59,0.01,0.5,True,1,native
8024,0.0,11,0.01,0.5,True,1,native
8025,1.0,25,0.01,0.5,True,1,native
8026,0.0,100,0.01,0.5,True,1,native
8027,1.0,33,0.01,0.5,True,1,native
8028,1.0,70,0.01,0.5,True,1,native
8029,1.0,43,0.01,0.5,True,1,native
8030,0.0,45,0.01,0.5,True,1,native
8031,0.0,15,0.01,0.5,True,1,native
8032,0.0,100,0.01,0.5,True,1,native
8033,1.0,43,0.01,0.5,True,1,native
8034,1.0,15,0.01,0.5,True,1,native
8035,1.0,32,0.01,0.5,True,1,native
8036,1.0,89,0.01,0.5,True,1,native
8037,1.0,27,0.01,0.5,True,1,native
8038,0.0,44,0.01,0.5,True,1,native
8039,1.0,8,0.01,0.5,True,1,native
8040,1.0,66,0.01,0.5,True,1,native
8041,1.0,32,0.01,0.5,True,1,native
8042,0.0,31,0.01,0.5,True,1,native
8043,1.0,24,0.01,0.5,True,1,native
8044,0.0,70,0.01,0.5,True,1,native
8045,0.0,30,0.01,0.5,True,1,native
8046,1.0,18,0.01,0.5,True,1,native
8047,1.0,48,0.01,0.5,True,1,native
8048,1.0,16,0.01,0.5,True,1,native
8049,1.0,25,0.01,0.5,True,1,native
8050,1.0,13,0.01,0.5,True,1,native
8051,1.0,66,0.01,0.5,True,1,native
8052,0.0,45,0.01,0.5,True,1,native
8053,1.0,12,0.01,0.5,True,1,native
8054,0.0,19,0.01,0.5,True,1,native
8055,1.0,11,0.01,0.5,True,1,native
8056,1.0,50,0.01,0.5,True,1,native
8057,1.0,20,0.01,0.5,True,1,native
8058,0.0,100,0.01,0.5,True,1,native
8059,1.0,45,0.01,0.5,True,1,native
8060,1.0,42,0.01,0.5,True,1,native
8061,1.0,29,0.01,0.5,True,1,native
8062,1.0,21,0.01,0.5,True,1,native
8063,1.0,100,0.01,0.5,True,1,native
8064,1.0,35,0.01,0.5,True,1,native
8065,1.0,78,0.01,0.5,True,1,native
8066,1.0,29,0.01,0.5,True,1,native
8067,1.0,49,0.01,0.5,True,1,native
8068,1.0,56,0.01,0.5,True,1,native
8069,1.0,86,0.01,0.5,True,1,native
8070,1.0,31,0.01,0.5,True,1,native
8071,1.0,26,0.01,0.5,True,1,native
8072,1.0,55,0.01,0.5,True,1,native
8073,1.0,27,0.01,0.5,True,1,native
8074,1.0,15,0.01,0.5,True,1,native
8075,0.0,23,0.01,0.5,True,1,native
8076,1.0,13,0.01,0.5,True,1,native
8077,1.0,66,0.01,0.5,True,1,native
8078,0.0,27,0.01,0.5,True,1,native
8079,1.0,45,0.01,0.5,True,1,native
8080,0.0,100,0.01,0.5,True,1,native
8081,1.0,76,0.01,0.5,True,1,native
8082,0.0,61,0.01,0.5,True,1,native
8083,0.0,100,0.01,0.5,True,1,native
8084,0.0,19,0.01,0.5,True,1,native
8085,1.0,68,0.01,0.5,True,1,native
8086,0.0,35,0.01,0.5,True,1,native
8087,0.0,13,0.01,0.5,True,1,native
8088,0.0,3,0.01,0.5,True,1,native
8089,1.0,87,0.01,0.5,True,1,native
8090,0.0,18,0.01,0.5,True,1,native
8091,0.0,100,0.01,0.5,True,1,native
8092,0.0,28,0.01,0.5,True,1,native
8093,0.0,88,0.01,0.5,True,1,native
8094,0.0,16,0.01,0.5,True,1,native
8095,0.0,100,0.01,0.5,True,1,native
8096,1.0,63,0.01,0.5,True,1,native
8097,0.0,13,0.01,0.5,True,1,native
8098,0.0,48,0.01,0.5,True,1,native
8099,0.0,25,0.01,0.5,True,1,native
8100,0.0,6,0.01,0.5,True,1,native
8101,1.0,76,0.01,0.5,True,1,native
8102,1.0,48,0.01,0.5,True,1,native
8103,0.0,67,0.01,0.5,True,1,native
8104,0.0,27,0.01,0.5,True,1,native
8105,0.0,43,0.01,0.5,True,1,native
8106,0.0,6,0.01,0.5,True,1,native
8107,0.0,5,0.01,0.5,True,1,native
8108,0.0,37,0.01,0.5,True,1,native
8109,0.0,8,0.01,0.5,True,1,native
8110,0.0,17,0.01,0.5,True,1,native
8111,0.0,87,0.01,0.5,True,1,native
8112,0.0,6,0.01,0.5,True,1,native
8113,0.0,12,0.01,0.5,True,1,native
8114,1.0,38,0.01,0.5,True,1,native
8115,0.0,15,0.01,0.5,True,1,native
8116,0.0,12,0.01,0.5,True,1,native
8117,1.0,9,0.01,0.5,True,1,native
8118,1.0,11,0.01,0.5,True,1,native
8119,0.0,40,0.01,0.5,True,1,native
8120,0.0,14,0.01,0.5,True,1,native
8121,0.0,48,0.01,0.5,True,1,native
8122,0.0,22,0.01,0.5,True,1,native
8123,0.0,86,0.01,0.5,True,1,native
8124,0.0,11,0.01,0.5,True,1,native
8125,1.0,37,0.01,0.5,True,1,native
8126,0.0,5,0.01,0.5,True,1,native
8127,1.0,35,0.01,0.5,True,1,native
8128,0.0,61,0.01,0.5,True,1,native
8129,0.0,100,0.01,0.5,True,1,native
8130,0.0,100,0.01,0.5,True,1,native
8131,0.0,48,0.01,0.5,True,1,native
8132,1.0,8,0.01,0.5,True,1,native
8133,1.0,14,0.01,0.5,True,1,native
8134,0.0,38,0.01,0.5,True,1,native
8135,1.0,62,0.01,0.5,True,1,native
8136,1.0,57,0.01,0.5,True,1,native
8137,0.0,18,0.01,0.5,True,1,native
8138,0.0,14,0.01,0.5,True,1,native
8139,0.0,19,0.01,0.5,True,1,native
8140,0.0,37,0.01,0.5,True,1,native
8141,1.0,18,0.01,0.5,True,1,native
8142,1.0,26,0.01,0.5,True,1,native
8143,1.0,18,0.01,0.5,True,1,native
8144,0.0,5,0.01,0.5,True,1,native
8145,1.0,29,0.01,0.5,True,1,native
8146,1.0,14,0.01,0.5,True,1,native
8147,1.0,86,0.01,0.5,True,1,native
8148,0.0,100,0.01,0.5,True,1,native
8149,1.0,37,0.01,0.5,True,1,native
8150,1.0,68,0.01,0.5,True,1,native
8151,1.0,41,0.01,0.5,True,1,native
8152,0.0,71,0.01,0.5,True,1,native
8153,1.0,28,0.01,0.5,True,1,native
8154,0.0,39,0.01,0.5,True,1,native
8155,0.0,42,0.01,0.5,True,1,native
8156,0.0,18,0.01,0.5,True,1,native
8157,1.0,58,0.01,0.5,True,1,native
8158,0.0,17,0.01,0.5,True,1,native
8159,0.0,12,0.01,0.5,True,1,native
8160,1.0,60,0.01,0.5,True,1,native
8161,1.0,35,0.01,0.5,True,1,native
8162,0.0,28,0.01,0.5,True,1,native
8163,0.0,100,0.01,0.5,True,1,native
8164,1.0,38,0.01,0.5,True,1,native
8165,1.0,95,0.01,0.5,True,1,native
8166,1.0,17,0.01,0.5,True,1,native
8167,1.0,16,0.01,0.5,True,1,native
8168,1.0,9,0.01,0.5,True,1,native
8169,1.0,56,0.01,0.5,True,1,native
8170,1.0,11,0.01,0.5,True,1,native
8171,1.0,72,0.01,0.5,True,1,native
8172,1.0,17,0.01,0.5,True,1,native
8173,1.0,32,0.01,0.5,True,1,native
8174,0.0,100,0.01,0.5,True,1,native
8175,1.0,15,0.01,0.5,True,1,native
8176,0.0,100,0.01,0.5,True,1,native
8177,1.0,18,0.01,0.5,True,1,native
8178,1.0,36,0.01,0.5,True,1,native
8179,1.0,19,0.01,0.5,True,1,native
8180,0.0,100,0.01,0.5,True,1,native
8181,1.0,22,0.01,0.5,True,1,native
8182,1.0,19,0.01,0.5,True,1,native
8183,1.0,14,0.01,0.5,True,1,native
8184,0.0,5,0.01,0.5,True,1,native
8185,1.0,47,0.01,0.5,True,1,native
8186,0.0,41,0.01,0.5,True,1,native
8187,1.0,24,0.01,0.5,True,1,native
8188,1.0,36,0.01,0.5,True,1,native
8189,0.0,16,0.01,0.5,True,1,native
8190,1.0,43,0.01,0.5,True,1,native
8191,1.0,52,0.01,0.5,True,1,native
8192,0.0,13,0.01,0.5,True,1,native
8193,0.0,8,0.01,0.5,True,1,native
8194,0.0,17,0.01,0.5,True,1,native
8195,1.0,19,0.01,0.5,True,1,native
8196,1.0,30,0.01,0.5,True,1,native
8197,1.0,26,0.01,0.5,True,1,native
8198,1.0,48,0.01,0.5,True,1,native
8199,1.0,15,0.01,0.5,True,1,native
8200,0.0,19,0.01,0.5,True,1,native
8201,1.0,7,0.01,0.5,True,1,native
8202,0.0,13,0.01,0.5,True,1,native
8203,1.0,6,0.01,0.5,True,1,native
8204,0.0,14,0.01,0.5,True,1,native
8205,1.0,47,0.01,0.5,True,1,native
8206,0.0,30,0.01,0.5,True,1,native
8207,0.0,13,0.01,0.5,True,1,native
8208,0.0,36,0.01,0.5,True,1,native
8209,1.0,17,0.01,0.5,True,1,native
8210,1.0,18,0.01,0.5,True,1,native
8211,0.0,36,0.01,0.5,True,1,native
8212,1.0,47,0.01,0.5,True,1,native
8213,1.0,70,0.01,0.5,True,1,native
8214,1.0,73,0.01,0.5,True,1,native
8215,1.0,40,0.01,0.5,True,1,native
8216,1.0,13,0.01,0.5,True,1,native
8217,1.0,92,0.01,0.5,True,1,native
8218,1.0,60,0.01,0.5,True,1,native
8219,0.0,32,0.01,0.5,True,1,native
8220,1.0,39,0.01,0.5,True,1,native
8221,0.0,68,0.01,0.5,True,1,native
8222,0.0,100,0.01,0.5,True,1,native
8223,1.0,37,0.01,0.5,True,1,native
8224,0.0,22,0.01,0.5,True,1,native
8225,0.0,41,0.01,0.5,True,1,native
8226,0.0,100,0.01,0.5,True,1,native
8227,0.0,95,0.01,0.5,True,1,native
8228,1.0,8,0.01,0.5,True,1,native
8229,1.0,21,0.01,0.5,True,1,native
8230,1.0,39,0.01,0.5,True,1,native
8231,1.0,25,0.01,0.5,True,1,native
8232,0.0,24,0.01,0.5,True,1,native
8233,1.0,52,0.01,0.5,True,1,native
8234,1.0,62,0.01,0.5,True,1,native
8235,1.0,51,0.01,0.5,True,1,native
8236,1.0,84,0.01,0.5,True,1,native
8237,0.0,38,0.01,0.5,True,1,native
8238,1.0,29,0.01,0.5,True,1,native
8239,0.0,100,0.01,0.5,True,1,native
8240,0.0,50,0.01,0.5,True,1,native
8241,1.0,21,0.01,0.5,True,1,native
8242,1.0,39,0.01,0.5,True,1,native
8243,0.0,15,0.01,0.5,True,1,native
8244,1.0,11,0.01,0.5,True,1,native
8245,1.0,43,0.01,0.5,True,1,native
8246,0.0,54,0.01,0.5,True,1,native
8247,1.0,54,0.01,0.5,True,1,native
8248,1.0,29,0.01,0.5,True,1,native
8249,1.0,28,0.01,0.5,True,1,native
8250,1.0,16,0.01,0.5,True,1,native
8251,0.0,76,0.01,0.5,True,1,native
8252,1.0,93,0.01,0.5,True,1,native
8253,1.0,11,0.01,0.5,True,1,native
8254,0.0,7,0.01,0.5,True,1,native
8255,1.0,62,0.01,0.5,True,1,native
8256,1.0,20,0.01,0.5,True,1,native
8257,0.0,100,0.01,0.5,True,1,native
8258,1.0,20,0.01,0.5,True,1,native
8259,0.0,17,0.01,0.5,True,1,native
8260,1.0,24,0.01,0.5,True,1,native
8261,1.0,61,0.01,0.5,True,1,native
8262,0.0,61,0.01,0.5,True,1,native
8263,1.0,94,0.01,0.5,True,1,native
8264,1.0,28,0.01,0.5,True,1,native
8265,1.0,96,0.01,0.5,True,1,native
8266,1.0,21,0.01,0.5,True,1,native
8267,1.0,61,0.01,0.5,True,1,native
8268,0.0,38,0.01,0.5,True,1,native
8269,1.0,31,0.01,0.5,True,1,native
8270,1.0,97,0.01,0.5,True,1,native
8271,1.0,22,0.01,0.5,True,1,native
8272,1.0,22,0.01,0.5,True,1,native
8273,1.0,25,0.01,0.5,True,1,native
8274,1.0,20,0.01,0.5,True,1,native
8275,0.0,23,0.01,0.5,True,1,native
8276,1.0,20,0.01,0.5,True,1,native
8277,1.0,41,0.01,0.5,True,1,native
8278,0.0,58,0.01,0.5,True,1,native
8279,1.0,57,0.01,0.5,True,1,native
8280,0.0,8,0.01,0.5,True,1,native
8281,1.0,61,0.01,0.5,True,1,native
8282,1.0,48,0.01,0.5,True,1,native
8283,1.0,9,0.01,0.5,True,1,native
8284,1.0,35,0.01,0.5,True,1,native
8285,0.0,33,0.01,0.5,True,1,native
8286,1.0,27,0.01,0.5,True,1,native
8287,1.0,7,0.01,0.5,True,1,native
8288,1.0,28,0.01,0.5,True,1,native
8289,1.0,62,0.01,0.5,True,1,native
8290,1.0,18,0.01,0.5,True,1,native
8291,0.0,7,0.01,0.5,True,1,native
8292,1.0,46,0.01,0.5,True,1,native
8293,1.0,20,0.01,0.5,True,1,native
8294,1.0,27,0.01,0.5,True,1,native
8295,1.0,100,0.01,0.5,True,1,native
8296,1.0,34,0.01,0.5,True,1,native
8297,1.0,34,0.01,0.5,True,1,native
8298,1.0,34,0.01,0.5,True,1,native
8299,0.0,71,0.01,0.5,True,1,native
8300,1.0,12,0.01,0.5,True,1,native
8301,1.0,11,0.01,0.5,True,1,native
8302,0.0,27,0.01,0.5,True,1,native
8303,1.0,18,0.01,0.5,True,1,native
8304,1.0,19,0.01,0.5,True,1,native
8305,1.0,44,0.01,0.5,True,1,native
8306,1.0,67,0.01,0.5,True,1,native
8307,0.0,100,0.01,0.5,True,1,native
8308,0.0,100,0.01,0.5,True,1,native
8309,0.0,4,0.01,0.5,True,1,native
8310,1.0,87,0.01,0.5,True,1,native
8311,1.0,24,0.01,0.5,True,1,native
8312,0.0,34,0.01,0.5,True,1,native
8313,0.0,100,0.01,0.5,True,1,native
8314,1.0,19,0.01,0.5,True,1,native
8315,1.0,23,0.01,0.5,True,1,native
8316,1.0,12,0.01,0.5,True,1,native
8317,0.0,48,0.01,0.5,True,1,native
8318,0.0,85,0.01,0.5,True,1,native
8319,1.0,73,0.01,0.5,True,1,native
8320,1.0,11,0.01,0.5,True,1,native
8321,0.0,26,0.01,0.5,True,1,native
8322,1.0,22,0.01,0.5,True,1,native
8323,0.0,31,0.01,0.5,True,1,native
8324,0.0,7,0.01,0.5,True,1,native
8325,1.0,12,0.01,0.5,True,1,native
8326,1.0,6,0.01,0.5,True,1,native
8327,0.0,20,0.01,0.5,True,1,native
8328,1.0,56,0.01,0.5,True,1,native
8329,1.0,12,0.01,0.5,True,1,native
8330,1.0,65,0.01,0.5,True,1,native
8331,1.0,24,0.01,0.5,True,1,native
8332,1.0,31,0.01,0.5,True,1,native
8333,1.0,78,0.01,0.5,True,1,native
8334,0.0,100,0.01,0.5,True,1,native
8335,1.0,25,0.01,0.5,True,1,native
8336,1.0,21,0.01,0.5,True,1,native
8337,1.0,7,0.01,0.5,True,1,native
8338,1.0,11,0.01,0.5,True,1,native
8339,1.0,18,0.01,0.5,True,1,native
8340,1.0,13,0.01,0.5,True,1,native
8341,1.0,52,0.01,0.5,True,1,native
8342,1.0,10,0.01,0.5,True,1,native
8343,1.0,70,0.01,0.5,True,1,native
8344,1.0,28,0.01,0.5,True,1,native
8345,1.0,71,0.01,0.5,True,1,native
8346,1.0,26,0.01,0.5,True,1,native
8347,1.0,35,0.01,0.5,True,1,native
8348,1.0,26,0.01,0.5,True,1,native
8349,1.0,19,0.01,0.5,True,1,native
8350,0.0,100,0.01,0.5,True,1,native
8351,1.0,55,0.01,0.5,True,1,native
8352,0.0,39,0.01,0.5,True,1,native
8353,1.0,37,0.01,0.5,True,1,native
8354,1.0,27,0.01,0.5,True,1,native
8355,1.0,71,0.01,0.5,True,1,native
8356,1.0,11,0.01,0.5,True,1,native
8357,0.0,100,0.01,0.5,True,1,native
8358,1.0,64,0.01,0.5,True,1,native
8359,0.0,35,0.01,0.5,True,1,native
8360,0.0,64,0.01,0.5,True,1,native
8361,1.0,58,0.01,0.5,True,1,native
8362,0.0,31,0.01,0.5,True,1,native
8363,0.0,100,0.01,0.5,True,1,native
8364,0.0,100,0.01,0.5,True,1,native
8365,0.0,41,0.01,0.5,True,1,native
8366,0.0,61,0.01,0.5,True,1,native
8367,0.0,50,0.01,0.5,True,1,native
8368,1.0,10,0.01,0.5,True,1,native
8369,1.0,25,0.01,0.5,True,1,native
8370,0.0,21,0.01,0.5,True,1,native
8371,1.0,51,0.01,0.5,True,1,native
8372,1.0,17,0.01,0.5,True,1,native
8373,0.0,21,0.01,0.5,True,1,native
8374,1.0,19,0.01,0.5,True,1,native
8375,0.0,100,0.01,0.5,True,1,native
8376,0.0,62,0.01,0.5,True,1,native
8377,1.0,25,0.01,0.5,True,1,native
8378,1.0,32,0.01,0.5,True,1,native
8379,0.0,7,0.01,0.5,True,1,native
8380,0.0,5,0.01,0.5,True,1,native
8381,1.0,20,0.01,0.5,True,1,native
8382,0.0,100,0.01,0.5,True,1,native
8383,0.0,10,0.01,0.5,True,1,native
8384,0.0,24,0.01,0.5,True,1,native
8385,1.0,14,0.01,0.5,True,1,native
8386,1.0,56,0.01,0.5,True,1,native
8387,1.0,55,0.01,0.5,True,1,native
8388,1.0,51,0.01,0.5,True,1,native
8389,0.0,100,0.01,0.5,True,1,native
8390,0.0,100,0.01,0.5,True,1,native
8391,1.0,93,0.01,0.5,True,1,native
8392,1.0,45,0.01,0.5,True,1,native
8393,0.0,100,0.01,0.5,True,1,native
8394,1.0,25,0.01,0.5,True,1,native
8395,1.0,26,0.01,0.5,True,1,native
8396,1.0,29,0.01,0.5,True,1,native
8397,1.0,21,0.01,0.5,True,1,native
8398,0.0,100,0.01,0.5,True,1,native
8399,1.0,28,0.01,0.5,True,1,native
8400,1.0,27,0.01,0.5,True,1,native
8401,0.0,50,0.01,0.5,True,1,native
8402,1.0,55,0.01,0.5,True,1,native
8403,0.0,100,0.01,0.5,True,1,native
8404,0.0,100,0.01,0.5,True,1,native
8405,0.0,8,0.01,0.5,True,1,native
8406,0.0,69,0.01,0.5,True,1,native
8407,1.0,27,0.01,0.5,True,1,native
8408,0.0,11,0.01,0.5,True,1,native
8409,1.0,15,0.01,0.5,True,1,native
8410,1.0,70,0.01,0.5,True,1,native
8411,1.0,29,0.01,0.5,True,1,native
8412,0.0,100,0.01,0.5,True,1,native
8413,1.0,30,0.01,0.5,True,1,native
8414,0.0,48,0.01,0.5,True,1,native
8415,1.0,20,0.01,0.5,True,1,native
8416,1.0,40,0.01,0.5,True,1,native
8417,1.0,25,0.01,0.5,True,1,native
8418,0.0,100,0.01,0.5,True,1,native
8419,1.0,10,0.01,0.5,True,1,native
8420,1.0,20,0.01,0.5,True,1,native
8421,0.0,43,0.01,0.5,True,1,native
8422,1.0,35,0.01,0.5,True,1,native
8423,0.0,100,0.01,0.5,True,1,native
8424,1.0,38,0.01,0.5,True,1,native
8425,1.0,72,0.01,0.5,True,1,native
8426,1.0,30,0.01,0.5,True,1,native
8427,1.0,25,0.01,0.5,True,1,native
8428,1.0,12,0.01,0.5,True,1,native
8429,1.0,66,0.01,0.5,True,1,native
8430,1.0,32,0.01,0.5,True,1,native
8431,1.0,43,0.01,0.5,True,1,native
8432,1.0,70,0.01,0.5,True,1,native
8433,1.0,94,0.01,0.5,True,1,native
8434,1.0,36,0.01,0.5,True,1,native
8435,0.0,82,0.01,0.5,True,1,native
8436,1.0,16,0.01,0.5,True,1,native
8437,1.0,27,0.01,0.5,True,1,native
8438,1.0,14,0.01,0.5,True,1,native
8439,1.0,25,0.01,0.5,True,1,native
8440,1.0,54,0.01,0.5,True,1,native
8441,1.0,19,0.01,0.5,True,1,native
8442,1.0,32,0.01,0.5,True,1,native
8443,1.0,29,0.01,0.5,True,1,native
8444,1.0,28,0.01,0.5,True,1,native
8445,0.0,33,0.01,0.5,True,1,native
8446,1.0,49,0.01,0.5,True,1,native
8447,1.0,24,0.01,0.5,True,1,native
8448,1.0,61,0.01,0.5,True,1,native
8449,0.0,12,0.01,0.5,True,1,native
8450,0.0,100,0.01,0.5,True,1,native
8451,0.0,38,0.01,0.5,True,1,native
8452,1.0,11,0.01,0.5,True,1,native
8453,1.0,21,0.01,0.5,True,1,native
8454,1.0,11,0.01,0.5,True,1,native
8455,0.0,75,0.01,0.5,True,1,native
8456,0.0,25,0.01,0.5,True,1,native
8457,1.0,20,0.01,0.5,True,1,native
8458,1.0,24,0.01,0.5,True,1,native
8459,0.0,21,0.01,0.5,True,1,native
8460,0.0,100,0.01,0.5,True,1,native
8461,0.0,19,0.01,0.5,True,1,native
8462,0.0,57,0.01,0.5,True,1,native
8463,0.0,42,0.01,0.5,True,1,native
8464,0.0,100,0.01,0.5,True,1,native
8465,1.0,70,0.01,0.5,True,1,native
8466,0.0,100,0.01,0.5,True,1,native
8467,1.0,11,0.01,0.5,True,1,native
8468,0.0,87,0.01,0.5,True,1,native
8469,1.0,22,0.01,0.5,True,1,native
8470,0.0,65,0.01,0.5,True,1,native
8471,1.0,21,0.01,0.5,True,1,native
8472,0.0,18,0.01,0.5,True,1,native
8473,1.0,61,0.01,0.5,True,1,native
8474,0.0,14,0.01,0.5,True,1,native
8475,1.0,25,0.01,0.5,True,1,native
8476,1.0,61,0.01,0.5,True,1,native
8477,0.0,100,0.01,0.5,True,1,native
8478,0.0,100,0.01,0.5,True,1,native
8479,1.0,23,0.01,0.5,True,1,native
8480,0.0,78,0.01,0.5,True,1,native
8481,1.0,49,0.01,0.5,True,1,native
8482,0.0,100,0.01,0.5,True,1,native
8483,1.0,49,0.01,0.5,True,1,native
8484,0.0,38,0.01,0.5,True,1,native
8485,1.0,47,0.01,0.5,True,1,native
8486,0.0,60,0.01,0.5,True,1,native
8487,1.0,9,0.01,0.5,True,1,native
8488,1.0,15,0.01,0.5,True,1,native
8489,1.0,33,0.01,0.5,True,1,native
8490,1.0,34,0.01,0.5,True,1,native
8491,0.0,36,0.01,0.5,True,1,native
8492,1.0,21,0.01,0.5,True,1,native
8493,1.0,31,0.01,0.5,True,1,native
8494,1.0,45,0.01,0.5,True,1,native
8495,1.0,49,0.01,0.5,True,1,native
8496,0.0,20,0.01,0.5,True,1,native
8497,1.0,21,0.01,0.5,True,1,native
8498,0.0,16,0.01,0.5,True,1,native
8499,1.0,9,0.01,0.5,True,1,native
8500,1.0,32,0.01,0.5,True,1,native
8501,0.0,100,0.01,0.5,True,1,native
8502,0.0,100,0.01,0.5,True,1,native
8503,1.0,19,0.01,0.5,True,1,native
8504,0.0,9,0.01,0.5,True,1,native
8505,0.0,69,0.01,0.5,True,1,native
8506,1.0,42,0.01,0.5,True,1,native
8507,1.0,30,0.01,0.5,True,1,native
8508,1.0,26,0.01,0.5,True,1,native
8509,1.0,49,0.01,0.5,True,1,native
8510,1.0,9,0.01,0.5,True,1,native
8511,1.0,75,0.01,0.5,True,1,native
8512,0.0,59,0.01,0.5,True,1,native
8513,1.0,83,0.01,0.5,True,1,native
8514,0.0,100,0.01,0.5,True,1,native
8515,1.0,7,0.01,0.5,True,1,native
8516,1.0,9,0.01,0.5,True,1,native
8517,0.0,100,0.01,0.5,True,1,native
8518,1.0,32,0.01,0.5,True,1,native
8519,1.0,17,0.01,0.5,True,1,native
8520,1.0,27,0.01,0.5,True,1,native
8521,1.0,22,0.01,0.5,True,1,native
8522,1.0,39,0.01,0.5,True,1,native
8523,0.0,35,0.01,0.5,True,1,native
8524,1.0,17,0.01,0.5,True,1,native
8525,1.0,52,0.01,0.5,True,1,native
8526,0.0,96,0.01,0.5,True,1,native
8527,1.0,78,0.01,0.5,True,1,native
8528,0.0,46,0.01,0.5,True,1,native
8529,0.0,17,0.01,0.5,True,1,native
8530,0.0,6,0.01,0.5,True,1,native
8531,0.0,100,0.01,0.5,True,1,native
8532,0.0,11,0.01,0.5,True,1,native
8533,1.0,27,0.01,0.5,True,1,native
8534,0.0,100,0.01,0.5,True,1,native
8535,0.0,40,0.01,0.5,True,1,native
8536,1.0,49,0.01,0.5,True,1,native
8537,0.0,100,0.01,0.5,True,1,native
8538,0.0,23,0.01,0.5,True,1,native
8539,1.0,61,0.01,0.5,True,1,native
8540,0.0,50,0.01,0.5,True,1,native
8541,0.0,100,0.01,0.5,True,1,native
8542,0.0,100,0.01,0.5,True,1,native
8543,0.0,2,0.01,0.5,True,1,native
8544,1.0,59,0.01,0.5,True,1,native
8545,0.0,28,0.01,0.5,True,1,native
8546,1.0,58,0.01,0.5,True,1,native
8547,1.0,51,0.01,0.5,True,1,native
8548,0.0,26,0.01,0.5,True,1,native
8549,1.0,14,0.01,0.5,True,1,native
8550,0.0,21,0.01,0.5,True,1,native
8551,1.0,41,0.01,0.5,True,1,native
8552,0.0,100,0.01,0.5,True,1,native
8553,1.0,31,0.01,0.5,True,1,native
8554,1.0,19,0.01,0.5,True,1,native
8555,1.0,10,0.01,0.5,True,1,native
8556,0.0,100,0.01,0.5,True,1,native
8557,0.0,21,0.01,0.5,True,1,native
8558,0.0,28,0.01,0.5,True,1,native
8559,0.0,100,0.01,0.5,True,1,native
8560,1.0,35,0.01,0.5,True,1,native
8561,0.0,81,0.01,0.5,True,1,native
8562,1.0,22,0.01,0.5,True,1,native
8563,1.0,44,0.01,0.5,True,1,native
8564,1.0,7,0.01,0.5,True,1,native
8565,1.0,12,0.01,0.5,True,1,native
8566,1.0,10,0.01,0.5,True,1,native
8567,0.0,9,0.01,0.5,True,1,native
8568,1.0,21,0.01,0.5,True,1,native
8569,1.0,46,0.01,0.5,True,1,native
8570,1.0,16,0.01,0.5,True,1,native
8571,1.0,26,0.01,0.5,True,1,native
8572,0.0,20,0.01,0.5,True,1,native
8573,1.0,43,0.01,0.5,True,1,native
8574,1.0,31,0.01,0.5,True,1,native
8575,1.0,38,0.01,0.5,True,1,native
8576,0.0,36,0.01,0.5,True,1,native
8577,1.0,63,0.01,0.5,True,1,native
8578,1.0,17,0.01,0.5,True,1,native
8579,1.0,16,0.01,0.5,True,1,native
8580,1.0,62,0.01,0.5,True,1,native
8581,1.0,11,0.01,0.5,True,1,native
8582,0.0,100,0.01,0.5,True,1,native
8583,0.0,23,0.01,0.5,True,1,native
8584,1.0,11,0.01,0.5,True,1,native
8585,0.0,5,0.01,0.5,True,1,native
8586,0.0,92,0.01,0.5,True,1,native
8587,1.0,87,0.01,0.5,True,1,native
8588,1.0,49,0.01,0.5,True,1,native
8589,1.0,9,0.01,0.5,True,1,native
8590,0.0,100,0.01,0.5,True,1,native
8591,1.0,15,0.01,0.5,True,1,native
8592,1.0,84,0.01,0.5,True,1,native
8593,1.0,34,0.01,0.5,True,1,native
8594,1.0,23,0.01,0.5,True,1,native
8595,1.0,43,0.01,0.5,True,1,native
8596,1.0,33,0.01,0.5,True,1,native
8597,0.0,51,0.01,0.5,True,1,native
8598,0.0,100,0.01,0.5,True,1,native
8599,1.0,33,0.01,0.5,True,1,native
8600,0.0,100,0.01,0.5,True,1,native
8601,1.0,94,0.01,0.5,True,1,native
8602,1.0,69,0.01,0.5,True,1,native
8603,1.0,34,0.01,0.5,True,1,native
8604,1.0,64,0.01,0.5,True,1,native
8605,1.0,37,0.01,0.5,True,1,native
8606,1.0,62,0.01,0.5,True,1,native
8607,1.0,31,0.01,0.5,True,1,native
8608,1.0,53,0.01,0.5,True,1,native
8609,0.0,18,0.01,0.5,True,1,native
8610,0.0,100,0.01,0.5,True,1,native
8611,1.0,18,0.01,0.5,True,1,native
8612,0.0,20,0.01,0.5,True,1,native
8613,1.0,31,0.01,0.5,True,1,native
8614,1.0,26,0.01,0.5,True,1,native
8615,0.0,15,0.01,0.5,True,1,native
8616,1.0,29,0.01,0.5,True,1,native
8617,1.0,42,0.01,0.5,True,1,native
8618,1.0,30,0.01,0.5,True,1,native
8619,0.0,27,0.01,0.5,True,1,native
8620,1.0,26,0.01,0.5,True,1,native
8621,1.0,17,0.01,0.5,True,1,native
8622,1.0,30,0.01,0.5,True,1,native
8623,0.0,48,0.01,0.5,True,1,native
8624,0.0,100,0.01,0.5,True,1,native
8625,0.0,100,0.01,0.5,True,1,native
8626,0.0,100,0.01,0.5,True,1,native
8627,1.0,15,0.01,0.5,True,1,native
8628,1.0,45,0.01,0.5,True,1,native
8629,1.0,35,0.01,0.5,True,1,native
8630,1.0,47,0.01,0.5,True,1,native
8631,1.0,62,0.01,0.5,True,1,native
8632,1.0,24,0.01,0.5,True,1,native
8633,0.0,100,0.01,0.5,True,1,native
8634,1.0,13,0.01,0.5,True,1,native
8635,0.0,6,0.01,0.5,True,1,native
8636,1.0,76,0.01,0.5,True,1,native
8637,1.0,12,0.01,0.5,True,1,native
8638,1.0,9,0.01,0.5,True,1,native
8639,0.0,5,0.01,0.5,True,1,native
8640,1.0,61,0.01,0.5,True,1,native
8641,1.0,51,0.01,0.5,True,1,native
8642,1.0,42,0.01,0.5,True,1,native
8643,1.0,19,0.01,0.5,True,1,native
8644,1.0,40,0.01,0.5,True,1,native
8645,1.0,25,0.01,0.5,True,1,native
8646,1.0,7,0.01,0.5,True,1,native
8647,0.0,100,0.01,0.5,True,1,native
8648,1.0,24,0.01,0.5,True,1,native
8649,1.0,12,0.01,0.5,True,1,native
8650,1.0,10,0.01,0.5,True,1,native
8651,0.0,5,0.01,0.5,True,1,native
8652,1.0,18,0.01,0.5,True,1,native
8653,1.0,83,0.01,0.5,True,1,native
8654,1.0,24,0.01,0.5,True,1,native
8655,1.0,23,0.01,0.5,True,1,native
8656,1.0,47,0.01,0.5,True,1,native
8657,1.0,12,0.01,0.5,True,1,native
8658,1.0,26,0.01,0.5,True,1,native
8659,1.0,54,0.01,0.5,True,1,native
8660,1.0,8,0.01,0.5,True,1,native
8661,0.0,100,0.01,0.5,True,1,native
8662,1.0,12,0.01,0.5,True,1,native
8663,1.0,23,0.01,0.5,True,1,native
8664,1.0,21,0.01,0.5,True,1,native
8665,1.0,18,0.01,0.5,True,1,native
8666,0.0,49,0.01,0.5,True,1,native
8667,1.0,51,0.01,0.5,True,1,native
8668,1.0,27,0.01,0.5,True,1,native
8669,1.0,9,0.01,0.5,True,1,native
8670,1.0,23,0.01,0.5,True,1,native
8671,0.0,70,0.01,0.5,True,1,native
8672,1.0,30,0.01,0.5,True,1,native
8673,1.0,38,0.01,0.5,True,1,native
8674,0.0,10,0.01,0.5,True,1,native
8675,1.0,10,0.01,0.5,True,1,native
8676,0.0,72,0.01,0.5,True,1,native
8677,1.0,45,0.01,0.5,True,1,native
8678,1.0,21,0.01,0.5,True,1,native
8679,0.0,10,0.01,0.5,True,1,native
8680,0.0,67,0.01,0.5,True,1,native
8681,0.0,30,0.01,0.5,True,1,native
8682,1.0,22,0.01,0.5,True,1,native
8683,1.0,15,0.01,0.5,True,1,native
8684,1.0,56,0.01,0.5,True,1,native
8685,0.0,31,0.01,0.5,True,1,native
8686,0.0,41,0.01,0.5,True,1,native
8687,0.0,35,0.01,0.5,True,1,native
8688,0.0,38,0.01,0.5,True,1,native
8689,0.0,100,0.01,0.5,True,1,native
8690,0.0,76,0.01,0.5,True,1,native
8691,1.0,21,0.01,0.5,True,1,native
8692,0.0,6,0.01,0.5,True,1,native
8693,0.0,100,0.01,0.5,True,1,native
8694,0.0,18,0.01,0.5,True,1,native
8695,0.0,100,0.01,0.5,True,1,native
8696,1.0,15,0.01,0.5,True,1,native
8697,0.0,60,0.01,0.5,True,1,native
8698,1.0,47,0.01,0.5,True,1,native
8699,1.0,30,0.01,0.5,True,1,native
8700,1.0,15,0.01,0.5,True,1,native
8701,1.0,32,0.01,0.5,True,1,native
8702,1.0,52,0.01,0.5,True,1,native
8703,1.0,46,0.01,0.5,True,1,native
8704,0.0,33,0.01,0.5,True,1,native
8705,1.0,57,0.01,0.5,True,1,native
8706,0.0,87,0.01,0.5,True,1,native
8707,0.0,18,0.01,0.5,True,1,native
8708,1.0,18,0.01,0.5,True,1,native
8709,0.0,18,0.01,0.5,True,1,native
8710,1.0,48,0.01,0.5,True,1,native
8711,1.0,30,0.01,0.5,True,1,native
8712,1.0,18,0.01,0.5,True,1,native
8713,0.0,100,0.01,0.5,True,1,native
8714,0.0,39,0.01,0.5,True,1,native
8715,0.0,32,0.01,0.5,True,1,native
8716,1.0,19,0.01,0.5,True,1,native
8717,1.0,18,0.01,0.5,True,1,native
8718,1.0,39,0.01,0.5,True,1,native
8719,0.0,45,0.01,0.5,True,1,native
8720,1.0,8,0.01,0.5,True,1,native
8721,1.0,27,0.01,0.5,True,1,native
8722,1.0,79,0.01,0.5,True,1,native
8723,1.0,73,0.01,0.5,True,1,native
8724,1.0,61,0.01,0.5,True,1,native
8725,1.0,11,0.01,0.5,True,1,native
8726,1.0,84,0.01,0.5,True,1,native
8727,1.0,51,0.01,0.5,True,1,native
8728,1.0,57,0.01,0.5,True,1,native
8729,0.0,41,0.01,0.5,True,1,native
8730,1.0,36,0.01,0.5,True,1,native
8731,1.0,33,0.01,0.5,True,1,native
8732,0.0,18,0.01,0.5,True,1,native
8733,0.0,40,0.01,0.5,True,1,native
8734,1.0,14,0.01,0.5,True,1,native
8735,1.0,21,0.01,0.5,True,1,native
8736,1.0,20,0.01,0.5,True,1,native
8737,1.0,14,0.01,0.5,True,1,native
8738,0.0,100,0.01,0.5,True,1,native
8739,1.0,70,0.01,0.5,True,1,native
8740,0.0,100,0.01,0.5,True,1,native
8741,1.0,54,0.01,0.5,True,1,native
8742,1.0,66,0.01,0.5,True,1,native
8743,1.0,38,0.01,0.5,True,1,native
8744,0.0,100,0.01,0.5,True,1,native
8745,1.0,7,0.01,0.5,True,1,native
8746,1.0,19,0.01,0.5,True,1,native
8747,1.0,80,0.01,0.5,True,1,native
8748,0.0,81,0.01,0.5,True,1,native
8749,1.0,28,0.01,0.5,True,1,native
8750,0.0,100,0.01,0.5,True,1,native
8751,0.0,12,0.01,0.5,True,1,native
8752,0.0,11,0.01,0.5,True,1,native
8753,0.0,100,0.01,0.5,True,1,native
8754,1.0,66,0.01,0.5,True,1,native
8755,0.0,17,0.01,0.5,True,1,native
8756,0.0,10,0.01,0.5,True,1,native
8757,0.0,5,0.01,0.5,True,1,native
8758,0.0,100,0.01,0.5,True,1,native
8759,1.0,50,0.01,0.5,True,1,native
8760,0.0,15,0.01,0.5,True,1,native
8761,0.0,26,0.01,0.5,True,1,native
8762,0.0,31,0.01,0.5,True,1,native
8763,1.0,19,0.01,0.5,True,1,native
8764,1.0,26,0.01,0.5,True,1,native
8765,1.0,92,0.01,0.5,True,1,native
8766,0.0,65,0.01,0.5,True,1,native
8767,0.0,25,0.01,0.5,True,1,native
8768,1.0,9,0.01,0.5,True,1,native
8769,1.0,24,0.01,0.5,True,1,native
8770,0.0,2,0.01,0.5,True,1,native
8771,0.0,25,0.01,0.5,True,1,native
8772,0.0,62,0.01,0.5,True,1,native
8773,1.0,28,0.01,0.5,True,1,native
8774,0.0,68,0.01,0.5,True,1,native
8775,1.0,71,0.01,0.5,True,1,native
8776,1.0,26,0.01,0.5,True,1,native
8777,0.0,38,0.01,0.5,True,1,native
8778,1.0,24,0.01,0.5,True,1,native
8779,1.0,53,0.01,0.5,True,1,native
8780,0.0,25,0.01,0.5,True,1,native
8781,1.0,70,0.01,0.5,True,1,native
8782,1.0,24,0.01,0.5,True,1,native
8783,1.0,91,0.01,0.5,True,1,native
8784,1.0,89,0.01,0.5,True,1,native
8785,0.0,11,0.01,0.5,True,1,native
8786,1.0,53,0.01,0.5,True,1,native
8787,1.0,31,0.01,0.5,True,1,native
8788,1.0,76,0.01,0.5,True,1,native
8789,1.0,51,0.01,0.5,True,1,native
8790,1.0,65,0.01,0.5,True,1,native
8791,1.0,18,0.01,0.5,True,1,native
8792,1.0,21,0.01,0.5,True,1,native
8793,1.0,98,0.01,0.5,True,1,native
8794,1.0,19,0.01,0.5,True,1,native
8795,0.0,46,0.01,0.5,True,1,native
8796,1.0,33,0.01,0.5,True,1,native
8797,1.0,59,0.01,0.5,True,1,native
8798,1.0,25,0.01,0.5,True,1,native
8799,1.0,17,0.01,0.5,True,1,native
8800,1.0,15,0.01,0.5,True,1,native
8801,1.0,16,0.01,0.5,True,1,native
8802,0.0,100,0.01,0.5,True,1,native
8803,1.0,50,0.01,0.5,True,1,native
8804,0.0,100,0.01,0.5,True,1,native
8805,0.0,56,0.01,0.5,True,1,native
8806,0.0,48,0.01,0.5,True,1,native
8807,1.0,54,0.01,0.5,True,1,native
8808,1.0,12,0.01,0.5,True,1,native
8809,0.0,46,0.01,0.5,True,1,native
8810,1.0,30,0.01,0.5,True,1,native
8811,1.0,9,0.01,0.5,True,1,native
8812,1.0,70,0.01,0.5,True,1,native
8813,1.0,23,0.01,0.5,True,1,native
8814,0.0,30,0.01,0.5,True,1,native
8815,1.0,95,0.01,0.5,True,1,native
8816,1.0,11,0.01,0.5,True,1,native
8817,1.0,25,0.01,0.5,True,1,native
8818,0.0,7,0.01,0.5,True,1,native
8819,1.0,14,0.01,0.5,True,1,native
8820,0.0,11,0.01,0.5,True,1,native
8821,1.0,18,0.01,0.5,True,1,native
8822,1.0,13,0.01,0.5,True,1,native
8823,1.0,35,0.01,0.5,True,1,native
8824,0.0,23,0.01,0.5,True,1,native
8825,0.0,41,0.01,0.5,True,1,native
8826,1.0,17,0.01,0.5,True,1,native
8827,1.0,36,0.01,0.5,True,1,native
8828,1.0,13,0.01,0.5,True,1,native
8829,1.0,36,0.01,0.5,True,1,native
8830,1.0,29,0.01,0.5,True,1,native
8831,1.0,46,0.01,0.5,True,1,native
8832,1.0,25,0.01,0.5,True,1,native
8833,1.0,76,0.01,0.5,True,1,native
8834,0.0,34,0.01,0.5,True,1,native
8835,0.0,21,0.01,0.5,True,1,native
8836,0.0,63,0.01,0.5,True,1,native
8837,1.0,96,0.01,0.5,True,1,native
8838,1.0,24,0.01,0.5,True,1,native
8839,1.0,38,0.01,0.5,True,1,native
8840,1.0,17,0.01,0.5,True,1,native
8841,1.0,30,0.01,0.5,True,1,native
8842,0.0,18,0.01,0.5,True,1,native
8843,1.0,17,0.01,0.5,True,1,native
8844,1.0,76,0.01,0.5,True,1,native
8845,1.0,17,0.01,0.5,True,1,native
8846,1.0,20,0.01,0.5,True,1,native
8847,1.0,48,0.01,0.5,True,1,native
8848,0.0,23,0.01,0.5,True,1,native
8849,1.0,43,0.01,0.5,True,1,native
8850,0.0,47,0.01,0.5,True,1,native
8851,0.0,35,0.01,0.5,True,1,native
8852,1.0,35,0.01,0.5,True,1,native
8853,1.0,13,0.01,0.5,True,1,native
8854,1.0,29,0.01,0.5,True,1,native
8855,1.0,17,0.01,0.5,True,1,native
8856,0.0,19,0.01,0.5,True,1,native
8857,0.0,15,0.01,0.5,True,1,native
8858,0.0,44,0.01,0.5,True,1,native
8859,1.0,55,0.01,0.5,True,1,native
8860,0.0,100,0.01,0.5,True,1,native
8861,0.0,55,0.01,0.5,True,1,native
8862,1.0,22,0.01,0.5,True,1,native
8863,0.0,22,0.01,0.5,True,1,native
8864,0.0,26,0.01,0.5,True,1,native
8865,0.0,100,0.01,0.5,True,1,native
8866,1.0,45,0.01,0.5,True,1,native
8867,0.0,100,0.01,0.5,True,1,native
8868,1.0,20,0.01,0.5,True,1,native
8869,1.0,17,0.01,0.5,True,1,native
8870,0.0,38,0.01,0.5,True,1,native
8871,1.0,40,0.01,0.5,True,1,native
8872,1.0,49,0.01,0.5,True,1,native
8873,1.0,23,0.01,0.5,True,1,native
8874,0.0,4,0.01,0.5,True,1,native
8875,0.0,100,0.01,0.5,True,1,native
8876,1.0,65,0.01,0.5,True,1,native
8877,1.0,57,0.01,0.5,True,1,native
8878,1.0,49,0.01,0.5,True,1,native
8879,1.0,60,0.01,0.5,True,1,native
8880,1.0,24,0.01,0.5,True,1,native
8881,0.0,100,0.01,0.5,True,1,native
8882,1.0,32,0.01,0.5,True,1,native
8883,1.0,21,0.01,0.5,True,1,native
8884,1.0,28,0.01,0.5,True,1,native
8885,0.0,39,0.01,0.5,True,1,native
8886,1.0,49,0.01,0.5,True,1,native
8887,0.0,46,0.01,0.5,True,1,native
8888,1.0,11,0.01,0.5,True,1,native
8889,0.0,100,0.01,0.5,True,1,native
8890,0.0,14,0.01,0.5,True,1,native
8891,0.0,65,0.01,0.5,True,1,native
8892,1.0,36,0.01,0.5,True,1,native
8893,0.0,19,0.01,0.5,True,1,native
8894,1.0,48,0.01,0.5,True,1,native
8895,1.0,12,0.01,0.5,True,1,native
8896,1.0,51,0.01,0.5,True,1,native
8897,0.0,72,0.01,0.5,True,1,native
8898,0.0,100,0.01,0.5,True,1,native
8899,0.0,29,0.01,0.5,True,1,native
8900,1.0,59,0.01,0.5,True,1,native
8901,1.0,33,0.01,0.5,True,1,native
8902,1.0,13,0.01,0.5,True,1,native
8903,1.0,58,0.01,0.5,True,1,native
8904,1.0,28,0.01,0.5,True,1,native
8905,1.0,44,0.01,0.5,True,1,native
8906,0.0,55,0.01,0.5,True,1,native
8907,1.0,66,0.01,0.5,True,1,native
8908,0.0,87,0.01,0.5,True,1,native
8909,0.0,14,0.01,0.5,True,1,native
8910,1.0,81,0.01,0.5,True,1,native
8911,1.0,88,0.01,0.5,True,1,native
8912,0.0,32,0.01,0.5,True,1,native
8913,0.0,15,0.01,0.5,True,1,native
8914,0.0,100,0.01,0.5,True,1,native
8915,0.0,100,0.01,0.5,True,1,native
8916,1.0,10,0.01,0.5,True,1,native
8917,1.0,26,0.01,0.5,True,1,native
8918,0.0,100,0.01,0.5,True,1,native
8919,0.0,50,0.01,0.5,True,1,native
8920,0.0,100,0.01,0.5,True,1,native
8921,1.0,13,0.01,0.5,True,1,native
8922,1.0,26,0.01,0.5,True,1,native
8923,0.0,100,0.01,0.5,True,1,native
8924,1.0,78,0.01,0.5,True,1,native
8925,1.0,64,0.01,0.5,True,1,native
8926,1.0,25,0.01,0.5,True,1,native
8927,1.0,44,0.01,0.5,True,1,native
8928,1.0,40,0.01,0.5,True,1,native
8929,0.0,84,0.01,0.5,True,1,native
8930,1.0,28,0.01,0.5,True,1,native
8931,1.0,34,0.01,0.5,True,1,native
8932,1.0,28,0.01,0.5,True,1,native
8933,0.0,100,0.01,0.5,True,1,native
8934,1.0,10,0.01,0.5,True,1,native
8935,0.0,100,0.01,0.5,True,1,native
8936,1.0,22,0.01,0.5,True,1,native
8937,1.0,70,0.01,0.5,True,1,native
8938,0.0,63,0.01,0.5,True,1,native
8939,1.0,15,0.01,0.5,True,1,native
8940,0.0,41,0.01,0.5,True,1,native
8941,0.0,64,0.01,0.5,True,1,native
8942,0.0,17,0.01,0.5,True,1,native
8943,0.0,79,0.01,0.5,True,1,native
8944,0.0,100,0.01,0.5,True,1,native
8945,1.0,43,0.01,0.5,True,1,native
8946,1.0,89,0.01,0.5,True,1,native
8947,1.0,89,0.01,0.5,True,1,native
8948,1.0,26,0.01,0.5,True,1,native
8949,0.0,8,0.01,0.5,True,1,native
8950,1.0,39,0.01,0.5,True,1,native
8951,1.0,18,0.01,0.5,True,1,native
8952,0.0,45,0.01,0.5,True,1,native
8953,1.0,11,0.01,0.5,True,1,native
8954,0.0,44,0.01,0.5,True,1,native
8955,1.0,16,0.01,0.5,True,1,native
8956,0.0,77,0.01,0.5,True,1,native
8957,1.0,55,0.01,0.5,True,1,native
8958,1.0,28,0.01,0.5,True,1,native
8959,0.0,100,0.01,0.5,True,1,native
8960,0.0,37,0.01,0.5,True,1,native
8961,0.0,100,0.01,0.5,True,1,native
8962,1.0,32,0.01,0.5,True,1,native
8963,1.0,15,0.01,0.5,True,1,native
8964,1.0,68,0.01,0.5,True,1,native
8965,0.0,28,0.01,0.5,True,1,native
8966,1.0,15,0.01,0.5,True,1,native
8967,1.0,38,0.01,0.5,True,1,native
8968,0.0,55,0.01,0.5,True,1,native
8969,1.0,16,0.01,0.5,True,1,native
8970,1.0,56,0.01,0.5,True,1,native
8971,1.0,33,0.01,0.5,True,1,native
8972,0.0,100,0.01,0.5,True,1,native
8973,1.0,37,0.01,0.5,True,1,native
8974,1.0,69,0.01,0.5,True,1,native
8975,1.0,85,0.01,0.5,True,1,native
8976,0.0,26,0.01,0.5,True,1,native
8977,1.0,36,0.01,0.5,True,1,native
8978,1.0,81,0.01,0.5,True,1,native
8979,1.0,21,0.01,0.5,True,1,native
8980,1.0,48,0.01,0.5,True,1,native
8981,1.0,36,0.01,0.5,True,1,native
8982,0.0,66,0.01,0.5,True,1,native
8983,1.0,23,0.01,0.5,True,1,native
8984,1.0,47,0.01,0.5,True,1,native
8985,1.0,26,0.01,0.5,True,1,native
8986,0.0,32,0.01,0.5,True,1,native
8987,0.0,15,0.01,0.5,True,1,native
8988,1.0,25,0.01,0.5,True,1,native
8989,1.0,26,0.01,0.5,True,1,native
8990,1.0,22,0.01,0.5,True,1,native
8991,0.0,56,0.01,0.5,True,1,native
8992,0.0,85,0.01,0.5,True,1,native
8993,1.0,33,0.01,0.5,True,1,native
8994,1.0,16,0.01,0.5,True,1,native
8995,1.0,18,0.01,0.5,True,1,native
8996,0.0,71,0.01,0.5,True,1,native
8997,1.0,24,0.01,0.5,True,1,native
8998,1.0,53,0.01,0.5,True,1,native
8999,0.0,75,0.01,0.5,True,1,native
9000,1.0,29,0.01,0.5,True,1,native
9001,0.0,100,0.01,0.5,True,1,native
9002,0.0,100,0.01,0.5,True,1,native
9003,1.0,68,0.01,0.5,True,1,native
9004,1.0,31,0.01,0.5,True,1,native
9005,1.0,12,0.01,0.5,True,1,native
9006,1.0,18,0.01,0.5,True,1,native
9007,1.0,15,0.01,0.5,True,1,native
9008,0.0,22,0.01,0.5,True,1,native
9009,1.0,41,0.01,0.5,True,1,native
9010,1.0,28,0.01,0.5,True,1,native
9011,1.0,81,0.01,0.5,True,1,native
9012,1.0,18,0.01,0.5,True,1,native
9013,1.0,37,0.01,0.5,True,1,native
9014,0.0,100,0.01,0.5,True,1,native
9015,1.0,15,0.01,0.5,True,1,native
9016,1.0,11,0.01,0.5,True,1,native
9017,0.0,100,0.01,0.5,True,1,native
9018,0.0,100,0.01,0.5,True,1,native
9019,1.0,41,0.01,0.5,True,1,native
9020,1.0,39,0.01,0.5,True,1,native
9021,0.0,100,0.01,0.5,True,1,native
9022,1.0,53,0.01,0.5,True,1,native
9023,0.0,100,0.01,0.5,True,1,native
9024,1.0,55,0.01,0.5,True,1,native
9025,1.0,49,0.01,0.5,True,1,native
9026,1.0,50,0.01,0.5,True,1,native
9027,0.0,100,0.01,0.5,True,1,native
9028,1.0,60,0.01,0.5,True,1,native
9029,1.0,42,0.01,0.5,True,1,native
9030,0.0,11,0.01,0.5,True,1,native
9031,1.0,29,0.01,0.5,True,1,native
9032,1.0,9,0.01,0.5,True,1,native
9033,1.0,23,0.01,0.5,True,1,native
9034,0.0,59,0.01,0.5,True,1,native
9035,1.0,54,0.01,0.5,True,1,native
9036,1.0,22,0.01,0.5,True,1,native
9037,1.0,10,0.01,0.5,True,1,native
9038,0.0,100,0.01,0.5,True,1,native
9039,0.0,27,0.01,0.5,True,1,native
9040,0.0,18,0.01,0.5,True,1,native
9041,1.0,27,0.01,0.5,True,1,native
9042,1.0,38,0.01,0.5,True,1,native
9043,1.0,55,0.01,0.5,True,1,native
9044,0.0,54,0.01,0.5,True,1,native
9045,0.0,60,0.01,0.5,True,1,native
9046,0.0,67,0.01,0.5,True,1,native
9047,1.0,11,0.01,0.5,True,1,native
9048,0.0,17,0.01,0.5,True,1,native
9049,0.0,13,0.01,0.5,True,1,native
9050,0.0,51,0.01,0.5,True,1,native
9051,1.0,9,0.01,0.5,True,1,native
9052,0.0,42,0.01,0.5,True,1,native
9053,0.0,11,0.01,0.5,True,1,native
9054,0.0,13,0.01,0.5,True,1,native
9055,1.0,63,0.01,0.5,True,1,native
9056,0.0,68,0.01,0.5,True,1,native
9057,1.0,83,0.01,0.5,True,1,native
9058,1.0,43,0.01,0.5,True,1,native
9059,1.0,96,0.01,0.5,True,1,native
9060,1.0,29,0.01,0.5,True,1,native
9061,1.0,69,0.01,0.5,True,1,native
9062,1.0,47,0.01,0.5,True,1,native
9063,1.0,11,0.01,0.5,True,1,native
9064,1.0,32,0.01,0.5,True,1,native
9065,0.0,100,0.01,0.5,True,1,native
9066,1.0,44,0.01,0.5,True,1,native
9067,1.0,37,0.01,0.5,True,1,native
9068,1.0,12,0.01,0.5,True,1,native
9069,1.0,39,0.01,0.5,True,1,native
9070,1.0,82,0.01,0.5,True,1,native
9071,1.0,27,0.01,0.5,True,1,native
9072,1.0,21,0.01,0.5,True,1,native
9073,1.0,11,0.01,0.5,True,1,native
9074,1.0,49,0.01,0.5,True,1,native
9075,1.0,7,0.01,0.5,True,1,native
9076,1.0,78,0.01,0.5,True,1,native
9077,1.0,53,0.01,0.5,True,1,native
9078,1.0,63,0.01,0.5,True,1,native
9079,0.0,29,0.01,0.5,True,1,native
9080,1.0,29,0.01,0.5,True,1,native
9081,1.0,17,0.01,0.5,True,1,native
9082,1.0,35,0.01,0.5,True,1,native
9083,1.0,44,0.01,0.5,True,1,native
9084,1.0,53,0.01,0.5,True,1,native
9085,1.0,72,0.01,0.5,True,1,native
9086,1.0,48,0.01,0.5,True,1,native
9087,0.0,37,0.01,0.5,True,1,native
9088,0.0,18,0.01,0.5,True,1,native
9089,1.0,14,0.01,0.5,True,1,native
9090,1.0,13,0.01,0.5,True,1,native
9091,1.0,41,0.01,0.5,True,1,native
9092,1.0,28,0.01,0.5,True,1,native
9093,1.0,17,0.01,0.5,True,1,native
9094,1.0,42,0.01,0.5,True,1,native
9095,1.0,16,0.01,0.5,True,1,native
9096,1.0,16,0.01,0.5,True,1,native
9097,1.0,70,0.01,0.5,True,1,native
9098,1.0,6,0.01,0.5,True,1,native
9099,1.0,34,0.01,0.5,True,1,native
9100,0.0,40,0.01,0.5,True,1,native
9101,1.0,22,0.01,0.5,True,1,native
9102,0.0,15,0.01,0.5,True,1,native
9103,1.0,31,0.01,0.5,True,1,native
9104,1.0,22,0.01,0.5,True,1,native
9105,1.0,63,0.01,0.5,True,1,native
9106,1.0,71,0.01,0.5,True,1,native
9107,1.0,63,0.01,0.5,True,1,native
9108,1.0,11,0.01,0.5,True,1,native
9109,0.0,37,0.01,0.5,True,1,native
9110,1.0,12,0.01,0.5,True,1,native
9111,0.0,19,0.01,0.5,True,1,native
9112,0.0,72,0.01,0.5,True,1,native
9113,0.0,13,0.01,0.5,True,1,native
9114,1.0,14,0.01,0.5,True,1,native
9115,1.0,19,0.01,0.5,True,1,native
9116,0.0,6,0.01,0.5,True,1,native
9117,0.0,11,0.01,0.5,True,1,native
9118,0.0,100,0.01,0.5,True,1,native
9119,0.0,100,0.01,0.5,True,1,native
9120,0.0,14,0.01,0.5,True,1,native
9121,1.0,31,0.01,0.5,True,1,native
9122,0.0,100,0.01,0.5,True,1,native
9123,1.0,76,0.01,0.5,True,1,native
9124,0.0,21,0.01,0.5,True,1,native
9125,1.0,50,0.01,0.5,True,1,native
9126,0.0,57,0.01,0.5,True,1,native
9127,1.0,91,0.01,0.5,True,1,native
9128,0.0,24,0.01,0.5,True,1,native
9129,0.0,48,0.01,0.5,True,1,native
9130,1.0,13,0.01,0.5,True,1,native
9131,1.0,23,0.01,0.5,True,1,native
9132,0.0,8,0.01,0.5,True,1,native
9133,1.0,47,0.01,0.5,True,1,native
9134,1.0,9,0.01,0.5,True,1,native
9135,0.0,75,0.01,0.5,True,1,native
9136,0.0,45,0.01,0.5,True,1,native
9137,0.0,100,0.01,0.5,True,1,native
9138,0.0,13,0.01,0.5,True,1,native
9139,1.0,22,0.01,0.5,True,1,native
9140,0.0,100,0.01,0.5,True,1,native
9141,0.0,2,0.01,0.5,True,1,native
9142,0.0,100,0.01,0.5,True,1,native
9143,1.0,26,0.01,0.5,True,1,native
9144,1.0,21,0.01,0.5,True,1,native
9145,1.0,37,0.01,0.5,True,1,native
9146,1.0,52,0.01,0.5,True,1,native
9147,1.0,19,0.01,0.5,True,1,native
9148,0.0,47,0.01,0.5,True,1,native
9149,0.0,100,0.01,0.5,True,1,native
9150,1.0,60,0.01,0.5,True,1,native
9151,1.0,40,0.01,0.5,True,1,native
9152,1.0,53,0.01,0.5,True,1,native
9153,1.0,17,0.01,0.5,True,1,native
9154,0.0,36,0.01,0.5,True,1,native
9155,0.0,32,0.01,0.5,True,1,native
9156,0.0,11,0.01,0.5,True,1,native
9157,1.0,8,0.01,0.5,True,1,native
9158,1.0,41,0.01,0.5,True,1,native
9159,1.0,60,0.01,0.5,True,1,native
9160,0.0,9,0.01,0.5,True,1,native
9161,0.0,79,0.01,0.5,True,1,native
9162,0.0,23,0.01,0.5,True,1,native
9163,1.0,23,0.01,0.5,True,1,native
9164,1.0,9,0.01,0.5,True,1,native
9165,1.0,52,0.01,0.5,True,1,native
9166,1.0,22,0.01,0.5,True,1,native
9167,1.0,65,0.01,0.5,True,1,native
9168,1.0,15,0.01,0.5,True,1,native
9169,1.0,30,0.01,0.5,True,1,native
9170,1.0,56,0.01,0.5,True,1,native
9171,1.0,8,0.01,0.5,True,1,native
9172,1.0,38,0.01,0.5,True,1,native
9173,1.0,11,0.01,0.5,True,1,native
9174,0.0,21,0.01,0.5,True,1,native
9175,1.0,14,0.01,0.5,True,1,native
9176,1.0,56,0.01,0.5,True,1,native
9177,1.0,47,0.01,0.5,True,1,native
9178,1.0,62,0.01,0.5,True,1,native
9179,1.0,94,0.01,0.5,True,1,native
9180,1.0,8,0.01,0.5,True,1,native
9181,1.0,17,0.01,0.5,True,1,native
9182,1.0,22,0.01,0.5,True,1,native
9183,0.0,83,0.01,0.5,True,1,native
9184,0.0,70,0.01,0.5,True,1,native
9185,1.0,25,0.01,0.5,True,1,native
9186,1.0,40,0.01,0.5,True,1,native
9187,1.0,13,0.01,0.5,True,1,native
9188,1.0,14,0.01,0.5,True,1,native
9189,1.0,22,0.01,0.5,True,1,native
9190,1.0,71,0.01,0.5,True,1,native
9191,1.0,68,0.01,0.5,True,1,native
9192,1.0,16,0.01,0.5,True,1,native
9193,1.0,35,0.01,0.5,True,1,native
9194,1.0,96,0.01,0.5,True,1,native
9195,1.0,51,0.01,0.5,True,1,native
9196,1.0,34,0.01,0.5,True,1,native
9197,1.0,8,0.01,0.5,True,1,native
9198,1.0,39,0.01,0.5,True,1,native
9199,1.0,63,0.01,0.5,True,1,native
9200,0.0,100,0.01,0.5,True,1,native
9201,1.0,45,0.01,0.5,True,1,native
9202,1.0,35,0.01,0.5,True,1,native
9203,1.0,38,0.01,0.5,True,1,native
9204,1.0,65,0.01,0.5,True,1,native
9205,1.0,48,0.01,0.5,True,1,native
9206,1.0,50,0.01,0.5,True,1,native
9207,1.0,83,0.01,0.5,True,1,native
9208,1.0,24,0.01,0.5,True,1,native
9209,1.0,84,0.01,0.5,True,1,native
9210,1.0,13,0.01,0.5,True,1,native
9211,1.0,37,0.01,0.5,True,1,native
9212,1.0,38,0.01,0.5,True,1,native
9213,1.0,19,0.01,0.5,True,1,native
9214,1.0,14,0.01,0.5,True,1,native
9215,1.0,16,0.01,0.5,True,1,native
9216,1.0,32,0.01,0.5,True,1,native
9217,1.0,32,0.01,0.5,True,1,native
9218,1.0,41,0.01,0.5,True,1,native
9219,0.0,100,0.01,0.5,True,1,native
9220,1.0,37,0.01,0.5,True,1,native
9221,1.0,67,0.01,0.5,True,1,native
9222,1.0,9,0.01,0.5,True,1,native
9223,1.0,15,0.01,0.5,True,1,native
9224,1.0,33,0.01,0.5,True,1,native
9225,1.0,92,0.01,0.5,True,1,native
9226,1.0,23,0.01,0.5,True,1,native
9227,1.0,79,0.01,0.5,True,1,native
9228,0.0,12,0.01,0.5,True,1,native
9229,1.0,73,0.01,0.5,True,1,native
9230,1.0,18,0.01,0.5,True,1,native
9231,0.0,100,0.01,0.5,True,1,native
9232,1.0,19,0.01,0.5,True,1,native
9233,0.0,100,0.01,0.5,True,1,native
9234,1.0,37,0.01,0.5,True,1,native
9235,1.0,58,0.01,0.5,True,1,native
9236,1.0,29,0.01,0.5,True,1,native
9237,1.0,23,0.01,0.5,True,1,native
9238,1.0,18,0.01,0.5,True,1,native
9239,1.0,37,0.01,0.5,True,1,native
9240,0.0,18,0.01,0.5,True,1,native
9241,0.0,100,0.01,0.5,True,1,native
9242,0.0,100,0.01,0.5,True,1,native
9243,0.0,100,0.01,0.5,True,1,native
9244,0.0,38,0.01,0.5,True,1,native
9245,1.0,37,0.01,0.5,True,1,native
9246,1.0,57,0.01,0.5,True,1,native
9247,1.0,20,0.01,0.5,True,1,native
9248,1.0,36,0.01,0.5,True,1,native
9249,1.0,17,0.01,0.5,True,1,native
9250,0.0,95,0.01,0.5,True,1,native
9251,1.0,44,0.01,0.5,True,1,native
9252,1.0,27,0.01,0.5,True,1,native
9253,1.0,47,0.01,0.5,True,1,native
9254,1.0,64,0.01,0.5,True,1,native
9255,1.0,34,0.01,0.5,True,1,native
9256,1.0,38,0.01,0.5,True,1,native
9257,1.0,21,0.01,0.5,True,1,native
9258,1.0,68,0.01,0.5,True,1,native
9259,0.0,35,0.01,0.5,True,1,native
9260,1.0,15,0.01,0.5,True,1,native
9261,1.0,23,0.01,0.5,True,1,native
9262,0.0,100,0.01,0.5,True,1,native
9263,1.0,100,0.01,0.5,True,1,native
9264,1.0,34,0.01,0.5,True,1,native
9265,1.0,9,0.01,0.5,True,1,native
9266,0.0,100,0.01,0.5,True,1,native
9267,1.0,40,0.01,0.5,True,1,native
9268,1.0,39,0.01,0.5,True,1,native
9269,1.0,48,0.01,0.5,True,1,native
9270,1.0,35,0.01,0.5,True,1,native
9271,0.0,37,0.01,0.5,True,1,native
9272,1.0,92,0.01,0.5,True,1,native
9273,1.0,22,0.01,0.5,True,1,native
9274,1.0,70,0.01,0.5,True,1,native
9275,1.0,55,0.01,0.5,True,1,native
9276,1.0,20,0.01,0.5,True,1,native
9277,1.0,93,0.01,0.5,True,1,native
9278,1.0,31,0.01,0.5,True,1,native
9279,0.0,100,0.01,0.5,True,1,native
9280,1.0,22,0.01,0.5,True,1,native
9281,0.0,15,0.01,0.5,True,1,native
9282,1.0,14,0.01,0.5,True,1,native
9283,0.0,100,0.01,0.5,True,1,native
9284,1.0,60,0.01,0.5,True,1,native
9285,1.0,26,0.01,0.5,True,1,native
9286,0.0,21,0.01,0.5,True,1,native
9287,0.0,47,0.01,0.5,True,1,native
9288,1.0,31,0.01,0.5,True,1,native
9289,1.0,18,0.01,0.5,True,1,native
9290,0.0,63,0.01,0.5,True,1,native
9291,1.0,52,0.01,0.5,True,1,native
9292,0.0,100,0.01,0.5,True,1,native
9293,0.0,54,0.01,0.5,True,1,native
9294,1.0,69,0.01,0.5,True,1,native
9295,1.0,99,0.01,0.5,True,1,native
9296,1.0,37,0.01,0.5,True,1,native
9297,0.0,100,0.01,0.5,True,1,native
9298,0.0,41,0.01,0.5,True,1,native
9299,0.0,9,0.01,0.5,True,1,native
9300,0.0,49,0.01,0.5,True,1,native
9301,0.0,8,0.01,0.5,True,1,native
9302,1.0,100,0.01,0.5,True,1,native
9303,1.0,13,0.01,0.5,True,1,native
9304,0.0,26,0.01,0.5,True,1,native
9305,1.0,33,0.01,0.5,True,1,native
9306,0.0,11,0.01,0.5,True,1,native
9307,0.0,33,0.01,0.5,True,1,native
9308,0.0,28,0.01,0.5,True,1,native
9309,1.0,47,0.01,0.5,True,1,native
9310,0.0,100,0.01,0.5,True,1,native
9311,0.0,43,0.01,0.5,True,1,native
9312,0.0,8,0.01,0.5,True,1,native
9313,0.0,7,0.01,0.5,True,1,native
9314,0.0,68,0.01,0.5,True,1,native
9315,0.0,5,0.01,0.5,True,1,native
9316,1.0,15,0.01,0.5,True,1,native
9317,1.0,69,0.01,0.5,True,1,native
9318,0.0,22,0.01,0.5,True,1,native
9319,1.0,80,0.01,0.5,True,1,native
9320,1.0,37,0.01,0.5,True,1,native
9321,0.0,100,0.01,0.5,True,1,native
9322,0.0,100,0.01,0.5,True,1,native
9323,0.0,17,0.01,0.5,True,1,native
9324,0.0,100,0.01,0.5,True,1,native
9325,0.0,67,0.01,0.5,True,1,native
9326,1.0,45,0.01,0.5,True,1,native
9327,1.0,66,0.01,0.5,True,1,native
9328,0.0,100,0.01,0.5,True,1,native
9329,0.0,19,0.01,0.5,True,1,native
9330,1.0,34,0.01,0.5,True,1,native
9331,1.0,76,0.01,0.5,True,1,native
9332,1.0,81,0.01,0.5,True,1,native
9333,1.0,42,0.01,0.5,True,1,native
9334,1.0,45,0.01,0.5,True,1,native
9335,0.0,23,0.01,0.5,True,1,native
9336,0.0,9,0.01,0.5,True,1,native
9337,1.0,11,0.01,0.5,True,1,native
9338,1.0,28,0.01,0.5,True,1,native
9339,0.0,17,0.01,0.5,True,1,native
9340,1.0,95,0.01,0.5,True,1,native
9341,0.0,20,0.01,0.5,True,1,native
9342,1.0,9,0.01,0.5,True,1,native
9343,1.0,41,0.01,0.5,True,1,native
9344,0.0,12,0.01,0.5,True,1,native
9345,0.0,35,0.01,0.5,True,1,native
9346,0.0,87,0.01,0.5,True,1,native
9347,1.0,35,0.01,0.5,True,1,native
9348,0.0,100,0.01,0.5,True,1,native
9349,0.0,10,0.01,0.5,True,1,native
9350,0.0,30,0.01,0.5,True,1,native
9351,1.0,54,0.01,0.5,True,1,native
9352,0.0,100,0.01,0.5,True,1,native
9353,0.0,16,0.01,0.5,True,1,native
9354,0.0,11,0.01,0.5,True,1,native
9355,0.0,100,0.01,0.5,True,1,native
9356,1.0,24,0.01,0.5,True,1,native
9357,0.0,69,0.01,0.5,True,1,native
9358,1.0,32,0.01,0.5,True,1,native
9359,0.0,18,0.01,0.5,True,1,native
9360,0.0,100,0.01,0.5,True,1,native
9361,1.0,50,0.01,0.5,True,1,native
9362,1.0,12,0.01,0.5,True,1,native
9363,1.0,53,0.01,0.5,True,1,native
9364,0.0,19,0.01,0.5,True,1,native
9365,1.0,80,0.01,0.5,True,1,native
9366,1.0,45,0.01,0.5,True,1,native
9367,0.0,34,0.01,0.5,True,1,native
9368,1.0,27,0.01,0.5,True,1,native
9369,1.0,35,0.01,0.5,True,1,native
9370,1.0,43,0.01,0.5,True,1,native
9371,0.0,22,0.01,0.5,True,1,native
9372,1.0,45,0.01,0.5,True,1,native
9373,1.0,45,0.01,0.5,True,1,native
9374,0.0,100,0.01,0.5,True,1,native
9375,1.0,32,0.01,0.5,True,1,native
9376,1.0,31,0.01,0.5,True,1,native
9377,0.0,40,0.01,0.5,True,1,native
9378,0.0,22,0.01,0.5,True,1,native
9379,1.0,50,0.01,0.5,True,1,native
9380,0.0,2,0.01,0.5,True,1,native
9381,1.0,34,0.01,0.5,True,1,native
9382,1.0,9,0.01,0.5,True,1,native
9383,1.0,91,0.01,0.5,True,1,native
9384,1.0,75,0.01,0.5,True,1,native
9385,1.0,34,0.01,0.5,True,1,native
9386,0.0,100,0.01,0.5,True,1,native
9387,0.0,9,0.01,0.5,True,1,native
9388,1.0,32,0.01,0.5,True,1,native
9389,1.0,19,0.01,0.5,True,1,native
9390,1.0,49,0.01,0.5,True,1,native
9391,1.0,69,0.01,0.5,True,1,native
9392,0.0,64,0.01,0.5,True,1,native
9393,1.0,56,0.01,0.5,True,1,native
9394,1.0,46,0.01,0.5,True,1,native
9395,0.0,9,0.01,0.5,True,1,native
9396,1.0,12,0.01,0.5,True,1,native
9397,0.0,11,0.01,0.5,True,1,native
9398,0.0,100,0.01,0.5,True,1,native
9399,1.0,38,0.01,0.5,True,1,native
9400,1.0,35,0.01,0.5,True,1,native
9401,1.0,24,0.01,0.5,True,1,native
9402,1.0,26,0.01,0.5,True,1,native
9403,1.0,14,0.01,0.5,True,1,native
9404,1.0,13,0.01,0.5,True,1,native
9405,1.0,29,0.01,0.5,True,1,native
9406,1.0,68,0.01,0.5,True,1,native
9407,1.0,29,0.01,0.5,True,1,native
9408,1.0,24,0.01,0.5,True,1,native
9409,1.0,47,0.01,0.5,True,1,native
9410,0.0,15,0.01,0.5,True,1,native
9411,1.0,23,0.01,0.5,True,1,native
9412,0.0,60,0.01,0.5,True,1,native
9413,1.0,22,0.01,0.5,True,1,native
9414,0.0,22,0.01,0.5,True,1,native
9415,1.0,55,0.01,0.5,True,1,native
9416,1.0,44,0.01,0.5,True,1,native
9417,1.0,31,0.01,0.5,True,1,native
9418,1.0,16,0.01,0.5,True,1,native
9419,0.0,26,0.01,0.5,True,1,native
9420,1.0,45,0.01,0.5,True,1,native
9421,1.0,24,0.01,0.5,True,1,native
9422,1.0,11,0.01,0.5,True,1,native
9423,0.0,19,0.01,0.5,True,1,native
9424,1.0,84,0.01,0.5,True,1,native
9425,1.0,30,0.01,0.5,True,1,native
9426,1.0,9,0.01,0.5,True,1,native
9427,1.0,88,0.01,0.5,True,1,native
9428,1.0,35,0.01,0.5,True,1,native
9429,1.0,35,0.01,0.5,True,1,native
9430,1.0,43,0.01,0.5,True,1,native
9431,1.0,65,0.01,0.5,True,1,native
9432,1.0,12,0.01,0.5,True,1,native
9433,1.0,27,0.01,0.5,True,1,native
9434,1.0,23,0.01,0.5,True,1,native
9435,1.0,63,0.01,0.5,True,1,native
9436,1.0,47,0.01,0.5,True,1,native
9437,0.0,6,0.01,0.5,True,1,native
9438,1.0,79,0.01,0.5,True,1,native
9439,0.0,15,0.01,0.5,True,1,native
9440,1.0,56,0.01,0.5,True,1,native
9441,0.0,5,0.01,0.5,True,1,native
9442,0.0,27,0.01,0.5,True,1,native
9443,0.0,84,0.01,0.5,True,1,native
9444,0.0,64,0.01,0.5,True,1,native
9445,1.0,60,0.01,0.5,True,1,native
9446,1.0,67,0.01,0.5,True,1,native
9447,1.0,32,0.01,0.5,True,1,native
9448,0.0,65,0.01,0.5,True,1,native
9449,1.0,26,0.01,0.5,True,1,native
9450,1.0,17,0.01,0.5,True,1,native
9451,0.0,21,0.01,0.5,True,1,native
9452,1.0,71,0.01,0.5,True,1,native
9453,1.0,47,0.01,0.5,True,1,native
9454,0.0,13,0.01,0.5,True,1,native
9455,1.0,48,0.01,0.5,True,1,native
9456,1.0,18,0.01,0.5,True,1,native
9457,1.0,48,0.01,0.5,True,1,native
9458,1.0,56,0.01,0.5,True,1,native
9459,1.0,48,0.01,0.5,True,1,native
9460,1.0,17,0.01,0.5,True,1,native
9461,1.0,16,0.01,0.5,True,1,native
9462,0.0,100,0.01,0.5,True,1,native
9463,1.0,17,0.01,0.5,True,1,native
9464,1.0,33,0.01,0.5,True,1,native
9465,0.0,100,0.01,0.5,True,1,native
9466,0.0,100,0.01,0.5,True,1,native
9467,0.0,59,0.01,0.5,True,1,native
9468,1.0,60,0.01,0.5,True,1,native
9469,1.0,9,0.01,0.5,True,1,native
9470,1.0,20,0.01,0.5,True,1,native
9471,1.0,13,0.01,0.5,True,1,native
9472,1.0,62,0.01,0.5,True,1,native
9473,1.0,33,0.01,0.5,True,1,native
9474,1.0,44,0.01,0.5,True,1,native
9475,1.0,18,0.01,0.5,True,1,native
9476,1.0,25,0.01,0.5,True,1,native
9477,0.0,23,0.01,0.5,True,1,native
9478,1.0,35,0.01,0.5,True,1,native
9479,1.0,11,0.01,0.5,True,1,native
9480,0.0,100,0.01,0.5,True,1,native
9481,0.0,100,0.01,0.5,True,1,native
9482,1.0,15,0.01,0.5,True,1,native
9483,1.0,20,0.01,0.5,True,1,native
9484,0.0,100,0.01,0.5,True,1,native
9485,1.0,19,0.01,0.5,True,1,native
9486,0.0,68,0.01,0.5,True,1,native
9487,0.0,25,0.01,0.5,True,1,native
9488,1.0,16,0.01,0.5,True,1,native
9489,1.0,14,0.01,0.5,True,1,native
9490,0.0,24,0.01,0.5,True,1,native
9491,1.0,79,0.01,0.5,True,1,native
9492,1.0,24,0.01,0.5,True,1,native
9493,1.0,58,0.01,0.5,True,1,native
9494,1.0,11,0.01,0.5,True,1,native
9495,1.0,48,0.01,0.5,True,1,native
9496,1.0,43,0.01,0.5,True,1,native
9497,1.0,79,0.01,0.5,True,1,native
9498,0.0,77,0.01,0.5,True,1,native
9499,0.0,13,0.01,0.5,True,1,native
9500,1.0,42,0.01,0.5,True,1,native
9501,0.0,26,0.01,0.5,True,1,native
9502,0.0,100,0.01,0.5,True,1,native
9503,0.0,100,0.01,0.5,True,1,native
9504,1.0,19,0.01,0.5,True,1,native
9505,0.0,35,0.01,0.5,True,1,native
9506,1.0,17,0.01,0.5,True,1,native
9507,0.0,26,0.01,0.5,True,1,native
9508,1.0,17,0.01,0.5,True,1,native
9509,0.0,100,0.01,0.5,True,1,native
9510,0.0,24,0.01,0.5,True,1,native
9511,1.0,13,0.01,0.5,True,1,native
9512,1.0,55,0.01,0.5,True,1,native
9513,1.0,68,0.01,0.5,True,1,native
9514,0.0,100,0.01,0.5,True,1,native
9515,0.0,34,0.01,0.5,True,1,native
9516,1.0,6,0.01,0.5,True,1,native
9517,1.0,14,0.01,0.5,True,1,native
9518,0.0,27,0.01,0.5,True,1,native
9519,0.0,31,0.01,0.5,True,1,native
9520,1.0,21,0.01,0.5,True,1,native
9521,1.0,58,0.01,0.5,True,1,native
9522,1.0,18,0.01,0.5,True,1,native
9523,0.0,2,0.01,0.5,True,1,native
9524,0.0,100,0.01,0.5,True,1,native
9525,1.0,67,0.01,0.5,True,1,native
9526,1.0,72,0.01,0.5,True,1,native
9527,0.0,23,0.01,0.5,True,1,native
9528,1.0,15,0.01,0.5,True,1,native
9529,1.0,76,0.01,0.5,True,1,native
9530,0.0,100,0.01,0.5,True,1,native
9531,1.0,22,0.01,0.5,True,1,native
9532,1.0,27,0.01,0.5,True,1,native
9533,0.0,21,0.01,0.5,True,1,native
9534,1.0,61,0.01,0.5,True,1,native
9535,1.0,72,0.01,0.5,True,1,native
9536,1.0,18,0.01,0.5,True,1,native
9537,0.0,66,0.01,0.5,True,1,native
9538,1.0,13,0.01,0.5,True,1,native
9539,1.0,30,0.01,0.5,True,1,native
9540,1.0,42,0.01,0.5,True,1,native
9541,1.0,72,0.01,0.5,True,1,native
9542,1.0,69,0.01,0.5,True,1,native
9543,1.0,7,0.01,0.5,True,1,native
9544,1.0,36,0.01,0.5,True,1,native
9545,0.0,100,0.01,0.5,True,1,native
9546,0.0,45,0.01,0.5,True,1,native
9547,0.0,62,0.01,0.5,True,1,native
9548,0.0,39,0.01,0.5,True,1,native
9549,1.0,37,0.01,0.5,True,1,native
9550,0.0,52,0.01,0.5,True,1,native
9551,1.0,51,0.01,0.5,True,1,native
9552,0.0,49,0.01,0.5,True,1,native
9553,0.0,45,0.01,0.5,True,1,native
9554,0.0,16,0.01,0.5,True,1,native
9555,0.0,19,0.01,0.5,True,1,native
9556,0.0,100,0.01,0.5,True,1,native
9557,0.0,14,0.01,0.5,True,1,native
9558,1.0,10,0.01,0.5,True,1,native
9559,1.0,28,0.01,0.5,True,1,native
9560,0.0,100,0.01,0.5,True,1,native
9561,1.0,21,0.01,0.5,True,1,native
9562,0.0,100,0.01,0.5,True,1,native
9563,0.0,100,0.01,0.5,True,1,native
9564,0.0,28,0.01,0.5,True,1,native
9565,1.0,27,0.01,0.5,True,1,native
9566,1.0,14,0.01,0.5,True,1,native
9567,1.0,7,0.01,0.5,True,1,native
9568,1.0,71,0.01,0.5,True,1,native
9569,1.0,13,0.01,0.5,True,1,native
9570,1.0,32,0.01,0.5,True,1,native
9571,1.0,80,0.01,0.5,True,1,native
9572,0.0,39,0.01,0.5,True,1,native
9573,1.0,85,0.01,0.5,True,1,native
9574,0.0,44,0.01,0.5,True,1,native
9575,0.0,48,0.01,0.5,True,1,native
9576,1.0,35,0.01,0.5,True,1,native
9577,1.0,16,0.01,0.5,True,1,native
9578,1.0,25,0.01,0.5,True,1,native
9579,0.0,99,0.01,0.5,True,1,native
9580,1.0,10,0.01,0.5,True,1,native
9581,0.0,43,0.01,0.5,True,1,native
9582,0.0,20,0.01,0.5,True,1,native
9583,1.0,39,0.01,0.5,True,1,native
9584,1.0,89,0.01,0.5,True,1,native
9585,1.0,42,0.01,0.5,True,1,native
9586,1.0,36,0.01,0.5,True,1,native
9587,1.0,74,0.01,0.5,True,1,native
9588,0.0,100,0.01,0.5,True,1,native
9589,1.0,23,0.01,0.5,True,1,native
9590,0.0,15,0.01,0.5,True,1,native
9591,0.0,35,0.01,0.5,True,1,native
9592,1.0,35,0.01,0.5,True,1,native
9593,0.0,100,0.01,0.5,True,1,native
9594,1.0,50,0.01,0.5,True,1,native
9595,0.0,17,0.01,0.5,True,1,native
9596,1.0,11,0.01,0.5,True,1,native
9597,1.0,21,0.01,0.5,True,1,native
9598,0.0,100,0.01,0.5,True,1,native
9599,1.0,28,0.01,0.5,True,1,native
9600,1.0,51,0.01,0.5,True,1,native
9601,1.0,78,0.01,0.5,True,1,native
9602,1.0,22,0.01,0.5,True,1,native
9603,1.0,34,0.01,0.5,True,1,native
9604,1.0,24,0.01,0.5,True,1,native
9605,0.0,100,0.01,0.5,True,1,native
9606,1.0,35,0.01,0.5,True,1,native
9607,1.0,26,0.01,0.5,True,1,native
9608,1.0,60,0.01,0.5,True,1,native
9609,1.0,8,0.01,0.5,True,1,native
9610,1.0,30,0.01,0.5,True,1,native
9611,0.0,37,0.01,0.5,True,1,native
9612,1.0,26,0.01,0.5,True,1,native
9613,0.0,24,0.01,0.5,True,1,native
9614,0.0,100,0.01,0.5,True,1,native
9615,1.0,21,0.01,0.5,True,1,native
9616,0.0,8,0.01,0.5,True,1,native
9617,1.0,13,0.01,0.5,True,1,native
9618,1.0,62,0.01,0.5,True,1,native
9619,0.0,39,0.01,0.5,True,1,native
9620,1.0,15,0.01,0.5,True,1,native
9621,1.0,26,0.01,0.5,True,1,native
9622,1.0,68,0.01,0.5,True,1,native
9623,0.0,33,0.01,0.5,True,1,native
9624,1.0,24,0.01,0.5,True,1,native
9625,0.0,89,0.01,0.5,True,1,native
9626,0.0,14,0.01,0.5,True,1,native
9627,1.0,32,0.01,0.5,True,1,native
9628,1.0,30,0.01,0.5,True,1,native
9629,0.0,100,0.01,0.5,True,1,native
9630,1.0,30,0.01,0.5,True,1,native
9631,0.0,12,0.01,0.5,True,1,native
9632,0.0,100,0.01,0.5,True,1,native
9633,1.0,27,0.01,0.5,True,1,native
9634,1.0,20,0.01,0.5,True,1,native
9635,0.0,68,0.01,0.5,True,1,native
9636,0.0,4,0.01,0.5,True,1,native
9637,1.0,9,0.01,0.5,True,1,native
9638,1.0,80,0.01,0.5,True,1,native
9639,1.0,31,0.01,0.5,True,1,native
9640,0.0,16,0.01,0.5,True,1,native
9641,0.0,27,0.01,0.5,True,1,native
9642,1.0,14,0.01,0.5,True,1,native
9643,0.0,22,0.01,0.5,True,1,native
9644,0.0,19,0.01,0.5,True,1,native
9645,1.0,36,0.01,0.5,True,1,native
9646,1.0,9,0.01,0.5,True,1,native
9647,0.0,43,0.01,0.5,True,1,native
9648,0.0,17,0.01,0.5,True,1,native
9649,1.0,36,0.01,0.5,True,1,native
9650,1.0,36,0.01,0.5,True,1,native
9651,0.0,100,0.01,0.5,True,1,native
9652,0.0,11,0.01,0.5,True,1,native
9653,1.0,23,0.01,0.5,True,1,native
9654,1.0,62,0.01,0.5,True,1,native
9655,1.0,23,0.01,0.5,True,1,native
9656,1.0,12,0.01,0.5,True,1,native
9657,1.0,55,0.01,0.5,True,1,native
9658,0.0,29,0.01,0.5,True,1,native
9659,1.0,15,0.01,0.5,True,1,native
9660,1.0,31,0.01,0.5,True,1,native
9661,1.0,6,0.01,0.5,True,1,native
9662,0.0,46,0.01,0.5,True,1,native
9663,1.0,25,0.01,0.5,True,1,native
9664,1.0,56,0.01,0.5,True,1,native
9665,0.0,79,0.01,0.5,True,1,native
9666,1.0,19,0.01,0.5,True,1,native
9667,0.0,23,0.01,0.5,True,1,native
9668,1.0,74,0.01,0.5,True,1,native
9669,0.0,17,0.01,0.5,True,1,native
9670,0.0,22,0.01,0.5,True,1,native
9671,0.0,38,0.01,0.5,True,1,native
9672,1.0,10,0.01,0.5,True,1,native
9673,1.0,19,0.01,0.5,True,1,native
9674,1.0,29,0.01,0.5,True,1,native
9675,0.0,14,0.01,0.5,True,1,native
9676,0.0,40,0.01,0.5,True,1,native
9677,1.0,29,0.01,0.5,True,1,native
9678,0.0,100,0.01,0.5,True,1,native
9679,1.0,14,0.01,0.5,True,1,native
9680,1.0,12,0.01,0.5,True,1,native
9681,1.0,71,0.01,0.5,True,1,native
9682,1.0,38,0.01,0.5,True,1,native
9683,1.0,67,0.01,0.5,True,1,native
9684,0.0,18,0.01,0.5,True,1,native
9685,1.0,31,0.01,0.5,True,1,native
9686,0.0,100,0.01,0.5,True,1,native
9687,0.0,100,0.01,0.5,True,1,native
9688,0.0,8,0.01,0.5,True,1,native
9689,0.0,100,0.01,0.5,True,1,native
9690,0.0,100,0.01,0.5,True,1,native
9691,1.0,76,0.01,0.5,True,1,native
9692,1.0,15,0.01,0.5,True,1,native
9693,0.0,23,0.01,0.5,True,1,native
9694,0.0,100,0.01,0.5,True,1,native
9695,1.0,19,0.01,0.5,True,1,native
9696,0.0,40,0.01,0.5,True,1,native
9697,0.0,13,0.01,0.5,True,1,native
9698,0.0,83,0.01,0.5,True,1,native
9699,0.0,100,0.01,0.5,True,1,native
9700,1.0,62,0.01,0.5,True,1,native
9701,0.0,44,0.01,0.5,True,1,native
9702,0.0,100,0.01,0.5,True,1,native
9703,1.0,21,0.01,0.5,True,1,native
9704,0.0,78,0.01,0.5,True,1,native
9705,0.0,90,0.01,0.5,True,1,native
9706,0.0,16,0.01,0.5,True,1,native
9707,1.0,61,0.01,0.5,True,1,native
9708,1.0,43,0.01,0.5,True,1,native
9709,1.0,7,0.01,0.5,True,1,native
9710,0.0,45,0.01,0.5,True,1,native
9711,1.0,45,0.01,0.5,True,1,native
9712,1.0,49,0.01,0.5,True,1,native
9713,1.0,47,0.01,0.5,True,1,native
9714,1.0,12,0.01,0.5,True,1,native
9715,1.0,9,0.01,0.5,True,1,native
9716,0.0,29,0.01,0.5,True,1,native
9717,1.0,7,0.01,0.5,True,1,native
9718,1.0,11,0.01,0.5,True,1,native
9719,1.0,11,0.01,0.5,True,1,native
9720,0.0,76,0.01,0.5,True,1,native
9721,1.0,20,0.01,0.5,True,1,native
9722,1.0,45,0.01,0.5,True,1,native
9723,1.0,23,0.01,0.5,True,1,native
9724,1.0,16,0.01,0.5,True,1,native
9725,1.0,31,0.01,0.5,True,1,native
9726,0.0,100,0.01,0.5,True,1,native
9727,0.0,100,0.01,0.5,True,1,native
9728,0.0,37,0.01,0.5,True,1,native
9729,0.0,100,0.01,0.5,True,1,native
9730,0.0,100,0.01,0.5,True,1,native
9731,1.0,18,0.01,0.5,True,1,native
9732,1.0,82,0.01,0.5,True,1,native
9733,1.0,13,0.01,0.5,True,1,native
9734,0.0,96,0.01,0.5,True,1,native
9735,1.0,65,0.01,0.5,True,1,native
9736,1.0,82,0.01,0.5,True,1,native
9737,1.0,37,0.01,0.5,True,1,native
9738,1.0,90,0.01,0.5,True,1,native
9739,0.0,96,0.01,0.5,True,1,native
9740,1.0,35,0.01,0.5,True,1,native
9741,0.0,47,0.01,0.5,True,1,native
9742,1.0,75,0.01,0.5,True,1,native
9743,1.0,67,0.01,0.5,True,1,native
9744,1.0,6,0.01,0.5,True,1,native
9745,1.0,35,0.01,0.5,True,1,native
9746,1.0,13,0.01,0.5,True,1,native
9747,1.0,13,0.01,0.5,True,1,native
9748,0.0,88,0.01,0.5,True,1,native
9749,1.0,14,0.01,0.5,True,1,native
9750,1.0,38,0.01,0.5,True,1,native
9751,1.0,49,0.01,0.5,True,1,native
9752,1.0,11,0.01,0.5,True,1,native
9753,1.0,31,0.01,0.5,True,1,native
9754,0.0,100,0.01,0.5,True,1,native
9755,0.0,100,0.01,0.5,True,1,native
9756,1.0,16,0.01,0.5,True,1,native
9757,1.0,35,0.01,0.5,True,1,native
9758,1.0,50,0.01,0.5,True,1,native
9759,1.0,57,0.01,0.5,True,1,native
9760,1.0,95,0.01,0.5,True,1,native
9761,1.0,57,0.01,0.5,True,1,native
9762,0.0,10,0.01,0.5,True,1,native
9763,1.0,63,0.01,0.5,True,1,native
9764,1.0,33,0.01,0.5,True,1,native
9765,1.0,31,0.01,0.5,True,1,native
9766,1.0,54,0.01,0.5,True,1,native
9767,1.0,12,0.01,0.5,True,1,native
9768,0.0,100,0.01,0.5,True,1,native
9769,1.0,37,0.01,0.5,True,1,native
9770,0.0,33,0.01,0.5,True,1,native
9771,0.0,19,0.01,0.5,True,1,native
9772,1.0,8,0.01,0.5,True,1,native
9773,0.0,9,0.01,0.5,True,1,native
9774,0.0,6,0.01,0.5,True,1,native
9775,1.0,56,0.01,0.5,True,1,native
9776,0.0,45,0.01,0.5,True,1,native
9777,1.0,45,0.01,0.5,True,1,native
9778,1.0,35,0.01,0.5,True,1,native
9779,1.0,27,0.01,0.5,True,1,native
9780,0.0,24,0.01,0.5,True,1,native
9781,0.0,100,0.01,0.5,True,1,native
9782,1.0,61,0.01,0.5,True,1,native
9783,0.0,43,0.01,0.5,True,1,native
9784,1.0,22,0.01,0.5,True,1,native
9785,1.0,54,0.01,0.5,True,1,native
9786,1.0,24,0.01,0.5,True,1,native
9787,1.0,100,0.01,0.5,True,1,native
9788,1.0,17,0.01,0.5,True,1,native
9789,1.0,62,0.01,0.5,True,1,native
9790,1.0,7,0.01,0.5,True,1,native
9791,0.0,9,0.01,0.5,True,1,native
9792,1.0,17,0.01,0.5,True,1,native
9793,0.0,23,0.01,0.5,True,1,native
9794,0.0,100,0.01,0.5,True,1,native
9795,1.0,47,0.01,0.5,True,1,native
9796,1.0,21,0.01,0.5,True,1,native
9797,0.0,54,0.01,0.5,True,1,native
9798,1.0,31,0.01,0.5,True,1,native
9799,1.0,31,0.01,0.5,True,1,native
9800,0.0,48,0.01,0.5,True,1,native
9801,0.0,29,0.01,0.5,True,1,native
9802,0.0,100,0.01,0.5,True,1,native
9803,1.0,31,0.01,0.5,True,1,native
9804,0.0,51,0.01,0.5,True,1,native
9805,1.0,50,0.01,0.5,True,1,native
9806,0.0,34,0.01,0.5,True,1,native
9807,1.0,97,0.01,0.5,True,1,native
9808,1.0,40,0.01,0.5,True,1,native
9809,1.0,26,0.01,0.5,True,1,native
9810,1.0,65,0.01,0.5,True,1,native
9811,0.0,76,0.01,0.5,True,1,native
9812,0.0,19,0.01,0.5,True,1,native
9813,0.0,15,0.01,0.5,True,1,native
9814,1.0,27,0.01,0.5,True,1,native
9815,1.0,55,0.01,0.5,True,1,native
9816,1.0,23,0.01,0.5,True,1,native
9817,1.0,53,0.01,0.5,True,1,native
9818,1.0,31,0.01,0.5,True,1,native
9819,0.0,11,0.01,0.5,True,1,native
9820,1.0,29,0.01,0.5,True,1,native
9821,1.0,16,0.01,0.5,True,1,native
9822,1.0,41,0.01,0.5,True,1,native
9823,0.0,14,0.01,0.5,True,1,native
9824,1.0,68,0.01,0.5,True,1,native
9825,1.0,16,0.01,0.5,True,1,native
9826,1.0,69,0.01,0.5,True,1,native
9827,1.0,42,0.01,0.5,True,1,native
9828,1.0,29,0.01,0.5,True,1,native
9829,1.0,42,0.01,0.5,True,1,native
9830,0.0,12,0.01,0.5,True,1,native
9831,0.0,47,0.01,0.5,True,1,native
9832,0.0,26,0.01,0.5,True,1,native
9833,1.0,8,0.01,0.5,True,1,native
9834,0.0,8,0.01,0.5,True,1,native
9835,1.0,14,0.01,0.5,True,1,native
9836,1.0,12,0.01,0.5,True,1,native
9837,1.0,17,0.01,0.5,True,1,native
9838,0.0,29,0.01,0.5,True,1,native
9839,1.0,15,0.01,0.5,True,1,native
9840,1.0,85,0.01,0.5,True,1,native
9841,1.0,73,0.01,0.5,True,1,native
9842,1.0,27,0.01,0.5,True,1,native
9843,0.0,100,0.01,0.5,True,1,native
9844,1.0,25,0.01,0.5,True,1,native
9845,0.0,17,0.01,0.5,True,1,native
9846,1.0,19,0.01,0.5,True,1,native
9847,1.0,49,0.01,0.5,True,1,native
9848,0.0,45,0.01,0.5,True,1,native
9849,0.0,69,0.01,0.5,True,1,native
9850,0.0,84,0.01,0.5,True,1,native
9851,1.0,21,0.01,0.5,True,1,native
9852,0.0,25,0.01,0.5,True,1,native
9853,0.0,10,0.01,0.5,True,1,native
9854,1.0,47,0.01,0.5,True,1,native
9855,1.0,55,0.01,0.5,True,1,native
9856,0.0,96,0.01,0.5,True,1,native
9857,1.0,46,0.01,0.5,True,1,native
9858,1.0,90,0.01,0.5,True,1,native
9859,1.0,59,0.01,0.5,True,1,native
9860,1.0,34,0.01,0.5,True,1,native
9861,0.0,57,0.01,0.5,True,1,native
9862,1.0,17,0.01,0.5,True,1,native
9863,0.0,13,0.01,0.5,True,1,native
9864,0.0,100,0.01,0.5,True,1,native
9865,1.0,97,0.01,0.5,True,1,native
9866,1.0,38,0.01,0.5,True,1,native
9867,0.0,100,0.01,0.5,True,1,native
9868,0.0,100,0.01,0.5,True,1,native
9869,0.0,100,0.01,0.5,True,1,native
9870,1.0,77,0.01,0.5,True,1,native
9871,0.0,16,0.01,0.5,True,1,native
9872,0.0,6,0.01,0.5,True,1,native
9873,1.0,58,0.01,0.5,True,1,native
9874,1.0,43,0.01,0.5,True,1,native
9875,1.0,25,0.01,0.5,True,1,native
9876,1.0,13,0.01,0.5,True,1,native
9877,1.0,30,0.01,0.5,True,1,native
9878,1.0,12,0.01,0.5,True,1,native
9879,1.0,17,0.01,0.5,True,1,native
9880,0.0,82,0.01,0.5,True,1,native
9881,0.0,100,0.01,0.5,True,1,native
9882,0.0,37,0.01,0.5,True,1,native
9883,1.0,11,0.01,0.5,True,1,native
9884,1.0,24,0.01,0.5,True,1,native
9885,1.0,36,0.01,0.5,True,1,native
9886,0.0,22,0.01,0.5,True,1,native
9887,1.0,17,0.01,0.5,True,1,native
9888,1.0,9,0.01,0.5,True,1,native
9889,1.0,72,0.01,0.5,True,1,native
9890,1.0,30,0.01,0.5,True,1,native
9891,0.0,100,0.01,0.5,True,1,native
9892,1.0,28,0.01,0.5,True,1,native
9893,0.0,57,0.01,0.5,True,1,native
9894,1.0,18,0.01,0.5,True,1,native
9895,1.0,44,0.01,0.5,True,1,native
9896,1.0,8,0.01,0.5,True,1,native
9897,1.0,94,0.01,0.5,True,1,native
9898,1.0,89,0.01,0.5,True,1,native
9899,0.0,82,0.01,0.5,True,1,native
9900,1.0,27,0.01,0.5,True,1,native
9901,0.0,20,0.01,0.5,True,1,native
9902,0.0,100,0.01,0.5,True,1,native
9903,1.0,32,0.01,0.5,True,1,native
9904,0.0,34,0.01,0.5,True,1,native
9905,0.0,28,0.01,0.5,True,1,native
9906,1.0,47,0.01,0.5,True,1,native
9907,1.0,56,0.01,0.5,True,1,native
9908,0.0,79,0.01,0.5,True,1,native
9909,1.0,73,0.01,0.5,True,1,native
9910,1.0,24,0.01,0.5,True,1,native
9911,1.0,18,0.01,0.5,True,1,native
9912,0.0,100,0.01,0.5,True,1,native
9913,0.0,100,0.01,0.5,True,1,native
9914,1.0,10,0.01,0.5,True,1,native
9915,1.0,17,0.01,0.5,True,1,native
9916,1.0,85,0.01,0.5,True,1,native
9917,0.0,100,0.01,0.5,True,1,native
9918,1.0,14,0.01,0.5,True,1,native
9919,0.0,100,0.01,0.5,True,1,native
9920,1.0,24,0.01,0.5,True,1,native
9921,1.0,26,0.01,0.5,True,1,native
9922,1.0,41,0.01,0.5,True,1,native
9923,1.0,77,0.01,0.5,True,1,native
9924,1.0,11,0.01,0.5,True,1,native
9925,1.0,33,0.01,0.5,True,1,native
9926,1.0,43,0.01,0.5,True,1,native
9927,0.0,78,0.01,0.5,True,1,native
9928,1.0,29,0.01,0.5,True,1,native
9929,1.0,21,0.01,0.5,True,1,native
9930,1.0,43,0.01,0.5,True,1,native
9931,1.0,88,0.01,0.5,True,1,native
9932,0.0,100,0.01,0.5,True,1,native
9933,1.0,43,0.01,0.5,True,1,native
9934,1.0,23,0.01,0.5,True,1,native
9935,0.0,100,0.01,0.5,True,1,native
9936,1.0,23,0.01,0.5,True,1,native
9937,1.0,37,0.01,0.5,True,1,native
9938,1.0,24,0.01,0.5,True,1,native
9939,1.0,60,0.01,0.5,True,1,native
9940,1.0,22,0.01,0.5,True,1,native
9941,1.0,86,0.01,0.5,True,1,native
9942,1.0,39,0.01,0.5,True,1,native
9943,0.0,20,0.01,0.5,True,1,native
9944,0.0,58,0.01,0.5,True,1,native
9945,0.0,100,0.01,0.5,True,1,native
9946,1.0,18,0.01,0.5,True,1,native
9947,1.0,80,0.01,0.5,True,1,native
9948,1.0,26,0.01,0.5,True,1,native
9949,0.0,85,0.01,0.5,True,1,native
9950,0.0,85,0.01,0.5,True,1,native
9951,1.0,8,0.01,0.5,True,1,native
9952,0.0,100,0.01,0.5,True,1,native
9953,1.0,67,0.01,0.5,True,1,native
9954,1.0,48,0.01,0.5,True,1,native
9955,1.0,69,0.01,0.5,True,1,native
9956,0.0,14,0.01,0.5,True,1,native
9957,1.0,26,0.01,0.5,True,1,native
9958,1.0,52,0.01,0.5,True,1,native
9959,1.0,16,0.01,0.5,True,1,native
9960,1.0,23,0.01,0.5,True,1,native
9961,1.0,13,0.01,0.5,True,1,native
9962,0.0,100,0.01,0.5,True,1,native
9963,1.0,18,0.01,0.5,True,1,native
9964,0.0,100,0.01,0.5,True,1,native
9965,1.0,52,0.01,0.5,True,1,native
9966,1.0,55,0.01,0.5,True,1,native
9967,0.0,52,0.01,0.5,True,1,native
9968,1.0,16,0.01,0.5,True,1,native
9969,1.0,22,0.01,0.5,True,1,native
9970,0.0,66,0.01,0.5,True,1,native
9971,0.0,21,0.01,0.5,True,1,native
9972,0.0,23,0.01,0.5,True,1,native
9973,1.0,21,0.01,0.5,True,1,native
9974,0.0,15,0.01,0.5,True,1,native
9975,0.0,48,0.01,0.5,True,1,native
9976,1.0,81,0.01,0.5,True,1,native
9977,1.0,46,0.01,0.5,True,1,native
9978,1.0,70,0.01,0.5,True,1,native
9979,0.0,22,0.01,0.5,True,1,native
9980,0.0,100,0.01,0.5,True,1,native
9981,1.0,64,0.01,0.5,True,1,native
9982,1.0,18,0.01,0.5,True,1,native
9983,0.0,100,0.01,0.5,True,1,native
9984,1.0,99,0.01,0.5,True,1,native
9985,0.0,100,0.01,0.5,True,1,native
9986,1.0,47,0.01,0.5,True,1,native
9987,1.0,35,0.01,0.5,True,1,native
9988,1.0,38,0.01,0.5,True,1,native
9989,0.0,29,0.01,0.5,True,1,native
9990,1.0,91,0.01,0.5,True,1,native
9991,1.0,86,0.01,0.5,True,1,native
9992,0.0,100,0.01,0.5,True,1,native
9993,1.0,26,0.01,0.5,True,1,native
9994,1.0,7,0.01,0.5,True,1,native
9995,1.0,18,0.01,0.5,True,1,native
9996,0.0,63,0.01,0.5,True,1,native
9997,1.0,55,0.01,0.5,True,1,native
9998,0.0,100,0.01,0.5,True,1,native
9999,1.0,41,0.01,0.5,True,1,native
10000,0.0,54,0.01,0.5,True,1,native
